[{
  "_id": {
    "$oid": "656d4c80a5ce939e3d699c15"
  },
  "ID": 1,
  "Title": "Bohemian Rhapsody",
  "Duration": "05:55:00",
  "Artist_ID": 50
},
{
  "_id": {
    "$oid": "656d4c80a5ce939e3d699c16"
  },
  "ID": 2,
  "Title": "Imagine",
  "Duration": "03:03:00",
  "Artist_ID": 48
},
{
  "_id": {
    "$oid": "656d4c80a5ce939e3d699c17"
  },
  "ID": 3,
  "Title": "Like a Rolling Stone",
  "Duration": "06:13:00",
  "Artist_ID": 41
},
{
  "_id": {
    "$oid": "656d4c80a5ce939e3d699c18"
  },
  "ID": 4,
  "Title": "Hey Jude",
  "Duration": "07:11:00",
  "Artist_ID": 12
},
{
  "_id": {
    "$oid": "656d4c80a5ce939e3d699c19"
  },
  "ID": 5,
  "Title": "What's Going On",
  "Duration": "03:52:00",
  "Artist_ID": 38
},
{
  "_id": {
    "$oid": "656d4c80a5ce939e3d699c1a"
  },
  "ID": 6,
  "Title": "Billie Jean",
  "Duration": "04:54:00",
  "Artist_ID": 50
},
{
  "_id": {
    "$oid": "656d4c80a5ce939e3d699c1b"
  },
  "ID": 7,
  "Title": "Rolling in the Deep",
  "Duration": "03:48:00",
  "Artist_ID": 36
},
{
  "_id": {
    "$oid": "656d4c80a5ce939e3d699c1c"
  },
  "ID": 8,
  "Title": "Purple Haze",
  "Duration": "02:52:00",
  "Artist_ID": 32
},
{
  "_id": {
    "$oid": "656d4c80a5ce939e3d699c1d"
  },
  "ID": 9,
  "Title": "Stairway to Heaven",
  "Duration": "08:02:00",
  "Artist_ID": 49
},
{
  "_id": {
    "$oid": "656d4c80a5ce939e3d699c1e"
  },
  "ID": 10,
  "Title": "Superstition",
  "Duration": "04:26:00",
  "Artist_ID": 49
},
{
  "_id": {
    "$oid": "656d4c80a5ce939e3d699c1f"
  },
  "ID": 11,
  "Title": "Dancing Queen",
  "Duration": "03:51:00",
  "Artist_ID": 46
},
{
  "_id": {
    "$oid": "656d4c80a5ce939e3d699c20"
  },
  "ID": 12,
  "Title": "I Will Always Love You",
  "Duration": "04:31:00",
  "Artist_ID": 35
},
{
  "_id": {
    "$oid": "656d4c80a5ce939e3d699c21"
  },
  "ID": 13,
  "Title": "Hotel California",
  "Duration": "06:30:00",
  "Artist_ID": 35
},
{
  "_id": {
    "$oid": "656d4c80a5ce939e3d699c22"
  },
  "ID": 14,
  "Title": "Smells Like Teen Spirit",
  "Duration": "05:01:00",
  "Artist_ID": 19
},
{
  "_id": {
    "$oid": "656d4c80a5ce939e3d699c23"
  },
  "ID": 15,
  "Title": "Shape of You",
  "Duration": "03:53:00",
  "Artist_ID": 40
},
{
  "_id": {
    "$oid": "656d4c80a5ce939e3d699c24"
  },
  "ID": 16,
  "Title": "Fly Me to the Moon",
  "Duration": "02:35:00",
  "Artist_ID": 42
},
{
  "_id": {
    "$oid": "656d4c80a5ce939e3d699c25"
  },
  "ID": 17,
  "Title": "Hallelujah",
  "Duration": "04:38:00",
  "Artist_ID": 40
},
{
  "_id": {
    "$oid": "656d4c80a5ce939e3d699c26"
  },
  "ID": 18,
  "Title": "Wonderwall",
  "Duration": "04:18:00",
  "Artist_ID": 23
},
{
  "_id": {
    "$oid": "656d4c80a5ce939e3d699c27"
  },
  "ID": 19,
  "Title": "Uptown Funk",
  "Duration": "04:30:00",
  "Artist_ID": 45
},
{
  "_id": {
    "$oid": "656d4c80a5ce939e3d699c28"
  },
  "ID": 20,
  "Title": "Watermelon Sugar",
  "Duration": "02:54:00",
  "Artist_ID": 6
},
{
  "_id": {
    "$oid": "656d4c80a5ce939e3d699c29"
  },
  "ID": 21,
  "Title": "Bad Romance",
  "Duration": "04:54:00",
  "Artist_ID": 45
},
{
  "_id": {
    "$oid": "656d4c80a5ce939e3d699c2a"
  },
  "ID": 22,
  "Title": "Piano Man",
  "Duration": "05:37:00",
  "Artist_ID": 7
},
{
  "_id": {
    "$oid": "656d4c80a5ce939e3d699c2b"
  },
  "ID": 23,
  "Title": "Brown Eyed Girl",
  "Duration": "03:03:00",
  "Artist_ID": 50
},
{
  "_id": {
    "$oid": "656d4c80a5ce939e3d699c2c"
  },
  "ID": 24,
  "Title": "Sweet Child o' Mine",
  "Duration": "05:56:00",
  "Artist_ID": 27
},
{
  "_id": {
    "$oid": "656d4c80a5ce939e3d699c2d"
  },
  "ID": 25,
  "Title": "Yesterday",
  "Duration": "02:05:00",
  "Artist_ID": 37
},
{
  "_id": {
    "$oid": "656d4c80a5ce939e3d699c2e"
  },
  "ID": 26,
  "Title": "Wannabe",
  "Duration": "02:53:00",
  "Artist_ID": 50
},
{
  "_id": {
    "$oid": "656d4c80a5ce939e3d699c2f"
  },
  "ID": 27,
  "Title": "Blinding Lights",
  "Duration": "03:22:00",
  "Artist_ID": 40
},
{
  "_id": {
    "$oid": "656d4c80a5ce939e3d699c30"
  },
  "ID": 28,
  "Title": "Every Breath You Take",
  "Duration": "04:13:00",
  "Artist_ID": 48
},
{
  "_id": {
    "$oid": "656d4c80a5ce939e3d699c31"
  },
  "ID": 29,
  "Title": "Thriller",
  "Duration": "05:57:00",
  "Artist_ID": 22
},
{
  "_id": {
    "$oid": "656d4c80a5ce939e3d699c32"
  },
  "ID": 30,
  "Title": "Take Me to Church",
  "Duration": "04:02:00",
  "Artist_ID": 15
},
{
  "_id": {
    "$oid": "656d4c80a5ce939e3d699c33"
  },
  "ID": 31,
  "Title": "Dance Monkey",
  "Duration": "03:29:00",
  "Artist_ID": 8
},
{
  "_id": {
    "$oid": "656d4c80a5ce939e3d699c34"
  },
  "ID": 32,
  "Title": "Unchained Melody",
  "Duration": "03:37:00",
  "Artist_ID": 43
},
{
  "_id": {
    "$oid": "656d4c80a5ce939e3d699c35"
  },
  "ID": 33,
  "Title": "Despacito",
  "Duration": "03:49:00",
  "Artist_ID": 44
},
{
  "_id": {
    "$oid": "656d4c80a5ce939e3d699c36"
  },
  "ID": 34,
  "Title": "Let It Be",
  "Duration": "03:50:00",
  "Artist_ID": 37
},
{
  "_id": {
    "$oid": "656d4c80a5ce939e3d699c37"
  },
  "ID": 35,
  "Title": "Sweet Caroline",
  "Duration": "03:21:00",
  "Artist_ID": 5
},
{
  "_id": {
    "$oid": "656d4c80a5ce939e3d699c38"
  },
  "ID": 36,
  "Title": "Somewhere Over the Rainbow",
  "Duration": "03:27:00",
  "Artist_ID": 14
},
{
  "_id": {
    "$oid": "656d4c80a5ce939e3d699c39"
  },
  "ID": 37,
  "Title": "Lean On Me",
  "Duration": "04:18:00",
  "Artist_ID": 2
},
{
  "_id": {
    "$oid": "656d4c80a5ce939e3d699c3a"
  },
  "ID": 38,
  "Title": "Can't Stop the Feeling!",
  "Duration": "03:56:00",
  "Artist_ID": 20
},
{
  "_id": {
    "$oid": "656d4c80a5ce939e3d699c3b"
  },
  "ID": 39,
  "Title": "Crazy",
  "Duration": "03:58:00",
  "Artist_ID": 41
},
{
  "_id": {
    "$oid": "656d4c80a5ce939e3d699c3c"
  },
  "ID": 40,
  "Title": "Stand by Me",
  "Duration": "02:55:00",
  "Artist_ID": 48
},
{
  "_id": {
    "$oid": "656d4c80a5ce939e3d699c3d"
  },
  "ID": 41,
  "Title": "Don't Stop Believin'",
  "Duration": "04:11:00",
  "Artist_ID": 13
},
{
  "_id": {
    "$oid": "656d4c80a5ce939e3d699c3e"
  },
  "ID": 42,
  "Title": "Havana",
  "Duration": "03:37:00",
  "Artist_ID": 24
},
{
  "_id": {
    "$oid": "656d4c80a5ce939e3d699c3f"
  },
  "ID": 43,
  "Title": "Sweet Home Alabama",
  "Duration": "04:45:00",
  "Artist_ID": 27
},
{
  "_id": {
    "$oid": "656d4c80a5ce939e3d699c40"
  },
  "ID": 44,
  "Title": "Take On Me",
  "Duration": "03:48:00",
  "Artist_ID": 14
},
{
  "_id": {
    "$oid": "656d4c80a5ce939e3d699c41"
  },
  "ID": 45,
  "Title": "My Way",
  "Duration": "04:34:00",
  "Artist_ID": 37
},
{
  "_id": {
    "$oid": "656d4c80a5ce939e3d699c42"
  },
  "ID": 46,
  "Title": "Every Rose Has Its Thorn",
  "Duration": "04:20:00",
  "Artist_ID": 44
},
{
  "_id": {
    "$oid": "656d4c80a5ce939e3d699c43"
  },
  "ID": 47,
  "Title": "Perfect",
  "Duration": "04:23:00",
  "Artist_ID": 9
},
{
  "_id": {
    "$oid": "656d4c80a5ce939e3d699c44"
  },
  "ID": 48,
  "Title": "The Box",
  "Duration": "03:17:00",
  "Artist_ID": 14
},
{
  "_id": {
    "$oid": "656d4c80a5ce939e3d699c45"
  },
  "ID": 49,
  "Title": "Old Town Road",
  "Duration": "01:53:00",
  "Artist_ID": 39
},
{
  "_id": {
    "$oid": "656d4c80a5ce939e3d699c46"
  },
  "ID": 50,
  "Title": "Shape of My Heart",
  "Duration": "04:39:00",
  "Artist_ID": 5
},
{
  "_id": {
    "$oid": "656d4c80a5ce939e3d699c47"
  },
  "ID": 51,
  "Title": "Boogie Wonderland",
  "Duration": "04:47:00",
  "Artist_ID": 9
},
{
  "_id": {
    "$oid": "656d4c80a5ce939e3d699c48"
  },
  "ID": 52,
  "Title": "A Thousand Years",
  "Duration": "04:45:00",
  "Artist_ID": 27
},
{
  "_id": {
    "$oid": "656d4c80a5ce939e3d699c49"
  },
  "ID": 53,
  "Title": "Eye of the Tiger",
  "Duration": "04:03:00",
  "Artist_ID": 7
},
{
  "_id": {
    "$oid": "656d4c80a5ce939e3d699c4a"
  },
  "ID": 54,
  "Title": "My Heart Will Go On",
  "Duration": "04:41:00",
  "Artist_ID": 5
},
{
  "_id": {
    "$oid": "656d4c80a5ce939e3d699c4b"
  },
  "ID": 55,
  "Title": "Sound of Silence",
  "Duration": "03:05:00",
  "Artist_ID": 5
},
{
  "_id": {
    "$oid": "656d4c80a5ce939e3d699c4c"
  },
  "ID": 56,
  "Title": "Wrecking Ball",
  "Duration": "03:41:00",
  "Artist_ID": 8
},
{
  "_id": {
    "$oid": "656d4c80a5ce939e3d699c4d"
  },
  "ID": 57,
  "Title": "La Bamba",
  "Duration": "02:45:00",
  "Artist_ID": 25
},
{
  "_id": {
    "$oid": "656d4c80a5ce939e3d699c4e"
  },
  "ID": 58,
  "Title": "Someone Like You",
  "Duration": "04:45:00",
  "Artist_ID": 2
},
{
  "_id": {
    "$oid": "656d4c80a5ce939e3d699c4f"
  },
  "ID": 59,
  "Title": "Shut Up and Dance",
  "Duration": "03:19:00",
  "Artist_ID": 32
},
{
  "_id": {
    "$oid": "656d4c80a5ce939e3d699c50"
  },
  "ID": 60,
  "Title": "Lucy in the Sky with Diamonds",
  "Duration": "03:28:00",
  "Artist_ID": 4
},
{
  "_id": {
    "$oid": "656d4c80a5ce939e3d699c51"
  },
  "ID": 61,
  "Title": "Sweet Dreams (Are Made of This)",
  "Duration": "03:36:00",
  "Artist_ID": 25
},
{
  "_id": {
    "$oid": "656d4c80a5ce939e3d699c52"
  },
  "ID": 62,
  "Title": "Total Eclipse of the Heart",
  "Duration": "04:29:00",
  "Artist_ID": 14
},
{
  "_id": {
    "$oid": "656d4c80a5ce939e3d699c53"
  },
  "ID": 63,
  "Title": "Radioactive",
  "Duration": "03:06:00",
  "Artist_ID": 41
},
{
  "_id": {
    "$oid": "656d4c80a5ce939e3d699c54"
  },
  "ID": 64,
  "Title": "Sweet Caroline",
  "Duration": "03:21:00",
  "Artist_ID": 15
},
{
  "_id": {
    "$oid": "656d4c80a5ce939e3d699c55"
  },
  "ID": 65,
  "Title": "All of Me",
  "Duration": "04:29:00",
  "Artist_ID": 2
},
{
  "_id": {
    "$oid": "656d4c80a5ce939e3d699c56"
  },
  "ID": 66,
  "Title": "Man in the Mirror",
  "Duration": "05:19:00",
  "Artist_ID": 14
},
{
  "_id": {
    "$oid": "656d4c80a5ce939e3d699c57"
  },
  "ID": 67,
  "Title": "With or Without You",
  "Duration": "04:56:00",
  "Artist_ID": 12
},
{
  "_id": {
    "$oid": "656d4c80a5ce939e3d699c58"
  },
  "ID": 68,
  "Title": "Let Her Go",
  "Duration": "04:12:00",
  "Artist_ID": 19
},
{
  "_id": {
    "$oid": "656d4c80a5ce939e3d699c59"
  },
  "ID": 69,
  "Title": "Bad Blood",
  "Duration": "03:32:00",
  "Artist_ID": 8
},
{
  "_id": {
    "$oid": "656d4c80a5ce939e3d699c5a"
  },
  "ID": 70,
  "Title": "Mad World",
  "Duration": "03:09:00",
  "Artist_ID": 31
},
{
  "_id": {
    "$oid": "656d4c80a5ce939e3d699c5b"
  },
  "ID": 71,
  "Title": "Counting Stars",
  "Duration": "04:17:00",
  "Artist_ID": 32
},
{
  "_id": {
    "$oid": "656d4c80a5ce939e3d699c5c"
  },
  "ID": 72,
  "Title": "Chandelier",
  "Duration": "03:36:00",
  "Artist_ID": 17
},
{
  "_id": {
    "$oid": "656d4c80a5ce939e3d699c5d"
  },
  "ID": 73,
  "Title": "Born to Run",
  "Duration": "04:31:00",
  "Artist_ID": 39
},
{
  "_id": {
    "$oid": "656d4c80a5ce939e3d699c5e"
  },
  "ID": 74,
  "Title": "Drops of Jupiter",
  "Duration": "04:20:00",
  "Artist_ID": 44
},
{
  "_id": {
    "$oid": "656d4c80a5ce939e3d699c5f"
  },
  "ID": 75,
  "Title": "Africa",
  "Duration": "04:55:00",
  "Artist_ID": 3
},
{
  "_id": {
    "$oid": "656d4c80a5ce939e3d699c60"
  },
  "ID": 76,
  "Title": "The Sound of Music",
  "Duration": "02:45:00",
  "Artist_ID": 32
},
{
  "_id": {
    "$oid": "656d4c80a5ce939e3d699c61"
  },
  "ID": 77,
  "Title": "I'll Be There",
  "Duration": "03:57:00",
  "Artist_ID": 50
},
{
  "_id": {
    "$oid": "656d4c80a5ce939e3d699c62"
  },
  "ID": 78,
  "Title": "Wind Beneath My Wings",
  "Duration": "04:54:00",
  "Artist_ID": 3
},
{
  "_id": {
    "$oid": "656d4c80a5ce939e3d699c63"
  },
  "ID": 79,
  "Title": "Shape of My Heart",
  "Duration": "04:39:00",
  "Artist_ID": 15
},
{
  "_id": {
    "$oid": "656d4c80a5ce939e3d699c64"
  },
  "ID": 80,
  "Title": "La La Land",
  "Duration": "03:08:00",
  "Artist_ID": 16
},
{
  "_id": {
    "$oid": "656d4c80a5ce939e3d699c65"
  },
  "ID": 81,
  "Title": "Boulevard of Broken Dreams",
  "Duration": "04:20:00",
  "Artist_ID": 33
},
{
  "_id": {
    "$oid": "656d4c80a5ce939e3d699c66"
  },
  "ID": 82,
  "Title": "Clocks",
  "Duration": "05:07:00",
  "Artist_ID": 16
},
{
  "_id": {
    "$oid": "656d4c80a5ce939e3d699c67"
  },
  "ID": 83,
  "Title": "I Want to Hold Your Hand",
  "Duration": "02:27:00",
  "Artist_ID": 32
},
{
  "_id": {
    "$oid": "656d4c80a5ce939e3d699c68"
  },
  "ID": 84,
  "Title": "Titanium",
  "Duration": "04:05:00",
  "Artist_ID": 12
},
{
  "_id": {
    "$oid": "656d4c80a5ce939e3d699c69"
  },
  "ID": 85,
  "Title": "Circle of Life",
  "Duration": "04:52:00",
  "Artist_ID": 14
},
{
  "_id": {
    "$oid": "656d4c80a5ce939e3d699c6a"
  },
  "ID": 86,
  "Title": "Wish You Were Here",
  "Duration": "05:40:00",
  "Artist_ID": 34
},
{
  "_id": {
    "$oid": "656d4c80a5ce939e3d699c6b"
  },
  "ID": 87,
  "Title": "Blue Suede Shoes",
  "Duration": "02:00:00",
  "Artist_ID": 26
},
{
  "_id": {
    "$oid": "656d4c80a5ce939e3d699c6c"
  },
  "ID": 88,
  "Title": "Sweet Caroline",
  "Duration": "03:21:00",
  "Artist_ID": 27
},
{
  "_id": {
    "$oid": "656d4c80a5ce939e3d699c6d"
  },
  "ID": 89,
  "Title": "I'm Yours",
  "Duration": "04:02:00",
  "Artist_ID": 8
},
{
  "_id": {
    "$oid": "656d4c80a5ce939e3d699c6e"
  },
  "ID": 90,
  "Title": "I'm a Believer",
  "Duration": "02:46:00",
  "Artist_ID": 9
},
{
  "_id": {
    "$oid": "656d4c80a5ce939e3d699c6f"
  },
  "ID": 91,
  "Title": "Yellow",
  "Duration": "04:29:00",
  "Artist_ID": 18
},
{
  "_id": {
    "$oid": "656d4c80a5ce939e3d699c70"
  },
  "ID": 92,
  "Title": "My Way",
  "Duration": "04:34:00",
  "Artist_ID": 16
},
{
  "_id": {
    "$oid": "656d4c80a5ce939e3d699c71"
  },
  "ID": 93,
  "Title": "Every Breath You Take",
  "Duration": "04:13:00",
  "Artist_ID": 23
},
{
  "_id": {
    "$oid": "656d4c80a5ce939e3d699c72"
  },
  "ID": 94,
  "Title": "Chasing Cars",
  "Duration": "04:26:00",
  "Artist_ID": 16
},
{
  "_id": {
    "$oid": "656d4c80a5ce939e3d699c73"
  },
  "ID": 95,
  "Title": "New York, New York",
  "Duration": "03:20:00",
  "Artist_ID": 13
},
{
  "_id": {
    "$oid": "656d4c80a5ce939e3d699c74"
  },
  "ID": 96,
  "Title": "What a Wonderful World",
  "Duration": "02:21:00",
  "Artist_ID": 15
},
{
  "_id": {
    "$oid": "656d4c80a5ce939e3d699c75"
  },
  "ID": 97,
  "Title": "Let It Go",
  "Duration": "03:44:00",
  "Artist_ID": 34
},
{
  "_id": {
    "$oid": "656d4c80a5ce939e3d699c76"
  },
  "ID": 98,
  "Title": "Sweet Child o' Mine",
  "Duration": "05:56:00",
  "Artist_ID": 26
},
{
  "_id": {
    "$oid": "656d4c80a5ce939e3d699c77"
  },
  "ID": 99,
  "Title": "Just the Way You Are",
  "Duration": "03:40:00",
  "Artist_ID": 27
},
{
  "_id": {
    "$oid": "656d4c80a5ce939e3d699c78"
  },
  "ID": 100,
  "Title": "Blackbird",
  "Duration": "02:18:00",
  "Artist_ID": 5
},
{
  "_id": {
    "$oid": "656d4c80a5ce939e3d699c79"
  },
  "ID": 101,
  "Title": "I Want to Know What Love Is",
  "Duration": "05:00:00",
  "Artist_ID": 45
},
{
  "_id": {
    "$oid": "656d4c80a5ce939e3d699c7a"
  },
  "ID": 102,
  "Title": "Radio Ga Ga",
  "Duration": "05:44:00",
  "Artist_ID": 8
},
{
  "_id": {
    "$oid": "656d4c80a5ce939e3d699c7b"
  },
  "ID": 103,
  "Title": "Sweet Child o' Mine",
  "Duration": "05:56:00",
  "Artist_ID": 4
},
{
  "_id": {
    "$oid": "656d4c80a5ce939e3d699c7c"
  },
  "ID": 104,
  "Title": "Wannabe",
  "Duration": "02:53:00",
  "Artist_ID": 48
},
{
  "_id": {
    "$oid": "656d4c80a5ce939e3d699c7d"
  },
  "ID": 105,
  "Title": "Black Hole Sun",
  "Duration": "05:18:00",
  "Artist_ID": 27
},
{
  "_id": {
    "$oid": "656d4c80a5ce939e3d699c7e"
  },
  "ID": 106,
  "Title": "Waterloo",
  "Duration": "02:46:00",
  "Artist_ID": 40
},
{
  "_id": {
    "$oid": "656d4c80a5ce939e3d699c7f"
  },
  "ID": 107,
  "Title": "Super Trouper",
  "Duration": "04:14:00",
  "Artist_ID": 21
},
{
  "_id": {
    "$oid": "656d4c80a5ce939e3d699c80"
  },
  "ID": 108,
  "Title": "Bohemian Rhapsody",
  "Duration": "05:55:00",
  "Artist_ID": 31
},
{
  "_id": {
    "$oid": "656d4c80a5ce939e3d699c81"
  },
  "ID": 109,
  "Title": "Africa",
  "Duration": "04:55:00",
  "Artist_ID": 42
},
{
  "_id": {
    "$oid": "656d4c80a5ce939e3d699c82"
  },
  "ID": 110,
  "Title": "The Night We Met",
  "Duration": "03:29:00",
  "Artist_ID": 18
},
{
  "_id": {
    "$oid": "656d4c80a5ce939e3d699c83"
  },
  "ID": 111,
  "Title": "Don't Stop Believin'",
  "Duration": "04:11:00",
  "Artist_ID": 13
},
{
  "_id": {
    "$oid": "656d4c80a5ce939e3d699c84"
  },
  "ID": 112,
  "Title": "The Scientist",
  "Duration": "05:09:00",
  "Artist_ID": 12
},
{
  "_id": {
    "$oid": "656d4c80a5ce939e3d699c85"
  },
  "ID": 113,
  "Title": "Smooth Criminal",
  "Duration": "04:17:00",
  "Artist_ID": 19
},
{
  "_id": {
    "$oid": "656d4c80a5ce939e3d699c86"
  },
  "ID": 114,
  "Title": "Blackbird",
  "Duration": "02:18:00",
  "Artist_ID": 8
},
{
  "_id": {
    "$oid": "656d4c80a5ce939e3d699c87"
  },
  "ID": 115,
  "Title": "Royals",
  "Duration": "03:10:00",
  "Artist_ID": 35
},
{
  "_id": {
    "$oid": "656d4c80a5ce939e3d699c88"
  },
  "ID": 116,
  "Title": "Every Breath You Take",
  "Duration": "04:13:00",
  "Artist_ID": 47
},
{
  "_id": {
    "$oid": "656d4c80a5ce939e3d699c89"
  },
  "ID": 117,
  "Title": "Space Oddity",
  "Duration": "05:22:00",
  "Artist_ID": 31
},
{
  "_id": {
    "$oid": "656d4c80a5ce939e3d699c8a"
  },
  "ID": 118,
  "Title": "California Dreamin'",
  "Duration": "02:42:00",
  "Artist_ID": 15
},
{
  "_id": {
    "$oid": "656d4c80a5ce939e3d699c8b"
  },
  "ID": 119,
  "Title": "Like a Rolling Stone",
  "Duration": "06:13:00",
  "Artist_ID": 30
},
{
  "_id": {
    "$oid": "656d4c80a5ce939e3d699c8c"
  },
  "ID": 120,
  "Title": "I Will Always Love You",
  "Duration": "04:31:00",
  "Artist_ID": 3
},
{
  "_id": {
    "$oid": "656d4c80a5ce939e3d699c8d"
  },
  "ID": 121,
  "Title": "Purple Haze",
  "Duration": "02:52:00",
  "Artist_ID": 25
},
{
  "_id": {
    "$oid": "656d4c80a5ce939e3d699c8e"
  },
  "ID": 122,
  "Title": "What's Going On",
  "Duration": "03:52:00",
  "Artist_ID": 17
},
{
  "_id": {
    "$oid": "656d4c80a5ce939e3d699c8f"
  },
  "ID": 123,
  "Title": "Rolling in the Deep",
  "Duration": "03:48:00",
  "Artist_ID": 8
},
{
  "_id": {
    "$oid": "656d4c80a5ce939e3d699c90"
  },
  "ID": 124,
  "Title": "Piano Man",
  "Duration": "05:37:00",
  "Artist_ID": 38
},
{
  "_id": {
    "$oid": "656d4c80a5ce939e3d699c91"
  },
  "ID": 125,
  "Title": "Wonderwall",
  "Duration": "04:18:00",
  "Artist_ID": 15
},
{
  "_id": {
    "$oid": "656d4c80a5ce939e3d699c92"
  },
  "ID": 126,
  "Title": "Let It Be",
  "Duration": "03:50:00",
  "Artist_ID": 13
},
{
  "_id": {
    "$oid": "656d4c80a5ce939e3d699c93"
  },
  "ID": 127,
  "Title": "Sweet Caroline",
  "Duration": "03:21:00",
  "Artist_ID": 18
},
{
  "_id": {
    "$oid": "656d4c80a5ce939e3d699c94"
  },
  "ID": 128,
  "Title": "Unchained Melody",
  "Duration": "03:37:00",
  "Artist_ID": 2
},
{
  "_id": {
    "$oid": "656d4c80a5ce939e3d699c95"
  },
  "ID": 129,
  "Title": "Chandelier",
  "Duration": "03:36:00",
  "Artist_ID": 5
},
{
  "_id": {
    "$oid": "656d4c80a5ce939e3d699c96"
  },
  "ID": 130,
  "Title": "Eye of the Tiger",
  "Duration": "04:03:00",
  "Artist_ID": 16
},
{
  "_id": {
    "$oid": "656d4c80a5ce939e3d699c97"
  },
  "ID": 131,
  "Title": "Total Eclipse of the Heart",
  "Duration": "04:29:00",
  "Artist_ID": 17
},
{
  "_id": {
    "$oid": "656d4c80a5ce939e3d699c98"
  },
  "ID": 132,
  "Title": "Fly Me to the Moon",
  "Duration": "02:35:00",
  "Artist_ID": 36
},
{
  "_id": {
    "$oid": "656d4c80a5ce939e3d699c99"
  },
  "ID": 133,
  "Title": "Man in the Mirror",
  "Duration": "05:19:00",
  "Artist_ID": 28
},
{
  "_id": {
    "$oid": "656d4c80a5ce939e3d699c9a"
  },
  "ID": 134,
  "Title": "With or Without You",
  "Duration": "04:56:00",
  "Artist_ID": 33
},
{
  "_id": {
    "$oid": "656d4c80a5ce939e3d699c9b"
  },
  "ID": 135,
  "Title": "Bad Blood",
  "Duration": "03:32:00",
  "Artist_ID": 31
},
{
  "_id": {
    "$oid": "656d4c80a5ce939e3d699c9c"
  },
  "ID": 136,
  "Title": "Mad World",
  "Duration": "03:09:00",
  "Artist_ID": 5
},
{
  "_id": {
    "$oid": "656d4c80a5ce939e3d699c9d"
  },
  "ID": 137,
  "Title": "Counting Stars",
  "Duration": "04:17:00",
  "Artist_ID": 30
},
{
  "_id": {
    "$oid": "656d4c80a5ce939e3d699c9e"
  },
  "ID": 138,
  "Title": "Born to Run",
  "Duration": "04:31:00",
  "Artist_ID": 35
},
{
  "_id": {
    "$oid": "656d4c80a5ce939e3d699c9f"
  },
  "ID": 139,
  "Title": "Drops of Jupiter",
  "Duration": "04:20:00",
  "Artist_ID": 34
},
{
  "_id": {
    "$oid": "656d4c80a5ce939e3d699ca0"
  },
  "ID": 140,
  "Title": "The Sound of Music",
  "Duration": "02:45:00",
  "Artist_ID": 15
},
{
  "_id": {
    "$oid": "656d4c80a5ce939e3d699ca1"
  },
  "ID": 141,
  "Title": "I'll Be There",
  "Duration": "03:57:00",
  "Artist_ID": 24
},
{
  "_id": {
    "$oid": "656d4c80a5ce939e3d699ca2"
  },
  "ID": 142,
  "Title": "Wind Beneath My Wings",
  "Duration": "04:54:00",
  "Artist_ID": 24
},
{
  "_id": {
    "$oid": "656d4c80a5ce939e3d699ca3"
  },
  "ID": 143,
  "Title": "Shape of My Heart",
  "Duration": "04:39:00",
  "Artist_ID": 49
},
{
  "_id": {
    "$oid": "656d4c80a5ce939e3d699ca4"
  },
  "ID": 144,
  "Title": "La La Land",
  "Duration": "03:08:00",
  "Artist_ID": 21
},
{
  "_id": {
    "$oid": "656d4c80a5ce939e3d699ca5"
  },
  "ID": 145,
  "Title": "Boulevard of Broken Dreams",
  "Duration": "04:20:00",
  "Artist_ID": 9
},
{
  "_id": {
    "$oid": "656d4c80a5ce939e3d699ca6"
  },
  "ID": 146,
  "Title": "Clocks",
  "Duration": "05:07:00",
  "Artist_ID": 31
},
{
  "_id": {
    "$oid": "656d4c80a5ce939e3d699ca7"
  },
  "ID": 147,
  "Title": "I Want to Hold Your Hand",
  "Duration": "02:27:00",
  "Artist_ID": 26
},
{
  "_id": {
    "$oid": "656d4c80a5ce939e3d699ca8"
  },
  "ID": 148,
  "Title": "Titanium",
  "Duration": "04:05:00",
  "Artist_ID": 39
},
{
  "_id": {
    "$oid": "656d4c80a5ce939e3d699ca9"
  },
  "ID": 149,
  "Title": "Circle of Life",
  "Duration": "04:52:00",
  "Artist_ID": 16
},
{
  "_id": {
    "$oid": "656d4c80a5ce939e3d699caa"
  },
  "ID": 150,
  "Title": "Wish You Were Here",
  "Duration": "05:40:00",
  "Artist_ID": 10
},
{
  "_id": {
    "$oid": "656d4c80a5ce939e3d699cab"
  },
  "ID": 151,
  "Title": "Yellow Submarine",
  "Duration": "02:40:00",
  "Artist_ID": 33
},
{
  "_id": {
    "$oid": "656d4c80a5ce939e3d699cac"
  },
  "ID": 152,
  "Title": "My Way",
  "Duration": "04:34:00",
  "Artist_ID": 7
},
{
  "_id": {
    "$oid": "656d4c80a5ce939e3d699cad"
  },
  "ID": 153,
  "Title": "Every Breath You Take",
  "Duration": "04:13:00",
  "Artist_ID": 34
},
{
  "_id": {
    "$oid": "656d4c80a5ce939e3d699cae"
  },
  "ID": 154,
  "Title": "Chasing Cars",
  "Duration": "04:26:00",
  "Artist_ID": 49
},
{
  "_id": {
    "$oid": "656d4c80a5ce939e3d699caf"
  },
  "ID": 155,
  "Title": "New York, New York",
  "Duration": "03:20:00",
  "Artist_ID": 42
},
{
  "_id": {
    "$oid": "656d4c80a5ce939e3d699cb0"
  },
  "ID": 156,
  "Title": "What a Wonderful World",
  "Duration": "02:21:00",
  "Artist_ID": 14
},
{
  "_id": {
    "$oid": "656d4c80a5ce939e3d699cb1"
  },
  "ID": 157,
  "Title": "Let It Go",
  "Duration": "03:44:00",
  "Artist_ID": 42
},
{
  "_id": {
    "$oid": "656d4c80a5ce939e3d699cb2"
  },
  "ID": 158,
  "Title": "Sweet Child o' Mine",
  "Duration": "05:56:00",
  "Artist_ID": 18
},
{
  "_id": {
    "$oid": "656d4c80a5ce939e3d699cb3"
  },
  "ID": 159,
  "Title": "Just the Way You Are",
  "Duration": "03:40:00",
  "Artist_ID": 15
},
{
  "_id": {
    "$oid": "656d4c80a5ce939e3d699cb4"
  },
  "ID": 160,
  "Title": "Blackbird",
  "Duration": "02:18:00",
  "Artist_ID": 19
},
{
  "_id": {
    "$oid": "656d4c80a5ce939e3d699cb5"
  },
  "ID": 161,
  "Title": "Boogie Wonderland",
  "Duration": "04:47:00",
  "Artist_ID": 49
},
{
  "_id": {
    "$oid": "656d4c80a5ce939e3d699cb6"
  },
  "ID": 162,
  "Title": "A Thousand Years",
  "Duration": "04:45:00",
  "Artist_ID": 40
},
{
  "_id": {
    "$oid": "656d4c80a5ce939e3d699cb7"
  },
  "ID": 163,
  "Title": "Eye of the Tiger",
  "Duration": "04:03:00",
  "Artist_ID": 49
},
{
  "_id": {
    "$oid": "656d4c80a5ce939e3d699cb8"
  },
  "ID": 164,
  "Title": "My Heart Will Go On",
  "Duration": "04:41:00",
  "Artist_ID": 26
},
{
  "_id": {
    "$oid": "656d4c80a5ce939e3d699cb9"
  },
  "ID": 165,
  "Title": "Sound of Silence",
  "Duration": "03:05:00",
  "Artist_ID": 33
},
{
  "_id": {
    "$oid": "656d4c80a5ce939e3d699cba"
  },
  "ID": 166,
  "Title": "Wrecking Ball",
  "Duration": "03:41:00",
  "Artist_ID": 36
},
{
  "_id": {
    "$oid": "656d4c80a5ce939e3d699cbb"
  },
  "ID": 167,
  "Title": "La Bamba",
  "Duration": "02:45:00",
  "Artist_ID": 29
},
{
  "_id": {
    "$oid": "656d4c80a5ce939e3d699cbc"
  },
  "ID": 168,
  "Title": "Someone Like You",
  "Duration": "04:45:00",
  "Artist_ID": 39
},
{
  "_id": {
    "$oid": "656d4c80a5ce939e3d699cbd"
  },
  "ID": 169,
  "Title": "Shut Up and Dance",
  "Duration": "03:19:00",
  "Artist_ID": 6
},
{
  "_id": {
    "$oid": "656d4c80a5ce939e3d699cbe"
  },
  "ID": 170,
  "Title": "Lucy in the Sky with Diamonds",
  "Duration": "03:28:00",
  "Artist_ID": 12
},
{
  "_id": {
    "$oid": "656d4c80a5ce939e3d699cbf"
  },
  "ID": 171,
  "Title": "Sweet Dreams (Are Made of This)",
  "Duration": "03:36:00",
  "Artist_ID": 41
},
{
  "_id": {
    "$oid": "656d4c80a5ce939e3d699cc0"
  },
  "ID": 172,
  "Title": "Total Eclipse of the Heart",
  "Duration": "04:29:00",
  "Artist_ID": 21
},
{
  "_id": {
    "$oid": "656d4c80a5ce939e3d699cc1"
  },
  "ID": 173,
  "Title": "Radioactive",
  "Duration": "03:06:00",
  "Artist_ID": 29
},
{
  "_id": {
    "$oid": "656d4c80a5ce939e3d699cc2"
  },
  "ID": 174,
  "Title": "Sweet Caroline",
  "Duration": "03:21:00",
  "Artist_ID": 31
},
{
  "_id": {
    "$oid": "656d4c80a5ce939e3d699cc3"
  },
  "ID": 175,
  "Title": "All of Me",
  "Duration": "04:29:00",
  "Artist_ID": 19
},
{
  "_id": {
    "$oid": "656d4c80a5ce939e3d699cc4"
  },
  "ID": 176,
  "Title": "Man in the Mirror",
  "Duration": "05:19:00",
  "Artist_ID": 1
},
{
  "_id": {
    "$oid": "656d4c80a5ce939e3d699cc5"
  },
  "ID": 177,
  "Title": "With or Without You",
  "Duration": "04:56:00",
  "Artist_ID": 48
},
{
  "_id": {
    "$oid": "656d4c80a5ce939e3d699cc6"
  },
  "ID": 178,
  "Title": "Let Her Go",
  "Duration": "04:12:00",
  "Artist_ID": 36
},
{
  "_id": {
    "$oid": "656d4c80a5ce939e3d699cc7"
  },
  "ID": 179,
  "Title": "Bad Blood",
  "Duration": "03:32:00",
  "Artist_ID": 37
},
{
  "_id": {
    "$oid": "656d4c80a5ce939e3d699cc8"
  },
  "ID": 180,
  "Title": "Mad World",
  "Duration": "03:09:00",
  "Artist_ID": 26
},
{
  "_id": {
    "$oid": "656d4c80a5ce939e3d699cc9"
  },
  "ID": 181,
  "Title": "Counting Stars",
  "Duration": "04:17:00",
  "Artist_ID": 20
},
{
  "_id": {
    "$oid": "656d4c80a5ce939e3d699cca"
  },
  "ID": 182,
  "Title": "Chandelier",
  "Duration": "03:36:00",
  "Artist_ID": 18
},
{
  "_id": {
    "$oid": "656d4c80a5ce939e3d699ccb"
  },
  "ID": 183,
  "Title": "Born to Run",
  "Duration": "04:31:00",
  "Artist_ID": 33
},
{
  "_id": {
    "$oid": "656d4c80a5ce939e3d699ccc"
  },
  "ID": 184,
  "Title": "Drops of Jupiter",
  "Duration": "04:20:00",
  "Artist_ID": 9
},
{
  "_id": {
    "$oid": "656d4c80a5ce939e3d699ccd"
  },
  "ID": 185,
  "Title": "Africa",
  "Duration": "04:55:00",
  "Artist_ID": 46
},
{
  "_id": {
    "$oid": "656d4c80a5ce939e3d699cce"
  },
  "ID": 186,
  "Title": "The Sound of Music",
  "Duration": "02:45:00",
  "Artist_ID": 50
},
{
  "_id": {
    "$oid": "656d4c80a5ce939e3d699ccf"
  },
  "ID": 187,
  "Title": "I'll Be There",
  "Duration": "03:57:00",
  "Artist_ID": 14
},
{
  "_id": {
    "$oid": "656d4c80a5ce939e3d699cd0"
  },
  "ID": 188,
  "Title": "Wind Beneath My Wings",
  "Duration": "04:54:00",
  "Artist_ID": 17
},
{
  "_id": {
    "$oid": "656d4c80a5ce939e3d699cd1"
  },
  "ID": 189,
  "Title": "Shape of My Heart",
  "Duration": "04:39:00",
  "Artist_ID": 45
},
{
  "_id": {
    "$oid": "656d4c80a5ce939e3d699cd2"
  },
  "ID": 190,
  "Title": "La La Land",
  "Duration": "03:08:00",
  "Artist_ID": 23
},
{
  "_id": {
    "$oid": "656d4c80a5ce939e3d699cd3"
  },
  "ID": 191,
  "Title": "Boulevard of Broken Dreams",
  "Duration": "04:20:00",
  "Artist_ID": 29
},
{
  "_id": {
    "$oid": "656d4c80a5ce939e3d699cd4"
  },
  "ID": 192,
  "Title": "Clocks",
  "Duration": "05:07:00",
  "Artist_ID": 27
},
{
  "_id": {
    "$oid": "656d4c80a5ce939e3d699cd5"
  },
  "ID": 193,
  "Title": "I Want to Hold Your Hand",
  "Duration": "02:27:00",
  "Artist_ID": 46
},
{
  "_id": {
    "$oid": "656d4c80a5ce939e3d699cd6"
  },
  "ID": 194,
  "Title": "Titanium",
  "Duration": "04:05:00",
  "Artist_ID": 48
},
{
  "_id": {
    "$oid": "656d4c80a5ce939e3d699cd7"
  },
  "ID": 195,
  "Title": "Circle of Life",
  "Duration": "04:52:00",
  "Artist_ID": 3
},
{
  "_id": {
    "$oid": "656d4c80a5ce939e3d699cd8"
  },
  "ID": 196,
  "Title": "Wish You Were Here",
  "Duration": "05:40:00",
  "Artist_ID": 20
},
{
  "_id": {
    "$oid": "656d4c80a5ce939e3d699cd9"
  },
  "ID": 197,
  "Title": "Blue Suede Shoes",
  "Duration": "02:00:00",
  "Artist_ID": 39
},
{
  "_id": {
    "$oid": "656d4c80a5ce939e3d699cda"
  },
  "ID": 198,
  "Title": "Sweet Caroline",
  "Duration": "03:21:00",
  "Artist_ID": 37
},
{
  "_id": {
    "$oid": "656d4c80a5ce939e3d699cdb"
  },
  "ID": 199,
  "Title": "I'm Yours",
  "Duration": "04:02:00",
  "Artist_ID": 18
},
{
  "_id": {
    "$oid": "656d4c80a5ce939e3d699cdc"
  },
  "ID": 200,
  "Title": "I'm a Believer",
  "Duration": "02:46:00",
  "Artist_ID": 28
},
{
  "_id": {
    "$oid": "656d4c80a5ce939e3d699cdd"
  },
  "ID": 201,
  "Title": "Yellow Submarine",
  "Duration": "02:40:00",
  "Artist_ID": 1
},
{
  "_id": {
    "$oid": "656d4c80a5ce939e3d699cde"
  },
  "ID": 202,
  "Title": "My Way",
  "Duration": "04:34:00",
  "Artist_ID": 2
},
{
  "_id": {
    "$oid": "656d4c80a5ce939e3d699cdf"
  },
  "ID": 203,
  "Title": "Every Breath You Take",
  "Duration": "04:13:00",
  "Artist_ID": 3
},
{
  "_id": {
    "$oid": "656d4c80a5ce939e3d699ce0"
  },
  "ID": 204,
  "Title": "Chasing Cars",
  "Duration": "04:26:00",
  "Artist_ID": 4
},
{
  "_id": {
    "$oid": "656d4c80a5ce939e3d699ce1"
  },
  "ID": 205,
  "Title": "New York, New York",
  "Duration": "03:20:00",
  "Artist_ID": 5
},
{
  "_id": {
    "$oid": "656d4c80a5ce939e3d699ce2"
  },
  "ID": 206,
  "Title": "What a Wonderful World",
  "Duration": "02:21:00",
  "Artist_ID": 6
},
{
  "_id": {
    "$oid": "656d4c80a5ce939e3d699ce3"
  },
  "ID": 207,
  "Title": "Let It Go",
  "Duration": "03:44:00",
  "Artist_ID": 7
},
{
  "_id": {
    "$oid": "656d4c80a5ce939e3d699ce4"
  },
  "ID": 208,
  "Title": "Sweet Child o' Mine",
  "Duration": "05:56:00",
  "Artist_ID": 8
},
{
  "_id": {
    "$oid": "656d4c80a5ce939e3d699ce5"
  },
  "ID": 209,
  "Title": "Just the Way You Are",
  "Duration": "03:40:00",
  "Artist_ID": 9
},
{
  "_id": {
    "$oid": "656d4c80a5ce939e3d699ce6"
  },
  "ID": 210,
  "Title": "Blackbird",
  "Duration": "02:18:00",
  "Artist_ID": 10
},
{
  "_id": {
    "$oid": "656d4c80a5ce939e3d699ce7"
  },
  "ID": 211,
  "Title": "Boogie Wonderland",
  "Duration": "04:47:00",
  "Artist_ID": 11
},
{
  "_id": {
    "$oid": "656d4c80a5ce939e3d699ce8"
  },
  "ID": 212,
  "Title": "A Thousand Years",
  "Duration": "04:45:00",
  "Artist_ID": 12
},
{
  "_id": {
    "$oid": "656d4c80a5ce939e3d699ce9"
  },
  "ID": 213,
  "Title": "Eye of the Tiger",
  "Duration": "04:03:00",
  "Artist_ID": 13
},
{
  "_id": {
    "$oid": "656d4c80a5ce939e3d699cea"
  },
  "ID": 214,
  "Title": "My Heart Will Go On",
  "Duration": "04:41:00",
  "Artist_ID": 14
},
{
  "_id": {
    "$oid": "656d4c80a5ce939e3d699ceb"
  },
  "ID": 215,
  "Title": "Sound of Silence",
  "Duration": "03:05:00",
  "Artist_ID": 15
},
{
  "_id": {
    "$oid": "656d4c80a5ce939e3d699cec"
  },
  "ID": 216,
  "Title": "Wrecking Ball",
  "Duration": "03:41:00",
  "Artist_ID": 16
},
{
  "_id": {
    "$oid": "656d4c80a5ce939e3d699ced"
  },
  "ID": 217,
  "Title": "La Bamba",
  "Duration": "02:45:00",
  "Artist_ID": 17
},
{
  "_id": {
    "$oid": "656d4c80a5ce939e3d699cee"
  },
  "ID": 218,
  "Title": "Someone Like You",
  "Duration": "04:45:00",
  "Artist_ID": 18
},
{
  "_id": {
    "$oid": "656d4c80a5ce939e3d699cef"
  },
  "ID": 219,
  "Title": "Shut Up and Dance",
  "Duration": "03:19:00",
  "Artist_ID": 19
},
{
  "_id": {
    "$oid": "656d4c80a5ce939e3d699cf0"
  },
  "ID": 220,
  "Title": "Lucy in the Sky with Diamonds",
  "Duration": "03:28:00",
  "Artist_ID": 20
},
{
  "_id": {
    "$oid": "656d4c80a5ce939e3d699cf1"
  },
  "ID": 221,
  "Title": "Sweet Dreams (Are Made of This)",
  "Duration": "03:36:00",
  "Artist_ID": 21
},
{
  "_id": {
    "$oid": "656d4c80a5ce939e3d699cf2"
  },
  "ID": 222,
  "Title": "Total Eclipse of the Heart",
  "Duration": "04:29:00",
  "Artist_ID": 22
},
{
  "_id": {
    "$oid": "656d4c80a5ce939e3d699cf3"
  },
  "ID": 223,
  "Title": "Radioactive",
  "Duration": "03:06:00",
  "Artist_ID": 23
},
{
  "_id": {
    "$oid": "656d4c80a5ce939e3d699cf4"
  },
  "ID": 224,
  "Title": "Sweet Caroline",
  "Duration": "03:21:00",
  "Artist_ID": 24
},
{
  "_id": {
    "$oid": "656d4c80a5ce939e3d699cf5"
  },
  "ID": 225,
  "Title": "All of Me",
  "Duration": "04:29:00",
  "Artist_ID": 25
},
{
  "_id": {
    "$oid": "656d4c80a5ce939e3d699cf6"
  },
  "ID": 226,
  "Title": "Man in the Mirror",
  "Duration": "05:19:00",
  "Artist_ID": 26
},
{
  "_id": {
    "$oid": "656d4c80a5ce939e3d699cf7"
  },
  "ID": 227,
  "Title": "With or Without You",
  "Duration": "04:56:00",
  "Artist_ID": 27
},
{
  "_id": {
    "$oid": "656d4c80a5ce939e3d699cf8"
  },
  "ID": 228,
  "Title": "Let Her Go",
  "Duration": "04:12:00",
  "Artist_ID": 28
},
{
  "_id": {
    "$oid": "656d4c80a5ce939e3d699cf9"
  },
  "ID": 229,
  "Title": "Bad Blood",
  "Duration": "03:32:00",
  "Artist_ID": 29
},
{
  "_id": {
    "$oid": "656d4c80a5ce939e3d699cfa"
  },
  "ID": 230,
  "Title": "Mad World",
  "Duration": "03:09:00",
  "Artist_ID": 30
},
{
  "_id": {
    "$oid": "656d4c80a5ce939e3d699cfb"
  },
  "ID": 231,
  "Title": "Counting Stars",
  "Duration": "04:17:00",
  "Artist_ID": 31
},
{
  "_id": {
    "$oid": "656d4c80a5ce939e3d699cfc"
  },
  "ID": 232,
  "Title": "Chandelier",
  "Duration": "03:36:00",
  "Artist_ID": 32
},
{
  "_id": {
    "$oid": "656d4c80a5ce939e3d699cfd"
  },
  "ID": 233,
  "Title": "Born to Run",
  "Duration": "04:31:00",
  "Artist_ID": 33
},
{
  "_id": {
    "$oid": "656d4c80a5ce939e3d699cfe"
  },
  "ID": 234,
  "Title": "Drops of Jupiter",
  "Duration": "04:20:00",
  "Artist_ID": 34
},
{
  "_id": {
    "$oid": "656d4c80a5ce939e3d699cff"
  },
  "ID": 235,
  "Title": "Africa",
  "Duration": "04:55:00",
  "Artist_ID": 35
},
{
  "_id": {
    "$oid": "656d4c80a5ce939e3d699d00"
  },
  "ID": 236,
  "Title": "The Sound of Music",
  "Duration": "02:45:00",
  "Artist_ID": 36
},
{
  "_id": {
    "$oid": "656d4c80a5ce939e3d699d01"
  },
  "ID": 237,
  "Title": "I'll Be There",
  "Duration": "03:57:00",
  "Artist_ID": 37
},
{
  "_id": {
    "$oid": "656d4c80a5ce939e3d699d02"
  },
  "ID": 238,
  "Title": "Wind Beneath My Wings",
  "Duration": "04:54:00",
  "Artist_ID": 38
},
{
  "_id": {
    "$oid": "656d4c80a5ce939e3d699d03"
  },
  "ID": 239,
  "Title": "Shape of My Heart",
  "Duration": "04:39:00",
  "Artist_ID": 39
},
{
  "_id": {
    "$oid": "656d4c80a5ce939e3d699d04"
  },
  "ID": 240,
  "Title": "La La Land",
  "Duration": "03:08:00",
  "Artist_ID": 40
},
{
  "_id": {
    "$oid": "656d4c80a5ce939e3d699d05"
  },
  "ID": 241,
  "Title": "Boulevard of Broken Dreams",
  "Duration": "04:20:00",
  "Artist_ID": 41
},
{
  "_id": {
    "$oid": "656d4c80a5ce939e3d699d06"
  },
  "ID": 242,
  "Title": "Clocks",
  "Duration": "05:07:00",
  "Artist_ID": 42
},
{
  "_id": {
    "$oid": "656d4c80a5ce939e3d699d07"
  },
  "ID": 243,
  "Title": "I Want to Hold Your Hand",
  "Duration": "02:27:00",
  "Artist_ID": 43
},
{
  "_id": {
    "$oid": "656d4c80a5ce939e3d699d08"
  },
  "ID": 244,
  "Title": "Titanium",
  "Duration": "04:05:00",
  "Artist_ID": 44
},
{
  "_id": {
    "$oid": "656d4c80a5ce939e3d699d09"
  },
  "ID": 245,
  "Title": "Circle of Life",
  "Duration": "04:52:00",
  "Artist_ID": 45
},
{
  "_id": {
    "$oid": "656d4c80a5ce939e3d699d0a"
  },
  "ID": 246,
  "Title": "Wish You Were Here",
  "Duration": "05:40:00",
  "Artist_ID": 46
},
{
  "_id": {
    "$oid": "656d4c80a5ce939e3d699d0b"
  },
  "ID": 247,
  "Title": "Blue Suede Shoes",
  "Duration": "02:00:00",
  "Artist_ID": 47
},
{
  "_id": {
    "$oid": "656d4c80a5ce939e3d699d0c"
  },
  "ID": 248,
  "Title": "Sweet Caroline",
  "Duration": "03:21:00",
  "Artist_ID": 48
},
{
  "_id": {
    "$oid": "656d4c80a5ce939e3d699d0d"
  },
  "ID": 249,
  "Title": "I'm Yours",
  "Duration": "04:02:00",
  "Artist_ID": 49
},
{
  "_id": {
    "$oid": "656d4c80a5ce939e3d699d0e"
  },
  "ID": 250,
  "Title": "I'm a Believer",
  "Duration": "02:46:00",
  "Artist_ID": 50
}]