[{
  "_id": {
    "$oid": "656d4be6a5ce939e3d6996da"
  },
  "LikeID": 1,
  "UserID": 28,
  "SongID": 221
},
{
  "_id": {
    "$oid": "656d4be6a5ce939e3d6996db"
  },
  "LikeID": 2,
  "UserID": 32,
  "SongID": 215
},
{
  "_id": {
    "$oid": "656d4be6a5ce939e3d6996dc"
  },
  "LikeID": 3,
  "UserID": 34,
  "SongID": 204
},
{
  "_id": {
    "$oid": "656d4be6a5ce939e3d6996dd"
  },
  "LikeID": 4,
  "UserID": 37,
  "SongID": 245
},
{
  "_id": {
    "$oid": "656d4be6a5ce939e3d6996de"
  },
  "LikeID": 5,
  "UserID": 45,
  "SongID": 201
},
{
  "_id": {
    "$oid": "656d4be6a5ce939e3d6996df"
  },
  "LikeID": 6,
  "UserID": 49,
  "SongID": 195
},
{
  "_id": {
    "$oid": "656d4be6a5ce939e3d6996e0"
  },
  "LikeID": 7,
  "UserID": 50,
  "SongID": 171
},
{
  "_id": {
    "$oid": "656d4be6a5ce939e3d6996e1"
  },
  "LikeID": 8,
  "UserID": 53,
  "SongID": 32
},
{
  "_id": {
    "$oid": "656d4be6a5ce939e3d6996e2"
  },
  "LikeID": 9,
  "UserID": 56,
  "SongID": 56
},
{
  "_id": {
    "$oid": "656d4be6a5ce939e3d6996e3"
  },
  "LikeID": 10,
  "UserID": 57,
  "SongID": 89
},
{
  "_id": {
    "$oid": "656d4be6a5ce939e3d6996e4"
  },
  "LikeID": 11,
  "UserID": 58,
  "SongID": 179
},
{
  "_id": {
    "$oid": "656d4be6a5ce939e3d6996e5"
  },
  "LikeID": 12,
  "UserID": 62,
  "SongID": 7
},
{
  "_id": {
    "$oid": "656d4be6a5ce939e3d6996e6"
  },
  "LikeID": 13,
  "UserID": 67,
  "SongID": 231
},
{
  "_id": {
    "$oid": "656d4be6a5ce939e3d6996e7"
  },
  "LikeID": 14,
  "UserID": 70,
  "SongID": 238
},
{
  "_id": {
    "$oid": "656d4be6a5ce939e3d6996e8"
  },
  "LikeID": 15,
  "UserID": 74,
  "SongID": 56
},
{
  "_id": {
    "$oid": "656d4be6a5ce939e3d6996e9"
  },
  "LikeID": 16,
  "UserID": 74,
  "SongID": 134
},
{
  "_id": {
    "$oid": "656d4be6a5ce939e3d6996ea"
  },
  "LikeID": 17,
  "UserID": 78,
  "SongID": 139
},
{
  "_id": {
    "$oid": "656d4be6a5ce939e3d6996eb"
  },
  "LikeID": 18,
  "UserID": 82,
  "SongID": 198
},
{
  "_id": {
    "$oid": "656d4be6a5ce939e3d6996ec"
  },
  "LikeID": 19,
  "UserID": 86,
  "SongID": 154
},
{
  "_id": {
    "$oid": "656d4be6a5ce939e3d6996ed"
  },
  "LikeID": 20,
  "UserID": 89,
  "SongID": 109
},
{
  "_id": {
    "$oid": "656d4be6a5ce939e3d6996ee"
  },
  "LikeID": 21,
  "UserID": 89,
  "SongID": 127
},
{
  "_id": {
    "$oid": "656d4be6a5ce939e3d6996ef"
  },
  "LikeID": 22,
  "UserID": 92,
  "SongID": 159
},
{
  "_id": {
    "$oid": "656d4be6a5ce939e3d6996f0"
  },
  "LikeID": 23,
  "UserID": 92,
  "SongID": 166
},
{
  "_id": {
    "$oid": "656d4be6a5ce939e3d6996f1"
  },
  "LikeID": 24,
  "UserID": 95,
  "SongID": 68
},
{
  "_id": {
    "$oid": "656d4be6a5ce939e3d6996f2"
  },
  "LikeID": 25,
  "UserID": 98,
  "SongID": 117
},
{
  "_id": {
    "$oid": "656d4be6a5ce939e3d6996f3"
  },
  "LikeID": 26,
  "UserID": 104,
  "SongID": 123
},
{
  "_id": {
    "$oid": "656d4be6a5ce939e3d6996f4"
  },
  "LikeID": 27,
  "UserID": 105,
  "SongID": 110
},
{
  "_id": {
    "$oid": "656d4be6a5ce939e3d6996f5"
  },
  "LikeID": 28,
  "UserID": 108,
  "SongID": 35
},
{
  "_id": {
    "$oid": "656d4be6a5ce939e3d6996f6"
  },
  "LikeID": 29,
  "UserID": 111,
  "SongID": 167
},
{
  "_id": {
    "$oid": "656d4be6a5ce939e3d6996f7"
  },
  "LikeID": 30,
  "UserID": 112,
  "SongID": 45
},
{
  "_id": {
    "$oid": "656d4be6a5ce939e3d6996f8"
  },
  "LikeID": 31,
  "UserID": 112,
  "SongID": 81
},
{
  "_id": {
    "$oid": "656d4be6a5ce939e3d6996f9"
  },
  "LikeID": 32,
  "UserID": 119,
  "SongID": 143
},
{
  "_id": {
    "$oid": "656d4be6a5ce939e3d6996fa"
  },
  "LikeID": 33,
  "UserID": 120,
  "SongID": 222
},
{
  "_id": {
    "$oid": "656d4be6a5ce939e3d6996fb"
  },
  "LikeID": 34,
  "UserID": 121,
  "SongID": 45
},
{
  "_id": {
    "$oid": "656d4be6a5ce939e3d6996fc"
  },
  "LikeID": 35,
  "UserID": 131,
  "SongID": 215
},
{
  "_id": {
    "$oid": "656d4be6a5ce939e3d6996fd"
  },
  "LikeID": 36,
  "UserID": 132,
  "SongID": 46
},
{
  "_id": {
    "$oid": "656d4be6a5ce939e3d6996fe"
  },
  "LikeID": 37,
  "UserID": 134,
  "SongID": 192
},
{
  "_id": {
    "$oid": "656d4be6a5ce939e3d6996ff"
  },
  "LikeID": 38,
  "UserID": 141,
  "SongID": 205
},
{
  "_id": {
    "$oid": "656d4be6a5ce939e3d699700"
  },
  "LikeID": 39,
  "UserID": 147,
  "SongID": 162
},
{
  "_id": {
    "$oid": "656d4be6a5ce939e3d699701"
  },
  "LikeID": 40,
  "UserID": 148,
  "SongID": 94
},
{
  "_id": {
    "$oid": "656d4be6a5ce939e3d699702"
  },
  "LikeID": 41,
  "UserID": 152,
  "SongID": 197
},
{
  "_id": {
    "$oid": "656d4be6a5ce939e3d699703"
  },
  "LikeID": 42,
  "UserID": 153,
  "SongID": 109
},
{
  "_id": {
    "$oid": "656d4be6a5ce939e3d699704"
  },
  "LikeID": 43,
  "UserID": 161,
  "SongID": 76
},
{
  "_id": {
    "$oid": "656d4be6a5ce939e3d699705"
  },
  "LikeID": 44,
  "UserID": 163,
  "SongID": 119
},
{
  "_id": {
    "$oid": "656d4be6a5ce939e3d699706"
  },
  "LikeID": 45,
  "UserID": 164,
  "SongID": 82
},
{
  "_id": {
    "$oid": "656d4be6a5ce939e3d699707"
  },
  "LikeID": 46,
  "UserID": 173,
  "SongID": 77
},
{
  "_id": {
    "$oid": "656d4be6a5ce939e3d699708"
  },
  "LikeID": 47,
  "UserID": 176,
  "SongID": 248
},
{
  "_id": {
    "$oid": "656d4be6a5ce939e3d699709"
  },
  "LikeID": 48,
  "UserID": 178,
  "SongID": 149
},
{
  "_id": {
    "$oid": "656d4be6a5ce939e3d69970a"
  },
  "LikeID": 49,
  "UserID": 186,
  "SongID": 3
},
{
  "_id": {
    "$oid": "656d4be6a5ce939e3d69970b"
  },
  "LikeID": 50,
  "UserID": 187,
  "SongID": 144
},
{
  "_id": {
    "$oid": "656d4be6a5ce939e3d69970c"
  },
  "LikeID": 51,
  "UserID": 191,
  "SongID": 80
},
{
  "_id": {
    "$oid": "656d4be6a5ce939e3d69970d"
  },
  "LikeID": 52,
  "UserID": 203,
  "SongID": 34
},
{
  "_id": {
    "$oid": "656d4be6a5ce939e3d69970e"
  },
  "LikeID": 53,
  "UserID": 203,
  "SongID": 96
},
{
  "_id": {
    "$oid": "656d4be6a5ce939e3d69970f"
  },
  "LikeID": 54,
  "UserID": 205,
  "SongID": 178
},
{
  "_id": {
    "$oid": "656d4be6a5ce939e3d699710"
  },
  "LikeID": 55,
  "UserID": 209,
  "SongID": 128
},
{
  "_id": {
    "$oid": "656d4be6a5ce939e3d699711"
  },
  "LikeID": 56,
  "UserID": 211,
  "SongID": 190
},
{
  "_id": {
    "$oid": "656d4be6a5ce939e3d699712"
  },
  "LikeID": 57,
  "UserID": 214,
  "SongID": 192
},
{
  "_id": {
    "$oid": "656d4be6a5ce939e3d699713"
  },
  "LikeID": 58,
  "UserID": 221,
  "SongID": 87
},
{
  "_id": {
    "$oid": "656d4be6a5ce939e3d699714"
  },
  "LikeID": 59,
  "UserID": 222,
  "SongID": 218
},
{
  "_id": {
    "$oid": "656d4be6a5ce939e3d699715"
  },
  "LikeID": 60,
  "UserID": 233,
  "SongID": 29
},
{
  "_id": {
    "$oid": "656d4be6a5ce939e3d699716"
  },
  "LikeID": 61,
  "UserID": 234,
  "SongID": 75
},
{
  "_id": {
    "$oid": "656d4be6a5ce939e3d699717"
  },
  "LikeID": 62,
  "UserID": 238,
  "SongID": 18
},
{
  "_id": {
    "$oid": "656d4be6a5ce939e3d699718"
  },
  "LikeID": 63,
  "UserID": 238,
  "SongID": 238
},
{
  "_id": {
    "$oid": "656d4be6a5ce939e3d699719"
  },
  "LikeID": 64,
  "UserID": 245,
  "SongID": 25
},
{
  "_id": {
    "$oid": "656d4be6a5ce939e3d69971a"
  },
  "LikeID": 65,
  "UserID": 246,
  "SongID": 92
},
{
  "_id": {
    "$oid": "656d4be6a5ce939e3d69971b"
  },
  "LikeID": 66,
  "UserID": 254,
  "SongID": 65
},
{
  "_id": {
    "$oid": "656d4be6a5ce939e3d69971c"
  },
  "LikeID": 67,
  "UserID": 257,
  "SongID": 183
},
{
  "_id": {
    "$oid": "656d4be6a5ce939e3d69971d"
  },
  "LikeID": 68,
  "UserID": 259,
  "SongID": 77
},
{
  "_id": {
    "$oid": "656d4be6a5ce939e3d69971e"
  },
  "LikeID": 69,
  "UserID": 267,
  "SongID": 104
},
{
  "_id": {
    "$oid": "656d4be6a5ce939e3d69971f"
  },
  "LikeID": 70,
  "UserID": 275,
  "SongID": 225
},
{
  "_id": {
    "$oid": "656d4be6a5ce939e3d699720"
  },
  "LikeID": 71,
  "UserID": 276,
  "SongID": 96
},
{
  "_id": {
    "$oid": "656d4be6a5ce939e3d699721"
  },
  "LikeID": 72,
  "UserID": 287,
  "SongID": 54
},
{
  "_id": {
    "$oid": "656d4be6a5ce939e3d699722"
  },
  "LikeID": 73,
  "UserID": 289,
  "SongID": 129
},
{
  "_id": {
    "$oid": "656d4be6a5ce939e3d699723"
  },
  "LikeID": 74,
  "UserID": 291,
  "SongID": 38
},
{
  "_id": {
    "$oid": "656d4be6a5ce939e3d699724"
  },
  "LikeID": 75,
  "UserID": 293,
  "SongID": 223
},
{
  "_id": {
    "$oid": "656d4be6a5ce939e3d699725"
  },
  "LikeID": 76,
  "UserID": 298,
  "SongID": 122
},
{
  "_id": {
    "$oid": "656d4be6a5ce939e3d699726"
  },
  "LikeID": 77,
  "UserID": 299,
  "SongID": 238
},
{
  "_id": {
    "$oid": "656d4be6a5ce939e3d699727"
  },
  "LikeID": 78,
  "UserID": 306,
  "SongID": 111
},
{
  "_id": {
    "$oid": "656d4be6a5ce939e3d699728"
  },
  "LikeID": 79,
  "UserID": 312,
  "SongID": 62
},
{
  "_id": {
    "$oid": "656d4be6a5ce939e3d699729"
  },
  "LikeID": 80,
  "UserID": 317,
  "SongID": 87
},
{
  "_id": {
    "$oid": "656d4be6a5ce939e3d69972a"
  },
  "LikeID": 81,
  "UserID": 317,
  "SongID": 233
},
{
  "_id": {
    "$oid": "656d4be6a5ce939e3d69972b"
  },
  "LikeID": 82,
  "UserID": 319,
  "SongID": 189
},
{
  "_id": {
    "$oid": "656d4be6a5ce939e3d69972c"
  },
  "LikeID": 83,
  "UserID": 322,
  "SongID": 145
},
{
  "_id": {
    "$oid": "656d4be6a5ce939e3d69972d"
  },
  "LikeID": 84,
  "UserID": 331,
  "SongID": 14
}]