[{
  "_id": {
    "$oid": "656d4bc8a5ce939e3d699682"
  },
  "DeveloperID": 1,
  "MusicPlayerSystemID": 1
},
{
  "_id": {
    "$oid": "656d4bc8a5ce939e3d699683"
  },
  "DeveloperID": 7,
  "MusicPlayerSystemID": 1
},
{
  "_id": {
    "$oid": "656d4bc8a5ce939e3d699684"
  },
  "DeveloperID": 13,
  "MusicPlayerSystemID": 1
},
{
  "_id": {
    "$oid": "656d4bc8a5ce939e3d699685"
  },
  "DeveloperID": 19,
  "MusicPlayerSystemID": 1
},
{
  "_id": {
    "$oid": "656d4bc8a5ce939e3d699686"
  },
  "DeveloperID": 25,
  "MusicPlayerSystemID": 1
},
{
  "_id": {
    "$oid": "656d4bc8a5ce939e3d699687"
  },
  "DeveloperID": 31,
  "MusicPlayerSystemID": 1
},
{
  "_id": {
    "$oid": "656d4bc8a5ce939e3d699688"
  },
  "DeveloperID": 37,
  "MusicPlayerSystemID": 1
},
{
  "_id": {
    "$oid": "656d4bc8a5ce939e3d699689"
  },
  "DeveloperID": 43,
  "MusicPlayerSystemID": 1
},
{
  "_id": {
    "$oid": "656d4bc8a5ce939e3d69968a"
  },
  "DeveloperID": 49,
  "MusicPlayerSystemID": 1
},
{
  "_id": {
    "$oid": "656d4bc8a5ce939e3d69968b"
  },
  "DeveloperID": 55,
  "MusicPlayerSystemID": 1
},
{
  "_id": {
    "$oid": "656d4bc8a5ce939e3d69968c"
  },
  "DeveloperID": 61,
  "MusicPlayerSystemID": 1
},
{
  "_id": {
    "$oid": "656d4bc8a5ce939e3d69968d"
  },
  "DeveloperID": 67,
  "MusicPlayerSystemID": 1
},
{
  "_id": {
    "$oid": "656d4bc8a5ce939e3d69968e"
  },
  "DeveloperID": 73,
  "MusicPlayerSystemID": 1
},
{
  "_id": {
    "$oid": "656d4bc8a5ce939e3d69968f"
  },
  "DeveloperID": 79,
  "MusicPlayerSystemID": 1
},
{
  "_id": {
    "$oid": "656d4bc8a5ce939e3d699690"
  },
  "DeveloperID": 85,
  "MusicPlayerSystemID": 1
},
{
  "_id": {
    "$oid": "656d4bc8a5ce939e3d699691"
  },
  "DeveloperID": 2,
  "MusicPlayerSystemID": 2
},
{
  "_id": {
    "$oid": "656d4bc8a5ce939e3d699692"
  },
  "DeveloperID": 8,
  "MusicPlayerSystemID": 2
},
{
  "_id": {
    "$oid": "656d4bc8a5ce939e3d699693"
  },
  "DeveloperID": 14,
  "MusicPlayerSystemID": 2
},
{
  "_id": {
    "$oid": "656d4bc8a5ce939e3d699694"
  },
  "DeveloperID": 20,
  "MusicPlayerSystemID": 2
},
{
  "_id": {
    "$oid": "656d4bc8a5ce939e3d699695"
  },
  "DeveloperID": 26,
  "MusicPlayerSystemID": 2
},
{
  "_id": {
    "$oid": "656d4bc8a5ce939e3d699696"
  },
  "DeveloperID": 32,
  "MusicPlayerSystemID": 2
},
{
  "_id": {
    "$oid": "656d4bc8a5ce939e3d699697"
  },
  "DeveloperID": 38,
  "MusicPlayerSystemID": 2
},
{
  "_id": {
    "$oid": "656d4bc8a5ce939e3d699698"
  },
  "DeveloperID": 44,
  "MusicPlayerSystemID": 2
},
{
  "_id": {
    "$oid": "656d4bc8a5ce939e3d699699"
  },
  "DeveloperID": 50,
  "MusicPlayerSystemID": 2
},
{
  "_id": {
    "$oid": "656d4bc8a5ce939e3d69969a"
  },
  "DeveloperID": 56,
  "MusicPlayerSystemID": 2
},
{
  "_id": {
    "$oid": "656d4bc8a5ce939e3d69969b"
  },
  "DeveloperID": 62,
  "MusicPlayerSystemID": 2
},
{
  "_id": {
    "$oid": "656d4bc8a5ce939e3d69969c"
  },
  "DeveloperID": 68,
  "MusicPlayerSystemID": 2
},
{
  "_id": {
    "$oid": "656d4bc8a5ce939e3d69969d"
  },
  "DeveloperID": 74,
  "MusicPlayerSystemID": 2
},
{
  "_id": {
    "$oid": "656d4bc8a5ce939e3d69969e"
  },
  "DeveloperID": 80,
  "MusicPlayerSystemID": 2
},
{
  "_id": {
    "$oid": "656d4bc8a5ce939e3d69969f"
  },
  "DeveloperID": 86,
  "MusicPlayerSystemID": 2
},
{
  "_id": {
    "$oid": "656d4bc8a5ce939e3d6996a0"
  },
  "DeveloperID": 3,
  "MusicPlayerSystemID": 3
},
{
  "_id": {
    "$oid": "656d4bc8a5ce939e3d6996a1"
  },
  "DeveloperID": 9,
  "MusicPlayerSystemID": 3
},
{
  "_id": {
    "$oid": "656d4bc8a5ce939e3d6996a2"
  },
  "DeveloperID": 15,
  "MusicPlayerSystemID": 3
},
{
  "_id": {
    "$oid": "656d4bc8a5ce939e3d6996a3"
  },
  "DeveloperID": 21,
  "MusicPlayerSystemID": 3
},
{
  "_id": {
    "$oid": "656d4bc8a5ce939e3d6996a4"
  },
  "DeveloperID": 27,
  "MusicPlayerSystemID": 3
},
{
  "_id": {
    "$oid": "656d4bc8a5ce939e3d6996a5"
  },
  "DeveloperID": 33,
  "MusicPlayerSystemID": 3
},
{
  "_id": {
    "$oid": "656d4bc8a5ce939e3d6996a6"
  },
  "DeveloperID": 39,
  "MusicPlayerSystemID": 3
},
{
  "_id": {
    "$oid": "656d4bc8a5ce939e3d6996a7"
  },
  "DeveloperID": 45,
  "MusicPlayerSystemID": 3
},
{
  "_id": {
    "$oid": "656d4bc8a5ce939e3d6996a8"
  },
  "DeveloperID": 51,
  "MusicPlayerSystemID": 3
},
{
  "_id": {
    "$oid": "656d4bc8a5ce939e3d6996a9"
  },
  "DeveloperID": 57,
  "MusicPlayerSystemID": 3
},
{
  "_id": {
    "$oid": "656d4bc8a5ce939e3d6996aa"
  },
  "DeveloperID": 63,
  "MusicPlayerSystemID": 3
},
{
  "_id": {
    "$oid": "656d4bc8a5ce939e3d6996ab"
  },
  "DeveloperID": 69,
  "MusicPlayerSystemID": 3
},
{
  "_id": {
    "$oid": "656d4bc8a5ce939e3d6996ac"
  },
  "DeveloperID": 75,
  "MusicPlayerSystemID": 3
},
{
  "_id": {
    "$oid": "656d4bc8a5ce939e3d6996ad"
  },
  "DeveloperID": 81,
  "MusicPlayerSystemID": 3
},
{
  "_id": {
    "$oid": "656d4bc8a5ce939e3d6996ae"
  },
  "DeveloperID": 87,
  "MusicPlayerSystemID": 3
},
{
  "_id": {
    "$oid": "656d4bc8a5ce939e3d6996af"
  },
  "DeveloperID": 4,
  "MusicPlayerSystemID": 4
},
{
  "_id": {
    "$oid": "656d4bc8a5ce939e3d6996b0"
  },
  "DeveloperID": 10,
  "MusicPlayerSystemID": 4
},
{
  "_id": {
    "$oid": "656d4bc8a5ce939e3d6996b1"
  },
  "DeveloperID": 16,
  "MusicPlayerSystemID": 4
},
{
  "_id": {
    "$oid": "656d4bc8a5ce939e3d6996b2"
  },
  "DeveloperID": 22,
  "MusicPlayerSystemID": 4
},
{
  "_id": {
    "$oid": "656d4bc8a5ce939e3d6996b3"
  },
  "DeveloperID": 28,
  "MusicPlayerSystemID": 4
},
{
  "_id": {
    "$oid": "656d4bc8a5ce939e3d6996b4"
  },
  "DeveloperID": 34,
  "MusicPlayerSystemID": 4
},
{
  "_id": {
    "$oid": "656d4bc8a5ce939e3d6996b5"
  },
  "DeveloperID": 40,
  "MusicPlayerSystemID": 4
},
{
  "_id": {
    "$oid": "656d4bc8a5ce939e3d6996b6"
  },
  "DeveloperID": 46,
  "MusicPlayerSystemID": 4
},
{
  "_id": {
    "$oid": "656d4bc8a5ce939e3d6996b7"
  },
  "DeveloperID": 52,
  "MusicPlayerSystemID": 4
},
{
  "_id": {
    "$oid": "656d4bc8a5ce939e3d6996b8"
  },
  "DeveloperID": 58,
  "MusicPlayerSystemID": 4
},
{
  "_id": {
    "$oid": "656d4bc8a5ce939e3d6996b9"
  },
  "DeveloperID": 64,
  "MusicPlayerSystemID": 4
},
{
  "_id": {
    "$oid": "656d4bc8a5ce939e3d6996ba"
  },
  "DeveloperID": 70,
  "MusicPlayerSystemID": 4
},
{
  "_id": {
    "$oid": "656d4bc8a5ce939e3d6996bb"
  },
  "DeveloperID": 76,
  "MusicPlayerSystemID": 4
},
{
  "_id": {
    "$oid": "656d4bc8a5ce939e3d6996bc"
  },
  "DeveloperID": 82,
  "MusicPlayerSystemID": 4
},
{
  "_id": {
    "$oid": "656d4bc8a5ce939e3d6996bd"
  },
  "DeveloperID": 5,
  "MusicPlayerSystemID": 5
},
{
  "_id": {
    "$oid": "656d4bc8a5ce939e3d6996be"
  },
  "DeveloperID": 11,
  "MusicPlayerSystemID": 5
},
{
  "_id": {
    "$oid": "656d4bc8a5ce939e3d6996bf"
  },
  "DeveloperID": 17,
  "MusicPlayerSystemID": 5
},
{
  "_id": {
    "$oid": "656d4bc8a5ce939e3d6996c0"
  },
  "DeveloperID": 23,
  "MusicPlayerSystemID": 5
},
{
  "_id": {
    "$oid": "656d4bc8a5ce939e3d6996c1"
  },
  "DeveloperID": 29,
  "MusicPlayerSystemID": 5
},
{
  "_id": {
    "$oid": "656d4bc8a5ce939e3d6996c2"
  },
  "DeveloperID": 35,
  "MusicPlayerSystemID": 5
},
{
  "_id": {
    "$oid": "656d4bc8a5ce939e3d6996c3"
  },
  "DeveloperID": 41,
  "MusicPlayerSystemID": 5
},
{
  "_id": {
    "$oid": "656d4bc8a5ce939e3d6996c4"
  },
  "DeveloperID": 47,
  "MusicPlayerSystemID": 5
},
{
  "_id": {
    "$oid": "656d4bc8a5ce939e3d6996c5"
  },
  "DeveloperID": 53,
  "MusicPlayerSystemID": 5
},
{
  "_id": {
    "$oid": "656d4bc8a5ce939e3d6996c6"
  },
  "DeveloperID": 59,
  "MusicPlayerSystemID": 5
},
{
  "_id": {
    "$oid": "656d4bc8a5ce939e3d6996c7"
  },
  "DeveloperID": 65,
  "MusicPlayerSystemID": 5
},
{
  "_id": {
    "$oid": "656d4bc8a5ce939e3d6996c8"
  },
  "DeveloperID": 71,
  "MusicPlayerSystemID": 5
},
{
  "_id": {
    "$oid": "656d4bc8a5ce939e3d6996c9"
  },
  "DeveloperID": 77,
  "MusicPlayerSystemID": 5
},
{
  "_id": {
    "$oid": "656d4bc8a5ce939e3d6996ca"
  },
  "DeveloperID": 83,
  "MusicPlayerSystemID": 5
},
{
  "_id": {
    "$oid": "656d4bc8a5ce939e3d6996cb"
  },
  "DeveloperID": 6,
  "MusicPlayerSystemID": 6
},
{
  "_id": {
    "$oid": "656d4bc8a5ce939e3d6996cc"
  },
  "DeveloperID": 12,
  "MusicPlayerSystemID": 6
},
{
  "_id": {
    "$oid": "656d4bc8a5ce939e3d6996cd"
  },
  "DeveloperID": 18,
  "MusicPlayerSystemID": 6
},
{
  "_id": {
    "$oid": "656d4bc8a5ce939e3d6996ce"
  },
  "DeveloperID": 24,
  "MusicPlayerSystemID": 6
},
{
  "_id": {
    "$oid": "656d4bc8a5ce939e3d6996cf"
  },
  "DeveloperID": 30,
  "MusicPlayerSystemID": 6
},
{
  "_id": {
    "$oid": "656d4bc8a5ce939e3d6996d0"
  },
  "DeveloperID": 36,
  "MusicPlayerSystemID": 6
},
{
  "_id": {
    "$oid": "656d4bc8a5ce939e3d6996d1"
  },
  "DeveloperID": 42,
  "MusicPlayerSystemID": 6
},
{
  "_id": {
    "$oid": "656d4bc8a5ce939e3d6996d2"
  },
  "DeveloperID": 48,
  "MusicPlayerSystemID": 6
},
{
  "_id": {
    "$oid": "656d4bc8a5ce939e3d6996d3"
  },
  "DeveloperID": 54,
  "MusicPlayerSystemID": 6
},
{
  "_id": {
    "$oid": "656d4bc8a5ce939e3d6996d4"
  },
  "DeveloperID": 60,
  "MusicPlayerSystemID": 6
},
{
  "_id": {
    "$oid": "656d4bc8a5ce939e3d6996d5"
  },
  "DeveloperID": 66,
  "MusicPlayerSystemID": 6
},
{
  "_id": {
    "$oid": "656d4bc8a5ce939e3d6996d6"
  },
  "DeveloperID": 72,
  "MusicPlayerSystemID": 6
},
{
  "_id": {
    "$oid": "656d4bc8a5ce939e3d6996d7"
  },
  "DeveloperID": 78,
  "MusicPlayerSystemID": 6
},
{
  "_id": {
    "$oid": "656d4bc8a5ce939e3d6996d8"
  },
  "DeveloperID": 84,
  "MusicPlayerSystemID": 6
}]