[{
  "_id": {
    "$oid": "656d4caca5ce939e3d699e7c"
  },
  "id": 1,
  "UID": 1,
  "email_ID": "integer.eu@yahoo.com",
  "PID": 88
},
{
  "_id": {
    "$oid": "656d4caca5ce939e3d699e7d"
  },
  "id": 2,
  "UID": 2,
  "email_ID": "pede.nonummy@protonmail.org",
  "PID": 89
},
{
  "_id": {
    "$oid": "656d4caca5ce939e3d699e7e"
  },
  "id": 3,
  "UID": 3,
  "email_ID": "nulla@hotmail.edu",
  "PID": 90
},
{
  "_id": {
    "$oid": "656d4caca5ce939e3d699e7f"
  },
  "id": 4,
  "UID": 4,
  "email_ID": "enim.mauris@icloud.edu",
  "PID": 91
},
{
  "_id": {
    "$oid": "656d4caca5ce939e3d699e80"
  },
  "id": 5,
  "UID": 5,
  "email_ID": "euismod.enim.etiam@hotmail.org",
  "PID": 92
},
{
  "_id": {
    "$oid": "656d4caca5ce939e3d699e81"
  },
  "id": 6,
  "UID": 6,
  "email_ID": "sagittis.placerat.cras@hotmail.com",
  "PID": 93
},
{
  "_id": {
    "$oid": "656d4caca5ce939e3d699e82"
  },
  "id": 7,
  "UID": 7,
  "email_ID": "et.lacinia.vitae@aol.ca",
  "PID": 94
},
{
  "_id": {
    "$oid": "656d4caca5ce939e3d699e83"
  },
  "id": 8,
  "UID": 8,
  "email_ID": "ac.mattis@aol.ca",
  "PID": 95
},
{
  "_id": {
    "$oid": "656d4caca5ce939e3d699e84"
  },
  "id": 9,
  "UID": 9,
  "email_ID": "purus.accumsan.interdum@protonmail.com",
  "PID": 96
},
{
  "_id": {
    "$oid": "656d4caca5ce939e3d699e85"
  },
  "id": 10,
  "UID": 10,
  "email_ID": "gravida.sit@outlook.org",
  "PID": 97
},
{
  "_id": {
    "$oid": "656d4caca5ce939e3d699e86"
  },
  "id": 11,
  "UID": 11,
  "email_ID": "fermentum.vel@outlook.ca",
  "PID": 98
},
{
  "_id": {
    "$oid": "656d4caca5ce939e3d699e87"
  },
  "id": 12,
  "UID": 12,
  "email_ID": "nostra@icloud.edu",
  "PID": 99
},
{
  "_id": {
    "$oid": "656d4caca5ce939e3d699e88"
  },
  "id": 13,
  "UID": 13,
  "email_ID": "at.velit.pellentesque@yahoo.couk",
  "PID": 100
},
{
  "_id": {
    "$oid": "656d4caca5ce939e3d699e89"
  },
  "id": 14,
  "UID": 14,
  "email_ID": "maecenas.iaculis@protonmail.couk",
  "PID": 101
},
{
  "_id": {
    "$oid": "656d4caca5ce939e3d699e8a"
  },
  "id": 15,
  "UID": 15,
  "email_ID": "quisque@icloud.ca",
  "PID": 102
},
{
  "_id": {
    "$oid": "656d4caca5ce939e3d699e8b"
  },
  "id": 16,
  "UID": 16,
  "email_ID": "praesent.eu@outlook.com",
  "PID": 103
},
{
  "_id": {
    "$oid": "656d4caca5ce939e3d699e8c"
  },
  "id": 17,
  "UID": 17,
  "email_ID": "leo.in.lobortis@hotmail.edu",
  "PID": 104
},
{
  "_id": {
    "$oid": "656d4caca5ce939e3d699e8d"
  },
  "id": 18,
  "UID": 18,
  "email_ID": "a.nunc@protonmail.net",
  "PID": 105
},
{
  "_id": {
    "$oid": "656d4caca5ce939e3d699e8e"
  },
  "id": 19,
  "UID": 19,
  "email_ID": "ridiculus@protonmail.couk",
  "PID": 106
},
{
  "_id": {
    "$oid": "656d4caca5ce939e3d699e8f"
  },
  "id": 20,
  "UID": 20,
  "email_ID": "egestas.a@icloud.ca",
  "PID": 107
},
{
  "_id": {
    "$oid": "656d4caca5ce939e3d699e90"
  },
  "id": 21,
  "UID": 21,
  "email_ID": "curabitur@icloud.net",
  "PID": 108
},
{
  "_id": {
    "$oid": "656d4caca5ce939e3d699e91"
  },
  "id": 22,
  "UID": 22,
  "email_ID": "cras.dolor@yahoo.couk",
  "PID": 109
},
{
  "_id": {
    "$oid": "656d4caca5ce939e3d699e92"
  },
  "id": 23,
  "UID": 23,
  "email_ID": "pellentesque@aol.net",
  "PID": 110
},
{
  "_id": {
    "$oid": "656d4caca5ce939e3d699e93"
  },
  "id": 24,
  "UID": 24,
  "email_ID": "laoreet.ipsum.curabitur@hotmail.com",
  "PID": 111
},
{
  "_id": {
    "$oid": "656d4caca5ce939e3d699e94"
  },
  "id": 25,
  "UID": 25,
  "email_ID": "mauris.ipsum@icloud.org",
  "PID": 112
},
{
  "_id": {
    "$oid": "656d4caca5ce939e3d699e95"
  },
  "id": 26,
  "UID": 26,
  "email_ID": "purus.accumsan.interdum@outlook.ca",
  "PID": 113
},
{
  "_id": {
    "$oid": "656d4caca5ce939e3d699e96"
  },
  "id": 27,
  "UID": 27,
  "email_ID": "mollis.non@protonmail.edu",
  "PID": 114
},
{
  "_id": {
    "$oid": "656d4caca5ce939e3d699e97"
  },
  "id": 28,
  "UID": 28,
  "email_ID": "amet.consectetuer@yahoo.edu",
  "PID": 115
},
{
  "_id": {
    "$oid": "656d4caca5ce939e3d699e98"
  },
  "id": 29,
  "UID": 29,
  "email_ID": "ac.feugiat@icloud.edu",
  "PID": 116
},
{
  "_id": {
    "$oid": "656d4caca5ce939e3d699e99"
  },
  "id": 30,
  "UID": 30,
  "email_ID": "ullamcorper@protonmail.edu",
  "PID": 117
},
{
  "_id": {
    "$oid": "656d4caca5ce939e3d699e9a"
  },
  "id": 31,
  "UID": 31,
  "email_ID": "nulla.interdum@yahoo.com",
  "PID": 118
},
{
  "_id": {
    "$oid": "656d4caca5ce939e3d699e9b"
  },
  "id": 32,
  "UID": 32,
  "email_ID": "mollis.integer@yahoo.com",
  "PID": 119
},
{
  "_id": {
    "$oid": "656d4caca5ce939e3d699e9c"
  },
  "id": 33,
  "UID": 33,
  "email_ID": "eget.mollis.lectus@hotmail.ca",
  "PID": 120
},
{
  "_id": {
    "$oid": "656d4caca5ce939e3d699e9d"
  },
  "id": 34,
  "UID": 34,
  "email_ID": "diam.eu@outlook.edu",
  "PID": 121
},
{
  "_id": {
    "$oid": "656d4caca5ce939e3d699e9e"
  },
  "id": 35,
  "UID": 35,
  "email_ID": "proin@protonmail.com",
  "PID": 122
},
{
  "_id": {
    "$oid": "656d4caca5ce939e3d699e9f"
  },
  "id": 36,
  "UID": 36,
  "email_ID": "nunc.commodo@google.com",
  "PID": 123
},
{
  "_id": {
    "$oid": "656d4caca5ce939e3d699ea0"
  },
  "id": 37,
  "UID": 37,
  "email_ID": "mus@aol.couk",
  "PID": 124
},
{
  "_id": {
    "$oid": "656d4caca5ce939e3d699ea1"
  },
  "id": 38,
  "UID": 38,
  "email_ID": "et.malesuada.fames@protonmail.ca",
  "PID": 125
},
{
  "_id": {
    "$oid": "656d4caca5ce939e3d699ea2"
  },
  "id": 39,
  "UID": 39,
  "email_ID": "tellus@icloud.net",
  "PID": 126
},
{
  "_id": {
    "$oid": "656d4caca5ce939e3d699ea3"
  },
  "id": 40,
  "UID": 40,
  "email_ID": "bibendum.fermentum@google.org",
  "PID": 127
},
{
  "_id": {
    "$oid": "656d4caca5ce939e3d699ea4"
  },
  "id": 41,
  "UID": 41,
  "email_ID": "ac@outlook.ca",
  "PID": 128
},
{
  "_id": {
    "$oid": "656d4caca5ce939e3d699ea5"
  },
  "id": 42,
  "UID": 42,
  "email_ID": "integer.tincidunt@aol.com",
  "PID": 129
},
{
  "_id": {
    "$oid": "656d4caca5ce939e3d699ea6"
  },
  "id": 43,
  "UID": 43,
  "email_ID": "cras.pellentesque@icloud.edu",
  "PID": 130
},
{
  "_id": {
    "$oid": "656d4caca5ce939e3d699ea7"
  },
  "id": 44,
  "UID": 44,
  "email_ID": "facilisis@outlook.ca",
  "PID": 131
},
{
  "_id": {
    "$oid": "656d4caca5ce939e3d699ea8"
  },
  "id": 45,
  "UID": 45,
  "email_ID": "ridiculus.mus@aol.net",
  "PID": 132
},
{
  "_id": {
    "$oid": "656d4caca5ce939e3d699ea9"
  },
  "id": 46,
  "UID": 46,
  "email_ID": "id.enim.curabitur@google.net",
  "PID": 133
},
{
  "_id": {
    "$oid": "656d4caca5ce939e3d699eaa"
  },
  "id": 47,
  "UID": 47,
  "email_ID": "odio.sagittis.semper@yahoo.net",
  "PID": 134
},
{
  "_id": {
    "$oid": "656d4caca5ce939e3d699eab"
  },
  "id": 48,
  "UID": 48,
  "email_ID": "sed.molestie@icloud.edu",
  "PID": 135
},
{
  "_id": {
    "$oid": "656d4caca5ce939e3d699eac"
  },
  "id": 49,
  "UID": 49,
  "email_ID": "tincidunt@aol.net",
  "PID": 136
},
{
  "_id": {
    "$oid": "656d4caca5ce939e3d699ead"
  },
  "id": 50,
  "UID": 50,
  "email_ID": "neque.pellentesque.massa@aol.couk",
  "PID": 137
},
{
  "_id": {
    "$oid": "656d4caca5ce939e3d699eae"
  },
  "id": 51,
  "UID": 51,
  "email_ID": "netus@protonmail.com",
  "PID": 138
},
{
  "_id": {
    "$oid": "656d4caca5ce939e3d699eaf"
  },
  "id": 52,
  "UID": 52,
  "email_ID": "quis@icloud.ca",
  "PID": 139
},
{
  "_id": {
    "$oid": "656d4caca5ce939e3d699eb0"
  },
  "id": 53,
  "UID": 53,
  "email_ID": "purus@google.couk",
  "PID": 140
},
{
  "_id": {
    "$oid": "656d4caca5ce939e3d699eb1"
  },
  "id": 54,
  "UID": 54,
  "email_ID": "est.arcu@google.ca",
  "PID": 141
},
{
  "_id": {
    "$oid": "656d4caca5ce939e3d699eb2"
  },
  "id": 55,
  "UID": 55,
  "email_ID": "rutrum@yahoo.com",
  "PID": 142
},
{
  "_id": {
    "$oid": "656d4caca5ce939e3d699eb3"
  },
  "id": 56,
  "UID": 56,
  "email_ID": "aliquam@protonmail.net",
  "PID": 143
},
{
  "_id": {
    "$oid": "656d4caca5ce939e3d699eb4"
  },
  "id": 57,
  "UID": 57,
  "email_ID": "dolor.tempus.non@icloud.edu",
  "PID": 144
},
{
  "_id": {
    "$oid": "656d4caca5ce939e3d699eb5"
  },
  "id": 58,
  "UID": 58,
  "email_ID": "mollis.non@aol.ca",
  "PID": 145
},
{
  "_id": {
    "$oid": "656d4caca5ce939e3d699eb6"
  },
  "id": 59,
  "UID": 59,
  "email_ID": "eget.laoreet.posuere@hotmail.couk",
  "PID": 146
},
{
  "_id": {
    "$oid": "656d4caca5ce939e3d699eb7"
  },
  "id": 60,
  "UID": 60,
  "email_ID": "curabitur.ut@yahoo.net",
  "PID": 147
},
{
  "_id": {
    "$oid": "656d4caca5ce939e3d699eb8"
  },
  "id": 61,
  "UID": 61,
  "email_ID": "ut.pharetra@icloud.net",
  "PID": 148
},
{
  "_id": {
    "$oid": "656d4caca5ce939e3d699eb9"
  },
  "id": 62,
  "UID": 62,
  "email_ID": "massa.vestibulum.accumsan@hotmail.couk",
  "PID": 149
},
{
  "_id": {
    "$oid": "656d4caca5ce939e3d699eba"
  },
  "id": 63,
  "UID": 63,
  "email_ID": "mi.eleifend.egestas@yahoo.com",
  "PID": 150
},
{
  "_id": {
    "$oid": "656d4caca5ce939e3d699ebb"
  },
  "id": 64,
  "UID": 64,
  "email_ID": "pharetra.felis@google.org",
  "PID": 151
},
{
  "_id": {
    "$oid": "656d4caca5ce939e3d699ebc"
  },
  "id": 65,
  "UID": 65,
  "email_ID": "dignissim@aol.com",
  "PID": 152
},
{
  "_id": {
    "$oid": "656d4caca5ce939e3d699ebd"
  },
  "id": 66,
  "UID": 66,
  "email_ID": "sed.nulla.ante@icloud.ca",
  "PID": 153
},
{
  "_id": {
    "$oid": "656d4caca5ce939e3d699ebe"
  },
  "id": 67,
  "UID": 67,
  "email_ID": "nulla.vulputate@protonmail.net",
  "PID": 154
},
{
  "_id": {
    "$oid": "656d4caca5ce939e3d699ebf"
  },
  "id": 68,
  "UID": 68,
  "email_ID": "nullam.enim@google.org",
  "PID": 155
},
{
  "_id": {
    "$oid": "656d4caca5ce939e3d699ec0"
  },
  "id": 69,
  "UID": 69,
  "email_ID": "vel.convallis@outlook.org",
  "PID": 156
},
{
  "_id": {
    "$oid": "656d4caca5ce939e3d699ec1"
  },
  "id": 70,
  "UID": 70,
  "email_ID": "dolor@yahoo.com",
  "PID": 157
},
{
  "_id": {
    "$oid": "656d4caca5ce939e3d699ec2"
  },
  "id": 71,
  "UID": 71,
  "email_ID": "vel.mauris@yahoo.edu",
  "PID": 158
},
{
  "_id": {
    "$oid": "656d4caca5ce939e3d699ec3"
  },
  "id": 72,
  "UID": 72,
  "email_ID": "tellus.sem.mollis@google.couk",
  "PID": 159
},
{
  "_id": {
    "$oid": "656d4caca5ce939e3d699ec4"
  },
  "id": 73,
  "UID": 73,
  "email_ID": "sit@icloud.net",
  "PID": 160
},
{
  "_id": {
    "$oid": "656d4caca5ce939e3d699ec5"
  },
  "id": 74,
  "UID": 74,
  "email_ID": "purus@outlook.org",
  "PID": 161
},
{
  "_id": {
    "$oid": "656d4caca5ce939e3d699ec6"
  },
  "id": 75,
  "UID": 75,
  "email_ID": "sed.dolor.fusce@icloud.org",
  "PID": 162
},
{
  "_id": {
    "$oid": "656d4caca5ce939e3d699ec7"
  },
  "id": 76,
  "UID": 76,
  "email_ID": "integer.mollis@outlook.ca",
  "PID": 163
},
{
  "_id": {
    "$oid": "656d4caca5ce939e3d699ec8"
  },
  "id": 77,
  "UID": 77,
  "email_ID": "non.dui@hotmail.ca",
  "PID": 164
},
{
  "_id": {
    "$oid": "656d4caca5ce939e3d699ec9"
  },
  "id": 78,
  "UID": 78,
  "email_ID": "ante@yahoo.ca",
  "PID": 165
},
{
  "_id": {
    "$oid": "656d4caca5ce939e3d699eca"
  },
  "id": 79,
  "UID": 79,
  "email_ID": "auctor.vitae@hotmail.net",
  "PID": 166
},
{
  "_id": {
    "$oid": "656d4caca5ce939e3d699ecb"
  },
  "id": 80,
  "UID": 80,
  "email_ID": "arcu.eu@yahoo.ca",
  "PID": 167
},
{
  "_id": {
    "$oid": "656d4caca5ce939e3d699ecc"
  },
  "id": 81,
  "UID": 81,
  "email_ID": "lobortis.quam@icloud.couk",
  "PID": 168
},
{
  "_id": {
    "$oid": "656d4caca5ce939e3d699ecd"
  },
  "id": 82,
  "UID": 82,
  "email_ID": "et.malesuada.fames@icloud.com",
  "PID": 169
},
{
  "_id": {
    "$oid": "656d4caca5ce939e3d699ece"
  },
  "id": 83,
  "UID": 83,
  "email_ID": "egestas.hendrerit.neque@protonmail.org",
  "PID": 170
},
{
  "_id": {
    "$oid": "656d4caca5ce939e3d699ecf"
  },
  "id": 84,
  "UID": 84,
  "email_ID": "ut.ipsum@yahoo.couk",
  "PID": 171
},
{
  "_id": {
    "$oid": "656d4caca5ce939e3d699ed0"
  },
  "id": 85,
  "UID": 85,
  "email_ID": "id.libero@aol.ca",
  "PID": 172
},
{
  "_id": {
    "$oid": "656d4caca5ce939e3d699ed1"
  },
  "id": 86,
  "UID": 86,
  "email_ID": "rutrum@icloud.net",
  "PID": 173
},
{
  "_id": {
    "$oid": "656d4caca5ce939e3d699ed2"
  },
  "id": 87,
  "UID": 87,
  "email_ID": "quam.pellentesque@hotmail.edu",
  "PID": 174
},
{
  "_id": {
    "$oid": "656d4caca5ce939e3d699ed3"
  },
  "id": 88,
  "UID": 88,
  "email_ID": "dapibus.ligula@hotmail.com",
  "PID": 175
},
{
  "_id": {
    "$oid": "656d4caca5ce939e3d699ed4"
  },
  "id": 89,
  "UID": 89,
  "email_ID": "erat.volutpat@google.net",
  "PID": 176
},
{
  "_id": {
    "$oid": "656d4caca5ce939e3d699ed5"
  },
  "id": 90,
  "UID": 90,
  "email_ID": "luctus@icloud.couk",
  "PID": 177
},
{
  "_id": {
    "$oid": "656d4caca5ce939e3d699ed6"
  },
  "id": 91,
  "UID": 91,
  "email_ID": "pede.nonummy@yahoo.com",
  "PID": 178
},
{
  "_id": {
    "$oid": "656d4caca5ce939e3d699ed7"
  },
  "id": 92,
  "UID": 92,
  "email_ID": "lacinia.vitae@yahoo.net",
  "PID": 179
},
{
  "_id": {
    "$oid": "656d4caca5ce939e3d699ed8"
  },
  "id": 93,
  "UID": 93,
  "email_ID": "ac@protonmail.net",
  "PID": 180
},
{
  "_id": {
    "$oid": "656d4caca5ce939e3d699ed9"
  },
  "id": 94,
  "UID": 94,
  "email_ID": "ligula@aol.com",
  "PID": 181
},
{
  "_id": {
    "$oid": "656d4caca5ce939e3d699eda"
  },
  "id": 95,
  "UID": 95,
  "email_ID": "nullam.scelerisque@aol.couk",
  "PID": 182
},
{
  "_id": {
    "$oid": "656d4caca5ce939e3d699edb"
  },
  "id": 96,
  "UID": 96,
  "email_ID": "ad.litora@aol.net",
  "PID": 183
},
{
  "_id": {
    "$oid": "656d4caca5ce939e3d699edc"
  },
  "id": 97,
  "UID": 97,
  "email_ID": "hendrerit.neque@outlook.ca",
  "PID": 184
},
{
  "_id": {
    "$oid": "656d4caca5ce939e3d699edd"
  },
  "id": 98,
  "UID": 98,
  "email_ID": "mollis.lectus.pede@outlook.ca",
  "PID": 185
},
{
  "_id": {
    "$oid": "656d4caca5ce939e3d699ede"
  },
  "id": 99,
  "UID": 99,
  "email_ID": "tincidunt.aliquam@icloud.edu",
  "PID": 186
},
{
  "_id": {
    "$oid": "656d4caca5ce939e3d699edf"
  },
  "id": 100,
  "UID": 100,
  "email_ID": "aenean.egestas@yahoo.couk",
  "PID": 187
},
{
  "_id": {
    "$oid": "656d4caca5ce939e3d699ee0"
  },
  "id": 101,
  "UID": 101,
  "email_ID": "non.dapibus.rutrum@aol.ca",
  "PID": 188
},
{
  "_id": {
    "$oid": "656d4caca5ce939e3d699ee1"
  },
  "id": 102,
  "UID": 102,
  "email_ID": "libero@outlook.couk",
  "PID": 189
},
{
  "_id": {
    "$oid": "656d4caca5ce939e3d699ee2"
  },
  "id": 103,
  "UID": 103,
  "email_ID": "enim.suspendisse.aliquet@outlook.ca",
  "PID": 190
},
{
  "_id": {
    "$oid": "656d4caca5ce939e3d699ee3"
  },
  "id": 104,
  "UID": 104,
  "email_ID": "a@outlook.ca",
  "PID": 191
},
{
  "_id": {
    "$oid": "656d4caca5ce939e3d699ee4"
  },
  "id": 105,
  "UID": 105,
  "email_ID": "pharetra.nam@google.com",
  "PID": 192
},
{
  "_id": {
    "$oid": "656d4caca5ce939e3d699ee5"
  },
  "id": 106,
  "UID": 106,
  "email_ID": "egestas@icloud.org",
  "PID": 193
},
{
  "_id": {
    "$oid": "656d4caca5ce939e3d699ee6"
  },
  "id": 107,
  "UID": 107,
  "email_ID": "magnis.dis@yahoo.couk",
  "PID": 194
},
{
  "_id": {
    "$oid": "656d4caca5ce939e3d699ee7"
  },
  "id": 108,
  "UID": 108,
  "email_ID": "vehicula.et@google.org",
  "PID": 195
},
{
  "_id": {
    "$oid": "656d4caca5ce939e3d699ee8"
  },
  "id": 109,
  "UID": 109,
  "email_ID": "vitae@yahoo.ca",
  "PID": 196
},
{
  "_id": {
    "$oid": "656d4caca5ce939e3d699ee9"
  },
  "id": 110,
  "UID": 110,
  "email_ID": "neque.sed@icloud.net",
  "PID": 197
},
{
  "_id": {
    "$oid": "656d4caca5ce939e3d699eea"
  },
  "id": 111,
  "UID": 111,
  "email_ID": "a.mi.fringilla@protonmail.com",
  "PID": 198
},
{
  "_id": {
    "$oid": "656d4caca5ce939e3d699eeb"
  },
  "id": 112,
  "UID": 112,
  "email_ID": "integer.in@icloud.couk",
  "PID": 199
},
{
  "_id": {
    "$oid": "656d4caca5ce939e3d699eec"
  },
  "id": 113,
  "UID": 113,
  "email_ID": "tortor.dictum.eu@outlook.edu",
  "PID": 200
},
{
  "_id": {
    "$oid": "656d4caca5ce939e3d699eed"
  },
  "id": 114,
  "UID": 114,
  "email_ID": "ligula.tortor.dictum@protonmail.org",
  "PID": 201
},
{
  "_id": {
    "$oid": "656d4caca5ce939e3d699eee"
  },
  "id": 115,
  "UID": 115,
  "email_ID": "velit@outlook.ca",
  "PID": 202
},
{
  "_id": {
    "$oid": "656d4caca5ce939e3d699eef"
  },
  "id": 116,
  "UID": 116,
  "email_ID": "tempor@icloud.com",
  "PID": 203
},
{
  "_id": {
    "$oid": "656d4caca5ce939e3d699ef0"
  },
  "id": 117,
  "UID": 117,
  "email_ID": "purus.accumsan@outlook.org",
  "PID": 204
},
{
  "_id": {
    "$oid": "656d4caca5ce939e3d699ef1"
  },
  "id": 118,
  "UID": 118,
  "email_ID": "fusce.fermentum@outlook.edu",
  "PID": 205
},
{
  "_id": {
    "$oid": "656d4caca5ce939e3d699ef2"
  },
  "id": 119,
  "UID": 119,
  "email_ID": "amet.consectetuer@google.edu",
  "PID": 206
},
{
  "_id": {
    "$oid": "656d4caca5ce939e3d699ef3"
  },
  "id": 120,
  "UID": 120,
  "email_ID": "morbi.non.sapien@icloud.edu",
  "PID": 207
},
{
  "_id": {
    "$oid": "656d4caca5ce939e3d699ef4"
  },
  "id": 121,
  "UID": 121,
  "email_ID": "sagittis@protonmail.ca",
  "PID": 208
},
{
  "_id": {
    "$oid": "656d4caca5ce939e3d699ef5"
  },
  "id": 122,
  "UID": 122,
  "email_ID": "vel.turpis.aliquam@hotmail.edu",
  "PID": 209
},
{
  "_id": {
    "$oid": "656d4caca5ce939e3d699ef6"
  },
  "id": 123,
  "UID": 123,
  "email_ID": "nunc.sed.libero@hotmail.edu",
  "PID": 210
},
{
  "_id": {
    "$oid": "656d4caca5ce939e3d699ef7"
  },
  "id": 124,
  "UID": 124,
  "email_ID": "eget.varius.ultrices@aol.couk",
  "PID": 211
},
{
  "_id": {
    "$oid": "656d4caca5ce939e3d699ef8"
  },
  "id": 125,
  "UID": 125,
  "email_ID": "amet@hotmail.couk",
  "PID": 212
},
{
  "_id": {
    "$oid": "656d4caca5ce939e3d699ef9"
  },
  "id": 126,
  "UID": 126,
  "email_ID": "ipsum@protonmail.org",
  "PID": 213
},
{
  "_id": {
    "$oid": "656d4caca5ce939e3d699efa"
  },
  "id": 127,
  "UID": 127,
  "email_ID": "sapien.gravida.non@icloud.ca",
  "PID": 214
},
{
  "_id": {
    "$oid": "656d4caca5ce939e3d699efb"
  },
  "id": 128,
  "UID": 128,
  "email_ID": "tempus.mauris@protonmail.net",
  "PID": 215
},
{
  "_id": {
    "$oid": "656d4caca5ce939e3d699efc"
  },
  "id": 129,
  "UID": 129,
  "email_ID": "nibh@hotmail.couk",
  "PID": 216
},
{
  "_id": {
    "$oid": "656d4caca5ce939e3d699efd"
  },
  "id": 130,
  "UID": 130,
  "email_ID": "ac.urna@icloud.com",
  "PID": 217
},
{
  "_id": {
    "$oid": "656d4caca5ce939e3d699efe"
  },
  "id": 131,
  "UID": 131,
  "email_ID": "elit.pede@outlook.org",
  "PID": 218
},
{
  "_id": {
    "$oid": "656d4caca5ce939e3d699eff"
  },
  "id": 132,
  "UID": 132,
  "email_ID": "at.nisi@protonmail.ca",
  "PID": 219
},
{
  "_id": {
    "$oid": "656d4caca5ce939e3d699f00"
  },
  "id": 133,
  "UID": 133,
  "email_ID": "donec.nibh.enim@yahoo.org",
  "PID": 220
},
{
  "_id": {
    "$oid": "656d4caca5ce939e3d699f01"
  },
  "id": 134,
  "UID": 134,
  "email_ID": "nascetur.ridiculus.mus@google.net",
  "PID": 221
},
{
  "_id": {
    "$oid": "656d4caca5ce939e3d699f02"
  },
  "id": 135,
  "UID": 135,
  "email_ID": "erat.etiam.vestibulum@google.ca",
  "PID": 222
},
{
  "_id": {
    "$oid": "656d4caca5ce939e3d699f03"
  },
  "id": 136,
  "UID": 136,
  "email_ID": "nisl@yahoo.com",
  "PID": 223
},
{
  "_id": {
    "$oid": "656d4caca5ce939e3d699f04"
  },
  "id": 137,
  "UID": 137,
  "email_ID": "facilisi.sed.neque@aol.net",
  "PID": 224
},
{
  "_id": {
    "$oid": "656d4caca5ce939e3d699f05"
  },
  "id": 138,
  "UID": 138,
  "email_ID": "mus.proin@google.edu",
  "PID": 225
},
{
  "_id": {
    "$oid": "656d4caca5ce939e3d699f06"
  },
  "id": 139,
  "UID": 139,
  "email_ID": "magna.ut.tincidunt@protonmail.com",
  "PID": 226
},
{
  "_id": {
    "$oid": "656d4caca5ce939e3d699f07"
  },
  "id": 140,
  "UID": 140,
  "email_ID": "eu.tellus@icloud.edu",
  "PID": 227
},
{
  "_id": {
    "$oid": "656d4caca5ce939e3d699f08"
  },
  "id": 141,
  "UID": 141,
  "email_ID": "justo.eu@hotmail.couk",
  "PID": 228
},
{
  "_id": {
    "$oid": "656d4caca5ce939e3d699f09"
  },
  "id": 142,
  "UID": 142,
  "email_ID": "ornare@google.com",
  "PID": 229
},
{
  "_id": {
    "$oid": "656d4caca5ce939e3d699f0a"
  },
  "id": 143,
  "UID": 143,
  "email_ID": "nec.diam@icloud.ca",
  "PID": 230
},
{
  "_id": {
    "$oid": "656d4caca5ce939e3d699f0b"
  },
  "id": 144,
  "UID": 144,
  "email_ID": "augue.sed@outlook.ca",
  "PID": 231
},
{
  "_id": {
    "$oid": "656d4caca5ce939e3d699f0c"
  },
  "id": 145,
  "UID": 145,
  "email_ID": "dapibus.ligula.aliquam@aol.com",
  "PID": 232
},
{
  "_id": {
    "$oid": "656d4caca5ce939e3d699f0d"
  },
  "id": 146,
  "UID": 146,
  "email_ID": "dictum@icloud.edu",
  "PID": 233
},
{
  "_id": {
    "$oid": "656d4caca5ce939e3d699f0e"
  },
  "id": 147,
  "UID": 147,
  "email_ID": "parturient.montes@protonmail.couk",
  "PID": 234
},
{
  "_id": {
    "$oid": "656d4caca5ce939e3d699f0f"
  },
  "id": 148,
  "UID": 148,
  "email_ID": "nec@protonmail.net",
  "PID": 235
},
{
  "_id": {
    "$oid": "656d4caca5ce939e3d699f10"
  },
  "id": 149,
  "UID": 149,
  "email_ID": "orci.quis.lectus@google.org",
  "PID": 236
},
{
  "_id": {
    "$oid": "656d4caca5ce939e3d699f11"
  },
  "id": 150,
  "UID": 150,
  "email_ID": "malesuada@icloud.edu",
  "PID": 237
},
{
  "_id": {
    "$oid": "656d4caca5ce939e3d699f12"
  },
  "id": 151,
  "UID": 151,
  "email_ID": "id@outlook.org",
  "PID": 238
},
{
  "_id": {
    "$oid": "656d4caca5ce939e3d699f13"
  },
  "id": 152,
  "UID": 152,
  "email_ID": "dolor@outlook.com",
  "PID": 239
},
{
  "_id": {
    "$oid": "656d4caca5ce939e3d699f14"
  },
  "id": 153,
  "UID": 153,
  "email_ID": "ante@outlook.net",
  "PID": 240
},
{
  "_id": {
    "$oid": "656d4caca5ce939e3d699f15"
  },
  "id": 154,
  "UID": 154,
  "email_ID": "nunc.sed@protonmail.ca",
  "PID": 241
},
{
  "_id": {
    "$oid": "656d4caca5ce939e3d699f16"
  },
  "id": 155,
  "UID": 155,
  "email_ID": "nisi.dictum@icloud.net",
  "PID": 242
},
{
  "_id": {
    "$oid": "656d4caca5ce939e3d699f17"
  },
  "id": 156,
  "UID": 156,
  "email_ID": "erat@icloud.org",
  "PID": 243
},
{
  "_id": {
    "$oid": "656d4caca5ce939e3d699f18"
  },
  "id": 157,
  "UID": 157,
  "email_ID": "nulla.tincidunt.neque@aol.com",
  "PID": 244
},
{
  "_id": {
    "$oid": "656d4caca5ce939e3d699f19"
  },
  "id": 158,
  "UID": 158,
  "email_ID": "ornare.libero.at@google.org",
  "PID": 245
},
{
  "_id": {
    "$oid": "656d4caca5ce939e3d699f1a"
  },
  "id": 159,
  "UID": 159,
  "email_ID": "sapien.aenean.massa@hotmail.com",
  "PID": 246
},
{
  "_id": {
    "$oid": "656d4caca5ce939e3d699f1b"
  },
  "id": 160,
  "UID": 160,
  "email_ID": "molestie@icloud.edu",
  "PID": 247
},
{
  "_id": {
    "$oid": "656d4caca5ce939e3d699f1c"
  },
  "id": 161,
  "UID": 161,
  "email_ID": "et.tristique@yahoo.com",
  "PID": 248
},
{
  "_id": {
    "$oid": "656d4caca5ce939e3d699f1d"
  },
  "id": 162,
  "UID": 162,
  "email_ID": "eu@google.couk",
  "PID": 249
},
{
  "_id": {
    "$oid": "656d4caca5ce939e3d699f1e"
  },
  "id": 163,
  "UID": 163,
  "email_ID": "litora.torquent.per@outlook.ca",
  "PID": 250
},
{
  "_id": {
    "$oid": "656d4caca5ce939e3d699f1f"
  },
  "id": 164,
  "UID": 164,
  "email_ID": "cras.eget@outlook.edu",
  "PID": 251
},
{
  "_id": {
    "$oid": "656d4caca5ce939e3d699f20"
  },
  "id": 165,
  "UID": 165,
  "email_ID": "magna.sed@aol.com",
  "PID": 252
},
{
  "_id": {
    "$oid": "656d4caca5ce939e3d699f21"
  },
  "id": 166,
  "UID": 166,
  "email_ID": "euismod.ac@google.com",
  "PID": 253
},
{
  "_id": {
    "$oid": "656d4caca5ce939e3d699f22"
  },
  "id": 167,
  "UID": 167,
  "email_ID": "donec.at.arcu@google.org",
  "PID": 254
},
{
  "_id": {
    "$oid": "656d4caca5ce939e3d699f23"
  },
  "id": 168,
  "UID": 168,
  "email_ID": "est.vitae@hotmail.org",
  "PID": 255
},
{
  "_id": {
    "$oid": "656d4caca5ce939e3d699f24"
  },
  "id": 169,
  "UID": 169,
  "email_ID": "amet.faucibus.ut@hotmail.edu",
  "PID": 256
},
{
  "_id": {
    "$oid": "656d4caca5ce939e3d699f25"
  },
  "id": 170,
  "UID": 170,
  "email_ID": "nec.mollis@hotmail.couk",
  "PID": 257
},
{
  "_id": {
    "$oid": "656d4caca5ce939e3d699f26"
  },
  "id": 171,
  "UID": 171,
  "email_ID": "lectus.sit@icloud.net",
  "PID": 258
},
{
  "_id": {
    "$oid": "656d4caca5ce939e3d699f27"
  },
  "id": 172,
  "UID": 172,
  "email_ID": "ipsum.suspendisse.non@aol.org",
  "PID": 259
},
{
  "_id": {
    "$oid": "656d4caca5ce939e3d699f28"
  },
  "id": 173,
  "UID": 173,
  "email_ID": "magna.suspendisse.tristique@hotmail.couk",
  "PID": 260
},
{
  "_id": {
    "$oid": "656d4caca5ce939e3d699f29"
  },
  "id": 174,
  "UID": 174,
  "email_ID": "eget.varius@outlook.ca",
  "PID": 261
},
{
  "_id": {
    "$oid": "656d4caca5ce939e3d699f2a"
  },
  "id": 175,
  "UID": 175,
  "email_ID": "in.aliquet@google.couk",
  "PID": 262
},
{
  "_id": {
    "$oid": "656d4caca5ce939e3d699f2b"
  },
  "id": 176,
  "UID": 176,
  "email_ID": "duis.a@google.ca",
  "PID": 263
},
{
  "_id": {
    "$oid": "656d4caca5ce939e3d699f2c"
  },
  "id": 177,
  "UID": 177,
  "email_ID": "non@yahoo.org",
  "PID": 264
},
{
  "_id": {
    "$oid": "656d4caca5ce939e3d699f2d"
  },
  "id": 178,
  "UID": 178,
  "email_ID": "proin.non.massa@yahoo.com",
  "PID": 265
},
{
  "_id": {
    "$oid": "656d4caca5ce939e3d699f2e"
  },
  "id": 179,
  "UID": 179,
  "email_ID": "tristique.ac.eleifend@hotmail.ca",
  "PID": 266
},
{
  "_id": {
    "$oid": "656d4caca5ce939e3d699f2f"
  },
  "id": 180,
  "UID": 180,
  "email_ID": "mauris.eu@aol.org",
  "PID": 267
},
{
  "_id": {
    "$oid": "656d4caca5ce939e3d699f30"
  },
  "id": 181,
  "UID": 181,
  "email_ID": "fermentum.metus.aenean@aol.com",
  "PID": 268
},
{
  "_id": {
    "$oid": "656d4caca5ce939e3d699f31"
  },
  "id": 182,
  "UID": 182,
  "email_ID": "quisque@google.net",
  "PID": 269
},
{
  "_id": {
    "$oid": "656d4caca5ce939e3d699f32"
  },
  "id": 183,
  "UID": 183,
  "email_ID": "duis.at@protonmail.org",
  "PID": 270
},
{
  "_id": {
    "$oid": "656d4caca5ce939e3d699f33"
  },
  "id": 184,
  "UID": 184,
  "email_ID": "nulla@google.edu",
  "PID": 271
},
{
  "_id": {
    "$oid": "656d4caca5ce939e3d699f34"
  },
  "id": 185,
  "UID": 185,
  "email_ID": "felis.purus.ac@protonmail.com",
  "PID": 272
},
{
  "_id": {
    "$oid": "656d4caca5ce939e3d699f35"
  },
  "id": 186,
  "UID": 186,
  "email_ID": "enim.nec@yahoo.org",
  "PID": 273
},
{
  "_id": {
    "$oid": "656d4caca5ce939e3d699f36"
  },
  "id": 187,
  "UID": 187,
  "email_ID": "elementum.dui@icloud.net",
  "PID": 274
},
{
  "_id": {
    "$oid": "656d4caca5ce939e3d699f37"
  },
  "id": 188,
  "UID": 188,
  "email_ID": "felis.ullamcorper.viverra@google.edu",
  "PID": 275
},
{
  "_id": {
    "$oid": "656d4caca5ce939e3d699f38"
  },
  "id": 189,
  "UID": 189,
  "email_ID": "nonummy.ac@yahoo.couk",
  "PID": 276
},
{
  "_id": {
    "$oid": "656d4caca5ce939e3d699f39"
  },
  "id": 190,
  "UID": 190,
  "email_ID": "mi.enim@icloud.edu",
  "PID": 277
},
{
  "_id": {
    "$oid": "656d4caca5ce939e3d699f3a"
  },
  "id": 191,
  "UID": 191,
  "email_ID": "proin.sed@google.couk",
  "PID": 278
},
{
  "_id": {
    "$oid": "656d4caca5ce939e3d699f3b"
  },
  "id": 192,
  "UID": 192,
  "email_ID": "risus@icloud.edu",
  "PID": 279
},
{
  "_id": {
    "$oid": "656d4caca5ce939e3d699f3c"
  },
  "id": 193,
  "UID": 193,
  "email_ID": "lorem@icloud.edu",
  "PID": 280
},
{
  "_id": {
    "$oid": "656d4caca5ce939e3d699f3d"
  },
  "id": 194,
  "UID": 194,
  "email_ID": "ipsum.sodales.purus@aol.ca",
  "PID": 281
},
{
  "_id": {
    "$oid": "656d4caca5ce939e3d699f3e"
  },
  "id": 195,
  "UID": 195,
  "email_ID": "semper@icloud.ca",
  "PID": 282
},
{
  "_id": {
    "$oid": "656d4caca5ce939e3d699f3f"
  },
  "id": 196,
  "UID": 196,
  "email_ID": "nulla@yahoo.ca",
  "PID": 283
},
{
  "_id": {
    "$oid": "656d4caca5ce939e3d699f40"
  },
  "id": 197,
  "UID": 197,
  "email_ID": "gravida.non.sollicitudin@icloud.org",
  "PID": 284
},
{
  "_id": {
    "$oid": "656d4caca5ce939e3d699f41"
  },
  "id": 198,
  "UID": 198,
  "email_ID": "nunc.mauris.elit@hotmail.com",
  "PID": 285
},
{
  "_id": {
    "$oid": "656d4caca5ce939e3d699f42"
  },
  "id": 199,
  "UID": 199,
  "email_ID": "lorem.luctus.ut@aol.org",
  "PID": 286
},
{
  "_id": {
    "$oid": "656d4caca5ce939e3d699f43"
  },
  "id": 200,
  "UID": 200,
  "email_ID": "ante.bibendum.ullamcorper@yahoo.net",
  "PID": 287
},
{
  "_id": {
    "$oid": "656d4caca5ce939e3d699f44"
  },
  "id": 201,
  "UID": 201,
  "email_ID": "dui.quis@protonmail.couk",
  "PID": 288
},
{
  "_id": {
    "$oid": "656d4caca5ce939e3d699f45"
  },
  "id": 202,
  "UID": 202,
  "email_ID": "nulla.cras@yahoo.ca",
  "PID": 289
},
{
  "_id": {
    "$oid": "656d4caca5ce939e3d699f46"
  },
  "id": 203,
  "UID": 203,
  "email_ID": "hendrerit.id.ante@icloud.com",
  "PID": 290
},
{
  "_id": {
    "$oid": "656d4caca5ce939e3d699f47"
  },
  "id": 204,
  "UID": 204,
  "email_ID": "commodo.auctor@outlook.edu",
  "PID": 291
},
{
  "_id": {
    "$oid": "656d4caca5ce939e3d699f48"
  },
  "id": 205,
  "UID": 205,
  "email_ID": "lacinia.at@google.edu",
  "PID": 292
},
{
  "_id": {
    "$oid": "656d4caca5ce939e3d699f49"
  },
  "id": 206,
  "UID": 206,
  "email_ID": "elit.nulla@icloud.edu",
  "PID": 293
},
{
  "_id": {
    "$oid": "656d4caca5ce939e3d699f4a"
  },
  "id": 207,
  "UID": 207,
  "email_ID": "sit.amet@outlook.edu",
  "PID": 294
},
{
  "_id": {
    "$oid": "656d4caca5ce939e3d699f4b"
  },
  "id": 208,
  "UID": 208,
  "email_ID": "eget.metus.in@outlook.couk",
  "PID": 295
},
{
  "_id": {
    "$oid": "656d4caca5ce939e3d699f4c"
  },
  "id": 209,
  "UID": 209,
  "email_ID": "malesuada.fames.ac@icloud.com",
  "PID": 296
},
{
  "_id": {
    "$oid": "656d4caca5ce939e3d699f4d"
  },
  "id": 210,
  "UID": 210,
  "email_ID": "gravida.sagittis.duis@yahoo.com",
  "PID": 297
},
{
  "_id": {
    "$oid": "656d4caca5ce939e3d699f4e"
  },
  "id": 211,
  "UID": 211,
  "email_ID": "mattis.semper.dui@protonmail.ca",
  "PID": 298
},
{
  "_id": {
    "$oid": "656d4caca5ce939e3d699f4f"
  },
  "id": 212,
  "UID": 212,
  "email_ID": "integer.sem@outlook.com",
  "PID": 299
},
{
  "_id": {
    "$oid": "656d4caca5ce939e3d699f50"
  },
  "id": 213,
  "UID": 213,
  "email_ID": "faucibus.lectus@protonmail.com",
  "PID": 300
},
{
  "_id": {
    "$oid": "656d4caca5ce939e3d699f51"
  },
  "id": 214,
  "UID": 214,
  "email_ID": "mauris@yahoo.net",
  "PID": 301
},
{
  "_id": {
    "$oid": "656d4caca5ce939e3d699f52"
  },
  "id": 215,
  "UID": 215,
  "email_ID": "orci.luctus@protonmail.edu",
  "PID": 302
},
{
  "_id": {
    "$oid": "656d4caca5ce939e3d699f53"
  },
  "id": 216,
  "UID": 216,
  "email_ID": "rutrum.eu.ultrices@aol.net",
  "PID": 303
},
{
  "_id": {
    "$oid": "656d4caca5ce939e3d699f54"
  },
  "id": 217,
  "UID": 217,
  "email_ID": "phasellus.dapibus@protonmail.com",
  "PID": 304
},
{
  "_id": {
    "$oid": "656d4caca5ce939e3d699f55"
  },
  "id": 218,
  "UID": 218,
  "email_ID": "a@icloud.edu",
  "PID": 305
},
{
  "_id": {
    "$oid": "656d4caca5ce939e3d699f56"
  },
  "id": 219,
  "UID": 219,
  "email_ID": "mauris.morbi.non@aol.net",
  "PID": 306
},
{
  "_id": {
    "$oid": "656d4caca5ce939e3d699f57"
  },
  "id": 220,
  "UID": 220,
  "email_ID": "fringilla@hotmail.ca",
  "PID": 307
},
{
  "_id": {
    "$oid": "656d4caca5ce939e3d699f58"
  },
  "id": 221,
  "UID": 221,
  "email_ID": "lorem.ipsum@aol.ca",
  "PID": 308
},
{
  "_id": {
    "$oid": "656d4caca5ce939e3d699f59"
  },
  "id": 222,
  "UID": 222,
  "email_ID": "egestas.aliquam@icloud.org",
  "PID": 309
},
{
  "_id": {
    "$oid": "656d4caca5ce939e3d699f5a"
  },
  "id": 223,
  "UID": 223,
  "email_ID": "sollicitudin.commodo@outlook.com",
  "PID": 310
},
{
  "_id": {
    "$oid": "656d4caca5ce939e3d699f5b"
  },
  "id": 224,
  "UID": 224,
  "email_ID": "aenean.eget@outlook.couk",
  "PID": 311
},
{
  "_id": {
    "$oid": "656d4caca5ce939e3d699f5c"
  },
  "id": 225,
  "UID": 225,
  "email_ID": "non.dui.nec@outlook.com",
  "PID": 312
},
{
  "_id": {
    "$oid": "656d4caca5ce939e3d699f5d"
  },
  "id": 226,
  "UID": 226,
  "email_ID": "massa.vestibulum.accumsan@aol.com",
  "PID": 313
},
{
  "_id": {
    "$oid": "656d4caca5ce939e3d699f5e"
  },
  "id": 227,
  "UID": 227,
  "email_ID": "dictum.eu.eleifend@yahoo.edu",
  "PID": 314
},
{
  "_id": {
    "$oid": "656d4caca5ce939e3d699f5f"
  },
  "id": 228,
  "UID": 228,
  "email_ID": "nunc.sit@google.couk",
  "PID": 315
},
{
  "_id": {
    "$oid": "656d4caca5ce939e3d699f60"
  },
  "id": 229,
  "UID": 229,
  "email_ID": "eu.nulla@google.ca",
  "PID": 316
},
{
  "_id": {
    "$oid": "656d4caca5ce939e3d699f61"
  },
  "id": 230,
  "UID": 230,
  "email_ID": "consequat.auctor@outlook.edu",
  "PID": 317
},
{
  "_id": {
    "$oid": "656d4caca5ce939e3d699f62"
  },
  "id": 231,
  "UID": 231,
  "email_ID": "praesent.eu@google.org",
  "PID": 318
},
{
  "_id": {
    "$oid": "656d4caca5ce939e3d699f63"
  },
  "id": 232,
  "UID": 232,
  "email_ID": "ante.iaculis.nec@yahoo.com",
  "PID": 319
},
{
  "_id": {
    "$oid": "656d4caca5ce939e3d699f64"
  },
  "id": 233,
  "UID": 233,
  "email_ID": "nibh.dolor@hotmail.net",
  "PID": 320
},
{
  "_id": {
    "$oid": "656d4caca5ce939e3d699f65"
  },
  "id": 234,
  "UID": 234,
  "email_ID": "enim.condimentum@yahoo.couk",
  "PID": 321
},
{
  "_id": {
    "$oid": "656d4caca5ce939e3d699f66"
  },
  "id": 235,
  "UID": 235,
  "email_ID": "enim.sed@yahoo.com",
  "PID": 322
},
{
  "_id": {
    "$oid": "656d4caca5ce939e3d699f67"
  },
  "id": 236,
  "UID": 236,
  "email_ID": "velit.eu.sem@hotmail.couk",
  "PID": 323
},
{
  "_id": {
    "$oid": "656d4caca5ce939e3d699f68"
  },
  "id": 237,
  "UID": 237,
  "email_ID": "praesent.eu@protonmail.ca",
  "PID": 324
},
{
  "_id": {
    "$oid": "656d4caca5ce939e3d699f69"
  },
  "id": 238,
  "UID": 238,
  "email_ID": "gravida.sagittis@hotmail.ca",
  "PID": 325
},
{
  "_id": {
    "$oid": "656d4caca5ce939e3d699f6a"
  },
  "id": 239,
  "UID": 239,
  "email_ID": "ultricies.adipiscing@hotmail.com",
  "PID": 326
},
{
  "_id": {
    "$oid": "656d4caca5ce939e3d699f6b"
  },
  "id": 240,
  "UID": 240,
  "email_ID": "pede.nonummy@aol.ca",
  "PID": 327
},
{
  "_id": {
    "$oid": "656d4caca5ce939e3d699f6c"
  },
  "id": 241,
  "UID": 241,
  "email_ID": "amet.ornare.lectus@google.org",
  "PID": 328
},
{
  "_id": {
    "$oid": "656d4caca5ce939e3d699f6d"
  },
  "id": 242,
  "UID": 242,
  "email_ID": "praesent.luctus@google.edu",
  "PID": 329
},
{
  "_id": {
    "$oid": "656d4caca5ce939e3d699f6e"
  },
  "id": 243,
  "UID": 243,
  "email_ID": "pede.ultrices.a@protonmail.couk",
  "PID": 330
},
{
  "_id": {
    "$oid": "656d4caca5ce939e3d699f6f"
  },
  "id": 244,
  "UID": 244,
  "email_ID": "phasellus@outlook.org",
  "PID": 331
},
{
  "_id": {
    "$oid": "656d4caca5ce939e3d699f70"
  },
  "id": 245,
  "UID": 245,
  "email_ID": "libero@yahoo.org",
  "PID": 332
},
{
  "_id": {
    "$oid": "656d4caca5ce939e3d699f71"
  },
  "id": 246,
  "UID": 246,
  "email_ID": "felis.purus@outlook.com",
  "PID": 333
},
{
  "_id": {
    "$oid": "656d4caca5ce939e3d699f72"
  },
  "id": 247,
  "UID": 247,
  "email_ID": "consequat.enim@aol.net",
  "PID": 334
},
{
  "_id": {
    "$oid": "656d4caca5ce939e3d699f73"
  },
  "id": 248,
  "UID": 248,
  "email_ID": "commodo.auctor@yahoo.com",
  "PID": 335
},
{
  "_id": {
    "$oid": "656d4caca5ce939e3d699f74"
  },
  "id": 249,
  "UID": 249,
  "email_ID": "at.libero.morbi@yahoo.ca",
  "PID": 336
},
{
  "_id": {
    "$oid": "656d4caca5ce939e3d699f75"
  },
  "id": 250,
  "UID": 250,
  "email_ID": "suspendisse.sagittis.nullam@google.couk",
  "PID": 337
},
{
  "_id": {
    "$oid": "656d4caca5ce939e3d699f76"
  },
  "id": 251,
  "UID": 251,
  "email_ID": "eget.volutpat@outlook.ca",
  "PID": 338
},
{
  "_id": {
    "$oid": "656d4caca5ce939e3d699f77"
  },
  "id": 252,
  "UID": 252,
  "email_ID": "in.faucibus.morbi@aol.org",
  "PID": 339
},
{
  "_id": {
    "$oid": "656d4caca5ce939e3d699f78"
  },
  "id": 253,
  "UID": 253,
  "email_ID": "blandit@protonmail.edu",
  "PID": 340
},
{
  "_id": {
    "$oid": "656d4caca5ce939e3d699f79"
  },
  "id": 254,
  "UID": 254,
  "email_ID": "nunc.ut@outlook.couk",
  "PID": 341
},
{
  "_id": {
    "$oid": "656d4caca5ce939e3d699f7a"
  },
  "id": 255,
  "UID": 255,
  "email_ID": "pede.ultrices.a@hotmail.edu",
  "PID": 342
},
{
  "_id": {
    "$oid": "656d4caca5ce939e3d699f7b"
  },
  "id": 256,
  "UID": 256,
  "email_ID": "vestibulum@outlook.com",
  "PID": 343
},
{
  "_id": {
    "$oid": "656d4caca5ce939e3d699f7c"
  },
  "id": 257,
  "UID": 257,
  "email_ID": "rhoncus.nullam@outlook.org",
  "PID": 344
},
{
  "_id": {
    "$oid": "656d4caca5ce939e3d699f7d"
  },
  "id": 258,
  "UID": 258,
  "email_ID": "venenatis.vel@aol.net",
  "PID": 345
},
{
  "_id": {
    "$oid": "656d4caca5ce939e3d699f7e"
  },
  "id": 259,
  "UID": 259,
  "email_ID": "nec.tempus@icloud.org",
  "PID": 346
},
{
  "_id": {
    "$oid": "656d4caca5ce939e3d699f7f"
  },
  "id": 260,
  "UID": 260,
  "email_ID": "orci.donec@icloud.net",
  "PID": 347
},
{
  "_id": {
    "$oid": "656d4caca5ce939e3d699f80"
  },
  "id": 261,
  "UID": 261,
  "email_ID": "facilisis.vitae.orci@outlook.couk",
  "PID": 348
},
{
  "_id": {
    "$oid": "656d4caca5ce939e3d699f81"
  },
  "id": 262,
  "UID": 262,
  "email_ID": "urna.nunc.quis@hotmail.org",
  "PID": 349
},
{
  "_id": {
    "$oid": "656d4caca5ce939e3d699f82"
  },
  "id": 263,
  "UID": 263,
  "email_ID": "cursus.vestibulum@icloud.ca",
  "PID": 350
},
{
  "_id": {
    "$oid": "656d4caca5ce939e3d699f83"
  },
  "id": 264,
  "UID": 264,
  "email_ID": "tincidunt.orci.quis@icloud.couk",
  "PID": 351
},
{
  "_id": {
    "$oid": "656d4caca5ce939e3d699f84"
  },
  "id": 265,
  "UID": 265,
  "email_ID": "faucibus@aol.edu",
  "PID": 352
},
{
  "_id": {
    "$oid": "656d4caca5ce939e3d699f85"
  },
  "id": 266,
  "UID": 266,
  "email_ID": "facilisis.lorem.tristique@google.couk",
  "PID": 353
},
{
  "_id": {
    "$oid": "656d4caca5ce939e3d699f86"
  },
  "id": 267,
  "UID": 267,
  "email_ID": "elementum.purus@google.com",
  "PID": 354
},
{
  "_id": {
    "$oid": "656d4caca5ce939e3d699f87"
  },
  "id": 268,
  "UID": 268,
  "email_ID": "augue.sed@icloud.ca",
  "PID": 355
},
{
  "_id": {
    "$oid": "656d4caca5ce939e3d699f88"
  },
  "id": 269,
  "UID": 269,
  "email_ID": "tempus.scelerisque@hotmail.org",
  "PID": 356
},
{
  "_id": {
    "$oid": "656d4caca5ce939e3d699f89"
  },
  "id": 270,
  "UID": 270,
  "email_ID": "suspendisse@protonmail.com",
  "PID": 357
},
{
  "_id": {
    "$oid": "656d4caca5ce939e3d699f8a"
  },
  "id": 271,
  "UID": 271,
  "email_ID": "aliquet@hotmail.couk",
  "PID": 358
},
{
  "_id": {
    "$oid": "656d4caca5ce939e3d699f8b"
  },
  "id": 272,
  "UID": 272,
  "email_ID": "sit.amet@google.net",
  "PID": 359
},
{
  "_id": {
    "$oid": "656d4caca5ce939e3d699f8c"
  },
  "id": 273,
  "UID": 273,
  "email_ID": "in@outlook.couk",
  "PID": 360
},
{
  "_id": {
    "$oid": "656d4caca5ce939e3d699f8d"
  },
  "id": 274,
  "UID": 274,
  "email_ID": "est.mollis@protonmail.ca",
  "PID": 361
},
{
  "_id": {
    "$oid": "656d4caca5ce939e3d699f8e"
  },
  "id": 275,
  "UID": 275,
  "email_ID": "at@protonmail.edu",
  "PID": 362
},
{
  "_id": {
    "$oid": "656d4caca5ce939e3d699f8f"
  },
  "id": 276,
  "UID": 276,
  "email_ID": "morbi@hotmail.edu",
  "PID": 363
},
{
  "_id": {
    "$oid": "656d4caca5ce939e3d699f90"
  },
  "id": 277,
  "UID": 277,
  "email_ID": "nisl@icloud.org",
  "PID": 364
},
{
  "_id": {
    "$oid": "656d4caca5ce939e3d699f91"
  },
  "id": 278,
  "UID": 278,
  "email_ID": "penatibus.et.magnis@icloud.org",
  "PID": 365
},
{
  "_id": {
    "$oid": "656d4caca5ce939e3d699f92"
  },
  "id": 279,
  "UID": 279,
  "email_ID": "phasellus.fermentum@protonmail.edu",
  "PID": 366
},
{
  "_id": {
    "$oid": "656d4caca5ce939e3d699f93"
  },
  "id": 280,
  "UID": 280,
  "email_ID": "facilisis@yahoo.couk",
  "PID": 367
},
{
  "_id": {
    "$oid": "656d4caca5ce939e3d699f94"
  },
  "id": 281,
  "UID": 281,
  "email_ID": "nulla.integer@protonmail.net",
  "PID": 368
},
{
  "_id": {
    "$oid": "656d4caca5ce939e3d699f95"
  },
  "id": 282,
  "UID": 282,
  "email_ID": "nibh.donec@yahoo.couk",
  "PID": 369
},
{
  "_id": {
    "$oid": "656d4caca5ce939e3d699f96"
  },
  "id": 283,
  "UID": 283,
  "email_ID": "pede@outlook.ca",
  "PID": 370
},
{
  "_id": {
    "$oid": "656d4caca5ce939e3d699f97"
  },
  "id": 284,
  "UID": 284,
  "email_ID": "elit@hotmail.ca",
  "PID": 371
},
{
  "_id": {
    "$oid": "656d4caca5ce939e3d699f98"
  },
  "id": 285,
  "UID": 285,
  "email_ID": "auctor.quis.tristique@yahoo.couk",
  "PID": 372
},
{
  "_id": {
    "$oid": "656d4caca5ce939e3d699f99"
  },
  "id": 286,
  "UID": 286,
  "email_ID": "neque.pellentesque@protonmail.couk",
  "PID": 373
},
{
  "_id": {
    "$oid": "656d4caca5ce939e3d699f9a"
  },
  "id": 287,
  "UID": 287,
  "email_ID": "fusce.aliquam@protonmail.org",
  "PID": 374
},
{
  "_id": {
    "$oid": "656d4caca5ce939e3d699f9b"
  },
  "id": 288,
  "UID": 288,
  "email_ID": "accumsan.convallis@google.net",
  "PID": 375
},
{
  "_id": {
    "$oid": "656d4caca5ce939e3d699f9c"
  },
  "id": 289,
  "UID": 289,
  "email_ID": "iaculis.quis@icloud.ca",
  "PID": 376
},
{
  "_id": {
    "$oid": "656d4caca5ce939e3d699f9d"
  },
  "id": 290,
  "UID": 290,
  "email_ID": "cursus@outlook.couk",
  "PID": 377
},
{
  "_id": {
    "$oid": "656d4caca5ce939e3d699f9e"
  },
  "id": 291,
  "UID": 291,
  "email_ID": "nec@outlook.com",
  "PID": 378
},
{
  "_id": {
    "$oid": "656d4caca5ce939e3d699f9f"
  },
  "id": 292,
  "UID": 292,
  "email_ID": "ipsum.cursus@outlook.net",
  "PID": 379
},
{
  "_id": {
    "$oid": "656d4caca5ce939e3d699fa0"
  },
  "id": 293,
  "UID": 293,
  "email_ID": "quisque@aol.net",
  "PID": 380
},
{
  "_id": {
    "$oid": "656d4caca5ce939e3d699fa1"
  },
  "id": 294,
  "UID": 294,
  "email_ID": "id.enim.curabitur@outlook.couk",
  "PID": 381
},
{
  "_id": {
    "$oid": "656d4caca5ce939e3d699fa2"
  },
  "id": 295,
  "UID": 295,
  "email_ID": "sed@outlook.org",
  "PID": 382
},
{
  "_id": {
    "$oid": "656d4caca5ce939e3d699fa3"
  },
  "id": 296,
  "UID": 296,
  "email_ID": "sed.eu@aol.couk",
  "PID": 383
},
{
  "_id": {
    "$oid": "656d4caca5ce939e3d699fa4"
  },
  "id": 297,
  "UID": 297,
  "email_ID": "morbi.neque@protonmail.org",
  "PID": 384
},
{
  "_id": {
    "$oid": "656d4caca5ce939e3d699fa5"
  },
  "id": 298,
  "UID": 298,
  "email_ID": "donec.non@aol.net",
  "PID": 385
},
{
  "_id": {
    "$oid": "656d4caca5ce939e3d699fa6"
  },
  "id": 299,
  "UID": 299,
  "email_ID": "posuere.at@aol.net",
  "PID": 386
},
{
  "_id": {
    "$oid": "656d4caca5ce939e3d699fa7"
  },
  "id": 300,
  "UID": 300,
  "email_ID": "neque.non@aol.ca",
  "PID": 387
},
{
  "_id": {
    "$oid": "656d4caca5ce939e3d699fa8"
  },
  "id": 301,
  "UID": 301,
  "email_ID": "fermentum.fermentum@google.org",
  "PID": 388
},
{
  "_id": {
    "$oid": "656d4caca5ce939e3d699fa9"
  },
  "id": 302,
  "UID": 302,
  "email_ID": "posuere.at@aol.ca",
  "PID": 389
},
{
  "_id": {
    "$oid": "656d4caca5ce939e3d699faa"
  },
  "id": 303,
  "UID": 303,
  "email_ID": "risus@icloud.com",
  "PID": 390
},
{
  "_id": {
    "$oid": "656d4caca5ce939e3d699fab"
  },
  "id": 304,
  "UID": 304,
  "email_ID": "ipsum@yahoo.ca",
  "PID": 391
},
{
  "_id": {
    "$oid": "656d4caca5ce939e3d699fac"
  },
  "id": 305,
  "UID": 305,
  "email_ID": "vel@icloud.com",
  "PID": 392
},
{
  "_id": {
    "$oid": "656d4caca5ce939e3d699fad"
  },
  "id": 306,
  "UID": 306,
  "email_ID": "cubilia.curae@yahoo.edu",
  "PID": 393
},
{
  "_id": {
    "$oid": "656d4caca5ce939e3d699fae"
  },
  "id": 307,
  "UID": 307,
  "email_ID": "et.netus@hotmail.org",
  "PID": 394
},
{
  "_id": {
    "$oid": "656d4caca5ce939e3d699faf"
  },
  "id": 308,
  "UID": 308,
  "email_ID": "diam@hotmail.org",
  "PID": 395
},
{
  "_id": {
    "$oid": "656d4caca5ce939e3d699fb0"
  },
  "id": 309,
  "UID": 309,
  "email_ID": "fermentum.risus@yahoo.edu",
  "PID": 396
},
{
  "_id": {
    "$oid": "656d4caca5ce939e3d699fb1"
  },
  "id": 310,
  "UID": 310,
  "email_ID": "porta.elit@aol.couk",
  "PID": 397
},
{
  "_id": {
    "$oid": "656d4caca5ce939e3d699fb2"
  },
  "id": 311,
  "UID": 311,
  "email_ID": "neque.nullam@aol.couk",
  "PID": 398
},
{
  "_id": {
    "$oid": "656d4caca5ce939e3d699fb3"
  },
  "id": 312,
  "UID": 312,
  "email_ID": "penatibus.et@outlook.net",
  "PID": 399
},
{
  "_id": {
    "$oid": "656d4caca5ce939e3d699fb4"
  },
  "id": 313,
  "UID": 313,
  "email_ID": "nunc.commodo.auctor@hotmail.com",
  "PID": 400
},
{
  "_id": {
    "$oid": "656d4caca5ce939e3d699fb5"
  },
  "id": 314,
  "UID": 314,
  "email_ID": "torquent.per.conubia@aol.ca",
  "PID": 401
},
{
  "_id": {
    "$oid": "656d4caca5ce939e3d699fb6"
  },
  "id": 315,
  "UID": 315,
  "email_ID": "integer@google.edu",
  "PID": 402
},
{
  "_id": {
    "$oid": "656d4caca5ce939e3d699fb7"
  },
  "id": 316,
  "UID": 316,
  "email_ID": "lectus.justo@yahoo.org",
  "PID": 403
},
{
  "_id": {
    "$oid": "656d4caca5ce939e3d699fb8"
  },
  "id": 317,
  "UID": 317,
  "email_ID": "molestie.pharetra@yahoo.com",
  "PID": 404
},
{
  "_id": {
    "$oid": "656d4caca5ce939e3d699fb9"
  },
  "id": 318,
  "UID": 318,
  "email_ID": "ligula@yahoo.ca",
  "PID": 405
},
{
  "_id": {
    "$oid": "656d4caca5ce939e3d699fba"
  },
  "id": 319,
  "UID": 319,
  "email_ID": "ultrices.duis.volutpat@hotmail.net",
  "PID": 406
},
{
  "_id": {
    "$oid": "656d4caca5ce939e3d699fbb"
  },
  "id": 320,
  "UID": 320,
  "email_ID": "vitae.diam@outlook.edu",
  "PID": 407
},
{
  "_id": {
    "$oid": "656d4caca5ce939e3d699fbc"
  },
  "id": 321,
  "UID": 321,
  "email_ID": "lorem.ipsum@protonmail.net",
  "PID": 408
},
{
  "_id": {
    "$oid": "656d4caca5ce939e3d699fbd"
  },
  "id": 322,
  "UID": 322,
  "email_ID": "nunc.est@outlook.edu",
  "PID": 409
},
{
  "_id": {
    "$oid": "656d4caca5ce939e3d699fbe"
  },
  "id": 323,
  "UID": 323,
  "email_ID": "sit.amet@hotmail.couk",
  "PID": 410
},
{
  "_id": {
    "$oid": "656d4caca5ce939e3d699fbf"
  },
  "id": 324,
  "UID": 324,
  "email_ID": "et.magnis@protonmail.org",
  "PID": 411
},
{
  "_id": {
    "$oid": "656d4caca5ce939e3d699fc0"
  },
  "id": 325,
  "UID": 325,
  "email_ID": "fermentum.arcu.vestibulum@aol.org",
  "PID": 412
},
{
  "_id": {
    "$oid": "656d4caca5ce939e3d699fc1"
  },
  "id": 326,
  "UID": 326,
  "email_ID": "aliquet.odio@yahoo.ca",
  "PID": 413
},
{
  "_id": {
    "$oid": "656d4caca5ce939e3d699fc2"
  },
  "id": 327,
  "UID": 327,
  "email_ID": "nunc@google.org",
  "PID": 414
},
{
  "_id": {
    "$oid": "656d4caca5ce939e3d699fc3"
  },
  "id": 328,
  "UID": 328,
  "email_ID": "arcu.et.pede@outlook.ca",
  "PID": 415
},
{
  "_id": {
    "$oid": "656d4caca5ce939e3d699fc4"
  },
  "id": 329,
  "UID": 329,
  "email_ID": "diam.sed.diam@icloud.net",
  "PID": 416
},
{
  "_id": {
    "$oid": "656d4caca5ce939e3d699fc5"
  },
  "id": 330,
  "UID": 330,
  "email_ID": "pharetra.quisque@yahoo.ca",
  "PID": 417
},
{
  "_id": {
    "$oid": "656d4caca5ce939e3d699fc6"
  },
  "id": 331,
  "UID": 331,
  "email_ID": "est.tempor@aol.org",
  "PID": 418
},
{
  "_id": {
    "$oid": "656d4caca5ce939e3d699fc7"
  },
  "id": 332,
  "UID": 332,
  "email_ID": "nunc.mauris@google.couk",
  "PID": 419
},
{
  "_id": {
    "$oid": "656d4caca5ce939e3d699fc8"
  },
  "id": 333,
  "UID": 333,
  "email_ID": "purus.in@protonmail.edu",
  "PID": 420
},
{
  "_id": {
    "$oid": "656d4caca5ce939e3d699fc9"
  },
  "id": 334,
  "UID": 334,
  "email_ID": "fringilla.purus@outlook.couk",
  "PID": 421
},
{
  "_id": {
    "$oid": "656d4caca5ce939e3d699fca"
  },
  "id": 335,
  "UID": 335,
  "email_ID": "mus.aenean@aol.edu",
  "PID": 422
},
{
  "_id": {
    "$oid": "656d4caca5ce939e3d699fcb"
  },
  "id": 336,
  "UID": 336,
  "email_ID": "ac.libero@yahoo.couk",
  "PID": 423
},
{
  "_id": {
    "$oid": "656d4caca5ce939e3d699fcc"
  },
  "id": 337,
  "UID": 337,
  "email_ID": "et.magnis.dis@aol.net",
  "PID": 424
},
{
  "_id": {
    "$oid": "656d4caca5ce939e3d699fcd"
  },
  "id": 338,
  "UID": 338,
  "email_ID": "interdum@icloud.com",
  "PID": 425
},
{
  "_id": {
    "$oid": "656d4caca5ce939e3d699fce"
  },
  "id": 339,
  "UID": 339,
  "email_ID": "arcu.sed.et@yahoo.couk",
  "PID": 426
},
{
  "_id": {
    "$oid": "656d4caca5ce939e3d699fcf"
  },
  "id": 340,
  "UID": 340,
  "email_ID": "lectus.pede@hotmail.ca",
  "PID": 427
},
{
  "_id": {
    "$oid": "656d4caca5ce939e3d699fd0"
  },
  "id": 341,
  "UID": 341,
  "email_ID": "erat.in@hotmail.org",
  "PID": 428
},
{
  "_id": {
    "$oid": "656d4caca5ce939e3d699fd1"
  },
  "id": 342,
  "UID": 342,
  "email_ID": "sed.diam@google.couk",
  "PID": 429
},
{
  "_id": {
    "$oid": "656d4caca5ce939e3d699fd2"
  },
  "id": 343,
  "UID": 343,
  "email_ID": "duis.gravida.praesent@outlook.ca",
  "PID": 430
},
{
  "_id": {
    "$oid": "656d4caca5ce939e3d699fd3"
  },
  "id": 344,
  "UID": 344,
  "email_ID": "erat.semper@outlook.ca",
  "PID": 431
},
{
  "_id": {
    "$oid": "656d4caca5ce939e3d699fd4"
  },
  "id": 345,
  "UID": 345,
  "email_ID": "sed@hotmail.ca",
  "PID": 432
},
{
  "_id": {
    "$oid": "656d4caca5ce939e3d699fd5"
  },
  "id": 346,
  "UID": 346,
  "email_ID": "scelerisque.scelerisque@outlook.org",
  "PID": 433
},
{
  "_id": {
    "$oid": "656d4caca5ce939e3d699fd6"
  },
  "id": 347,
  "UID": 347,
  "email_ID": "nisl@google.com",
  "PID": 434
},
{
  "_id": {
    "$oid": "656d4caca5ce939e3d699fd7"
  },
  "id": 348,
  "UID": 348,
  "email_ID": "orci.ut@yahoo.net",
  "PID": 435
},
{
  "_id": {
    "$oid": "656d4caca5ce939e3d699fd8"
  },
  "id": 349,
  "UID": 349,
  "email_ID": "fermentum.convallis@outlook.com",
  "PID": 436
},
{
  "_id": {
    "$oid": "656d4caca5ce939e3d699fd9"
  },
  "id": 350,
  "UID": 350,
  "email_ID": "interdum.curabitur.dictum@icloud.org",
  "PID": 437
},
{
  "_id": {
    "$oid": "656d4caca5ce939e3d699fda"
  },
  "id": 351,
  "UID": 351,
  "email_ID": "augue.porttitor@aol.com",
  "PID": 438
},
{
  "_id": {
    "$oid": "656d4caca5ce939e3d699fdb"
  },
  "id": 352,
  "UID": 352,
  "email_ID": "tellus.sem@aol.edu",
  "PID": 439
},
{
  "_id": {
    "$oid": "656d4caca5ce939e3d699fdc"
  },
  "id": 353,
  "UID": 353,
  "email_ID": "metus.vitae.velit@yahoo.ca",
  "PID": 440
},
{
  "_id": {
    "$oid": "656d4caca5ce939e3d699fdd"
  },
  "id": 354,
  "UID": 354,
  "email_ID": "eu.lacus.quisque@hotmail.ca",
  "PID": 441
},
{
  "_id": {
    "$oid": "656d4caca5ce939e3d699fde"
  },
  "id": 355,
  "UID": 355,
  "email_ID": "tincidunt.dui.augue@icloud.com",
  "PID": 442
},
{
  "_id": {
    "$oid": "656d4caca5ce939e3d699fdf"
  },
  "id": 356,
  "UID": 356,
  "email_ID": "mauris.aliquam@icloud.org",
  "PID": 443
},
{
  "_id": {
    "$oid": "656d4caca5ce939e3d699fe0"
  },
  "id": 357,
  "UID": 357,
  "email_ID": "a.felis@icloud.edu",
  "PID": 444
},
{
  "_id": {
    "$oid": "656d4caca5ce939e3d699fe1"
  },
  "id": 358,
  "UID": 358,
  "email_ID": "nec.urna@icloud.com",
  "PID": 445
},
{
  "_id": {
    "$oid": "656d4caca5ce939e3d699fe2"
  },
  "id": 359,
  "UID": 359,
  "email_ID": "lectus.quis@yahoo.edu",
  "PID": 446
},
{
  "_id": {
    "$oid": "656d4caca5ce939e3d699fe3"
  },
  "id": 360,
  "UID": 360,
  "email_ID": "vel@google.edu",
  "PID": 447
},
{
  "_id": {
    "$oid": "656d4caca5ce939e3d699fe4"
  },
  "id": 361,
  "UID": 361,
  "email_ID": "nec.tempus@outlook.edu",
  "PID": 448
},
{
  "_id": {
    "$oid": "656d4caca5ce939e3d699fe5"
  },
  "id": 362,
  "UID": 362,
  "email_ID": "a.aliquet@yahoo.net",
  "PID": 449
},
{
  "_id": {
    "$oid": "656d4caca5ce939e3d699fe6"
  },
  "id": 363,
  "UID": 363,
  "email_ID": "inceptos@aol.com",
  "PID": 450
}]