[{
  "_id": {
    "$oid": "656d4755a5ce939e3d6993fa"
  },
  "AlbumID": 1,
  "AlbumName": "Greatest Hits",
  "SongID": 1
},
{
  "_id": {
    "$oid": "656d4755a5ce939e3d6993fb"
  },
  "AlbumID": 2,
  "AlbumName": "Love Songs",
  "SongID": 5
},
{
  "_id": {
    "$oid": "656d4755a5ce939e3d6993fc"
  },
  "AlbumID": 3,
  "AlbumName": "Best of 90s",
  "SongID": 12
},
{
  "_id": {
    "$oid": "656d4755a5ce939e3d6993fd"
  },
  "AlbumID": 4,
  "AlbumName": "Classic Rock Anthems",
  "SongID": 8
},
{
  "_id": {
    "$oid": "656d4755a5ce939e3d6993fe"
  },
  "AlbumID": 5,
  "AlbumName": "Acoustic Favorites",
  "SongID": 15
},
{
  "_id": {
    "$oid": "656d4755a5ce939e3d6993ff"
  },
  "AlbumID": 6,
  "AlbumName": "Pop Extravaganza",
  "SongID": 21
},
{
  "_id": {
    "$oid": "656d4755a5ce939e3d699400"
  },
  "AlbumID": 7,
  "AlbumName": "Summer Vibes",
  "SongID": 28
},
{
  "_id": {
    "$oid": "656d4755a5ce939e3d699401"
  },
  "AlbumID": 8,
  "AlbumName": "Indie Showcase",
  "SongID": 33
},
{
  "_id": {
    "$oid": "656d4755a5ce939e3d699402"
  },
  "AlbumID": 9,
  "AlbumName": "Hip Hop Classics",
  "SongID": 40
},
{
  "_id": {
    "$oid": "656d4755a5ce939e3d699403"
  },
  "AlbumID": 10,
  "AlbumName": "Jazz Standards",
  "SongID": 45
},
{
  "_id": {
    "$oid": "656d4755a5ce939e3d699404"
  },
  "AlbumID": 11,
  "AlbumName": "EDM Party Mix",
  "SongID": 50
},
{
  "_id": {
    "$oid": "656d4755a5ce939e3d699405"
  },
  "AlbumID": 12,
  "AlbumName": "Country Road Trip",
  "SongID": 2
},
{
  "_id": {
    "$oid": "656d4755a5ce939e3d699406"
  },
  "AlbumID": 13,
  "AlbumName": "Rock Legends",
  "SongID": 7
},
{
  "_id": {
    "$oid": "656d4755a5ce939e3d699407"
  },
  "AlbumID": 14,
  "AlbumName": "R&B Soulful Sounds",
  "SongID": 14
},
{
  "_id": {
    "$oid": "656d4755a5ce939e3d699408"
  },
  "AlbumID": 15,
  "AlbumName": "Reggae Roots",
  "SongID": 20
},
{
  "_id": {
    "$oid": "656d4755a5ce939e3d699409"
  },
  "AlbumID": 16,
  "AlbumName": "Metal Mayhem",
  "SongID": 26
},
{
  "_id": {
    "$oid": "656d4755a5ce939e3d69940a"
  },
  "AlbumID": 17,
  "AlbumName": "Folk Fables",
  "SongID": 32
},
{
  "_id": {
    "$oid": "656d4755a5ce939e3d69940b"
  },
  "AlbumID": 18,
  "AlbumName": "Blues Chronicles",
  "SongID": 39
},
{
  "_id": {
    "$oid": "656d4755a5ce939e3d69940c"
  },
  "AlbumID": 19,
  "AlbumName": "Latin Beats Fiesta",
  "SongID": 44
},
{
  "_id": {
    "$oid": "656d4755a5ce939e3d69940d"
  },
  "AlbumID": 20,
  "AlbumName": "Classical Masterpieces",
  "SongID": 49
},
{
  "_id": {
    "$oid": "656d4755a5ce939e3d69940e"
  },
  "AlbumID": 21,
  "AlbumName": "Electronic Odyssey",
  "SongID": 3
},
{
  "_id": {
    "$oid": "656d4755a5ce939e3d69940f"
  },
  "AlbumID": 22,
  "AlbumName": "Alternative Universe",
  "SongID": 9
},
{
  "_id": {
    "$oid": "656d4755a5ce939e3d699410"
  },
  "AlbumID": 23,
  "AlbumName": "Piano Serenity",
  "SongID": 16
},
{
  "_id": {
    "$oid": "656d4755a5ce939e3d699411"
  },
  "AlbumID": 24,
  "AlbumName": "Guitar Shredders",
  "SongID": 23
},
{
  "_id": {
    "$oid": "656d4755a5ce939e3d699412"
  },
  "AlbumID": 25,
  "AlbumName": "Chillhop Lounge",
  "SongID": 29
},
{
  "_id": {
    "$oid": "656d4755a5ce939e3d699413"
  },
  "AlbumID": 26,
  "AlbumName": "Ska Madness",
  "SongID": 35
},
{
  "_id": {
    "$oid": "656d4755a5ce939e3d699414"
  },
  "AlbumID": 27,
  "AlbumName": "Dancehall Grooves",
  "SongID": 41
},
{
  "_id": {
    "$oid": "656d4755a5ce939e3d699415"
  },
  "AlbumID": 28,
  "AlbumName": "Funk Fusion",
  "SongID": 46
},
{
  "_id": {
    "$oid": "656d4755a5ce939e3d699416"
  },
  "AlbumID": 29,
  "AlbumName": "Gospel Inspirations",
  "SongID": 1
},
{
  "_id": {
    "$oid": "656d4755a5ce939e3d699417"
  },
  "AlbumID": 30,
  "AlbumName": "World Music Journey",
  "SongID": 6
},
{
  "_id": {
    "$oid": "656d4755a5ce939e3d699418"
  },
  "AlbumID": 31,
  "AlbumName": "Experimental Beats",
  "SongID": 11
},
{
  "_id": {
    "$oid": "656d4755a5ce939e3d699419"
  },
  "AlbumID": 32,
  "AlbumName": "Ambient Reflections",
  "SongID": 17
},
{
  "_id": {
    "$oid": "656d4755a5ce939e3d69941a"
  },
  "AlbumID": 33,
  "AlbumName": "Synthwave Dreams",
  "SongID": 24
},
{
  "_id": {
    "$oid": "656d4755a5ce939e3d69941b"
  },
  "AlbumID": 34,
  "AlbumName": "Trap Heat",
  "SongID": 30
},
{
  "_id": {
    "$oid": "656d4755a5ce939e3d69941c"
  },
  "AlbumID": 35,
  "AlbumName": "K-Pop Sensations",
  "SongID": 36
},
{
  "_id": {
    "$oid": "656d4755a5ce939e3d69941d"
  },
  "AlbumID": 36,
  "AlbumName": "Soulful Ballads",
  "SongID": 42
},
{
  "_id": {
    "$oid": "656d4755a5ce939e3d69941e"
  },
  "AlbumID": 37,
  "AlbumName": "Bluegrass Bliss",
  "SongID": 47
},
{
  "_id": {
    "$oid": "656d4755a5ce939e3d69941f"
  },
  "AlbumID": 38,
  "AlbumName": "Salsa Fiesta",
  "SongID": 2
},
{
  "_id": {
    "$oid": "656d4755a5ce939e3d699420"
  },
  "AlbumID": 39,
  "AlbumName": "Baroque Elegance",
  "SongID": 8
},
{
  "_id": {
    "$oid": "656d4755a5ce939e3d699421"
  },
  "AlbumID": 40,
  "AlbumName": "Techno Storm",
  "SongID": 13
},
{
  "_id": {
    "$oid": "656d4755a5ce939e3d699422"
  },
  "AlbumID": 41,
  "AlbumName": "Gothic Melodies",
  "SongID": 19
},
{
  "_id": {
    "$oid": "656d4755a5ce939e3d699423"
  },
  "AlbumID": 42,
  "AlbumName": "Hardcore Punk Riot",
  "SongID": 25
},
{
  "_id": {
    "$oid": "656d4755a5ce939e3d699424"
  },
  "AlbumID": 43,
  "AlbumName": "Motown Magic",
  "SongID": 31
},
{
  "_id": {
    "$oid": "656d4755a5ce939e3d699425"
  },
  "AlbumID": 44,
  "AlbumName": "Nu Jazz Grooves",
  "SongID": 37
},
{
  "_id": {
    "$oid": "656d4755a5ce939e3d699426"
  },
  "AlbumID": 45,
  "AlbumName": "Post-Rock Explorations",
  "SongID": 43
},
{
  "_id": {
    "$oid": "656d4755a5ce939e3d699427"
  },
  "AlbumID": 46,
  "AlbumName": "Surf Rock Adventure",
  "SongID": 48
},
{
  "_id": {
    "$oid": "656d4755a5ce939e3d699428"
  },
  "AlbumID": 47,
  "AlbumName": "Psychedelic Wonderland",
  "SongID": 4
},
{
  "_id": {
    "$oid": "656d4755a5ce939e3d699429"
  },
  "AlbumID": 48,
  "AlbumName": "Chiptune Odyssey",
  "SongID": 10
},
{
  "_id": {
    "$oid": "656d4755a5ce939e3d69942a"
  },
  "AlbumID": 49,
  "AlbumName": "Grime Revolution",
  "SongID": 16
},
{
  "_id": {
    "$oid": "656d4755a5ce939e3d69942b"
  },
  "AlbumID": 50,
  "AlbumName": "Irish Folk Tales",
  "SongID": 22
}]