[{
  "_id": {
    "$oid": "656d4c3fa5ce939e3d699925"
  },
  "PlaylistID": 1,
  "Name": "My Favorites",
  "Duration": "02:30:00",
  "CreatorID": 205
},
{
  "_id": {
    "$oid": "656d4c3fa5ce939e3d699926"
  },
  "PlaylistID": 2,
  "Name": "Road Trip Mix",
  "Duration": "03:45:00",
  "CreatorID": 232
},
{
  "_id": {
    "$oid": "656d4c3fa5ce939e3d699927"
  },
  "PlaylistID": 3,
  "Name": "Chill Vibes",
  "Duration": "01:50:00",
  "CreatorID": 242
},
{
  "_id": {
    "$oid": "656d4c3fa5ce939e3d699928"
  },
  "PlaylistID": 4,
  "Name": "Workout Beats",
  "Duration": "01:15:00",
  "CreatorID": 212
},
{
  "_id": {
    "$oid": "656d4c3fa5ce939e3d699929"
  },
  "PlaylistID": 5,
  "Name": "Study Session",
  "Duration": "02:00:00",
  "CreatorID": 37
},
{
  "_id": {
    "$oid": "656d4c3fa5ce939e3d69992a"
  },
  "PlaylistID": 6,
  "Name": "Party Anthems",
  "Duration": "04:30:00",
  "CreatorID": 146
},
{
  "_id": {
    "$oid": "656d4c3fa5ce939e3d69992b"
  },
  "PlaylistID": 7,
  "Name": "Relaxation Station",
  "Duration": "02:15:00",
  "CreatorID": 20
},
{
  "_id": {
    "$oid": "656d4c3fa5ce939e3d69992c"
  },
  "PlaylistID": 8,
  "Name": "Throwback Jams",
  "Duration": "03:10:00",
  "CreatorID": 262
},
{
  "_id": {
    "$oid": "656d4c3fa5ce939e3d69992d"
  },
  "PlaylistID": 9,
  "Name": "Morning Motivation",
  "Duration": "01:45:00",
  "CreatorID": 47
},
{
  "_id": {
    "$oid": "656d4c3fa5ce939e3d69992e"
  },
  "PlaylistID": 10,
  "Name": "Late Night Vibes",
  "Duration": "03:20:00",
  "CreatorID": 49
},
{
  "_id": {
    "$oid": "656d4c3fa5ce939e3d69992f"
  },
  "PlaylistID": 11,
  "Name": "Driving Tunes",
  "Duration": "02:45:00",
  "CreatorID": 105
},
{
  "_id": {
    "$oid": "656d4c3fa5ce939e3d699930"
  },
  "PlaylistID": 12,
  "Name": "Focus Flow",
  "Duration": "02:25:00",
  "CreatorID": 75
},
{
  "_id": {
    "$oid": "656d4c3fa5ce939e3d699931"
  },
  "PlaylistID": 13,
  "Name": "Epic Soundtrack",
  "Duration": "04:00:00",
  "CreatorID": 61
},
{
  "_id": {
    "$oid": "656d4c3fa5ce939e3d699932"
  },
  "PlaylistID": 14,
  "Name": "Soulful Serenade",
  "Duration": "03:05:00",
  "CreatorID": 79
},
{
  "_id": {
    "$oid": "656d4c3fa5ce939e3d699933"
  },
  "PlaylistID": 15,
  "Name": "Dinner Party Mix",
  "Duration": "02:40:00",
  "CreatorID": 213
},
{
  "_id": {
    "$oid": "656d4c3fa5ce939e3d699934"
  },
  "PlaylistID": 16,
  "Name": "Groovy Grooves",
  "Duration": "03:30:00",
  "CreatorID": 226
},
{
  "_id": {
    "$oid": "656d4c3fa5ce939e3d699935"
  },
  "PlaylistID": 17,
  "Name": "Rainy Day Melodies",
  "Duration": "02:55:00",
  "CreatorID": 190
},
{
  "_id": {
    "$oid": "656d4c3fa5ce939e3d699936"
  },
  "PlaylistID": 18,
  "Name": "Gaming Glory",
  "Duration": "02:10:00",
  "CreatorID": 273
},
{
  "_id": {
    "$oid": "656d4c3fa5ce939e3d699937"
  },
  "PlaylistID": 19,
  "Name": "Classical Elegance",
  "Duration": "03:15:00",
  "CreatorID": 194
},
{
  "_id": {
    "$oid": "656d4c3fa5ce939e3d699938"
  },
  "PlaylistID": 20,
  "Name": "90s Nostalgia",
  "Duration": "03:50:00",
  "CreatorID": 150
},
{
  "_id": {
    "$oid": "656d4c3fa5ce939e3d699939"
  },
  "PlaylistID": 21,
  "Name": "Coffee Shop Acoustics",
  "Duration": "01:35:00",
  "CreatorID": 167
},
{
  "_id": {
    "$oid": "656d4c3fa5ce939e3d69993a"
  },
  "PlaylistID": 22,
  "Name": "Reggaeton Rhythms",
  "Duration": "04:10:00",
  "CreatorID": 84
},
{
  "_id": {
    "$oid": "656d4c3fa5ce939e3d69993b"
  },
  "PlaylistID": 23,
  "Name": "Indie Discovery",
  "Duration": "03:40:00",
  "CreatorID": 220
},
{
  "_id": {
    "$oid": "656d4c3fa5ce939e3d69993c"
  },
  "PlaylistID": 24,
  "Name": "Holiday Cheer",
  "Duration": "02:20:00",
  "CreatorID": 247
},
{
  "_id": {
    "$oid": "656d4c3fa5ce939e3d69993d"
  },
  "PlaylistID": 25,
  "Name": "Karaoke Classics",
  "Duration": "03:25:00",
  "CreatorID": 276
},
{
  "_id": {
    "$oid": "656d4c3fa5ce939e3d69993e"
  },
  "PlaylistID": 26,
  "Name": "Dubstep Madness",
  "Duration": "04:15:00",
  "CreatorID": 36
},
{
  "_id": {
    "$oid": "656d4c3fa5ce939e3d69993f"
  },
  "PlaylistID": 27,
  "Name": "Latin Dance Fiesta",
  "Duration": "02:50:00",
  "CreatorID": 253
},
{
  "_id": {
    "$oid": "656d4c3fa5ce939e3d699940"
  },
  "PlaylistID": 28,
  "Name": "Motivational Beats",
  "Duration": "02:05:00",
  "CreatorID": 257
},
{
  "_id": {
    "$oid": "656d4c3fa5ce939e3d699941"
  },
  "PlaylistID": 29,
  "Name": "Travelers Playlist",
  "Duration": "03:55:00",
  "CreatorID": 224
},
{
  "_id": {
    "$oid": "656d4c3fa5ce939e3d699942"
  },
  "PlaylistID": 30,
  "Name": "Romantic Ballads",
  "Duration": "03:00:00",
  "CreatorID": 49
},
{
  "_id": {
    "$oid": "656d4c3fa5ce939e3d699943"
  },
  "PlaylistID": 31,
  "Name": "Experimental Electronica",
  "Duration": "03:35:00",
  "CreatorID": 173
},
{
  "_id": {
    "$oid": "656d4c3fa5ce939e3d699944"
  },
  "PlaylistID": 32,
  "Name": "Punk Rock Revolution",
  "Duration": "02:30:00",
  "CreatorID": 118
},
{
  "_id": {
    "$oid": "656d4c3fa5ce939e3d699945"
  },
  "PlaylistID": 33,
  "Name": "Country Roads",
  "Duration": "03:45:00",
  "CreatorID": 68
},
{
  "_id": {
    "$oid": "656d4c3fa5ce939e3d699946"
  },
  "PlaylistID": 34,
  "Name": "Summer Beach Party",
  "Duration": "01:50:00",
  "CreatorID": 288
},
{
  "_id": {
    "$oid": "656d4c3fa5ce939e3d699947"
  },
  "PlaylistID": 35,
  "Name": "Hip Hop Hustle",
  "Duration": "01:15:00",
  "CreatorID": 36
},
{
  "_id": {
    "$oid": "656d4c3fa5ce939e3d699948"
  },
  "PlaylistID": 36,
  "Name": "Soothing Spa Sounds",
  "Duration": "02:00:00",
  "CreatorID": 214
},
{
  "_id": {
    "$oid": "656d4c3fa5ce939e3d699949"
  },
  "PlaylistID": 37,
  "Name": "Dancehall Bashment",
  "Duration": "04:30:00",
  "CreatorID": 61
},
{
  "_id": {
    "$oid": "656d4c3fa5ce939e3d69994a"
  },
  "PlaylistID": 38,
  "Name": "Smooth Jazz Lounge",
  "Duration": "02:15:00",
  "CreatorID": 264
},
{
  "_id": {
    "$oid": "656d4c3fa5ce939e3d69994b"
  },
  "PlaylistID": 39,
  "Name": "Pop Divas Anthems",
  "Duration": "03:10:00",
  "CreatorID": 237
},
{
  "_id": {
    "$oid": "656d4c3fa5ce939e3d69994c"
  },
  "PlaylistID": 40,
  "Name": "Epic Guitar Solos",
  "Duration": "01:45:00",
  "CreatorID": 90
},
{
  "_id": {
    "$oid": "656d4c3fa5ce939e3d69994d"
  },
  "PlaylistID": 41,
  "Name": "Rock Classics",
  "Duration": "03:20:00",
  "CreatorID": 39
},
{
  "_id": {
    "$oid": "656d4c3fa5ce939e3d69994e"
  },
  "PlaylistID": 42,
  "Name": "Ambient Dreams",
  "Duration": "02:25:00",
  "CreatorID": 225
},
{
  "_id": {
    "$oid": "656d4c3fa5ce939e3d69994f"
  },
  "PlaylistID": 43,
  "Name": "Trap Nation",
  "Duration": "04:00:00",
  "CreatorID": 107
},
{
  "_id": {
    "$oid": "656d4c3fa5ce939e3d699950"
  },
  "PlaylistID": 44,
  "Name": "Gospel Glory",
  "Duration": "03:05:00",
  "CreatorID": 159
},
{
  "_id": {
    "$oid": "656d4c3fa5ce939e3d699951"
  },
  "PlaylistID": 45,
  "Name": "Latin Jazz Fiesta",
  "Duration": "02:40:00",
  "CreatorID": 175
},
{
  "_id": {
    "$oid": "656d4c3fa5ce939e3d699952"
  },
  "PlaylistID": 46,
  "Name": "Country Love Songs",
  "Duration": "03:30:00",
  "CreatorID": 96
},
{
  "_id": {
    "$oid": "656d4c3fa5ce939e3d699953"
  },
  "PlaylistID": 47,
  "Name": "Uplifting Anthems",
  "Duration": "02:55:00",
  "CreatorID": 254
},
{
  "_id": {
    "$oid": "656d4c3fa5ce939e3d699954"
  },
  "PlaylistID": 48,
  "Name": "Motown Classics",
  "Duration": "02:10:00",
  "CreatorID": 83
},
{
  "_id": {
    "$oid": "656d4c3fa5ce939e3d699955"
  },
  "PlaylistID": 49,
  "Name": "Indie Folk Journey",
  "Duration": "03:15:00",
  "CreatorID": 253
},
{
  "_id": {
    "$oid": "656d4c3fa5ce939e3d699956"
  },
  "PlaylistID": 50,
  "Name": "Dub Reggae Vibes",
  "Duration": "03:50:00",
  "CreatorID": 115
},
{
  "_id": {
    "$oid": "656d4c3fa5ce939e3d699957"
  },
  "PlaylistID": 51,
  "Name": "Late Night Vibes",
  "Duration": "02:10:00",
  "CreatorID": 114
},
{
  "_id": {
    "$oid": "656d4c3fa5ce939e3d699958"
  },
  "PlaylistID": 52,
  "Name": "Morning Motivation",
  "Duration": "01:30:00",
  "CreatorID": 227
},
{
  "_id": {
    "$oid": "656d4c3fa5ce939e3d699959"
  },
  "PlaylistID": 53,
  "Name": "Feel Good Hits",
  "Duration": "02:45:00",
  "CreatorID": 191
},
{
  "_id": {
    "$oid": "656d4c3fa5ce939e3d69995a"
  },
  "PlaylistID": 54,
  "Name": "Throwback Classics",
  "Duration": "03:20:00",
  "CreatorID": 275
},
{
  "_id": {
    "$oid": "656d4c3fa5ce939e3d69995b"
  },
  "PlaylistID": 55,
  "Name": "Electronic Dance Party",
  "Duration": "01:55:00",
  "CreatorID": 201
},
{
  "_id": {
    "$oid": "656d4c3fa5ce939e3d69995c"
  },
  "PlaylistID": 56,
  "Name": "Soothing Soundscape",
  "Duration": "02:25:00",
  "CreatorID": 178
},
{
  "_id": {
    "$oid": "656d4c3fa5ce939e3d69995d"
  },
  "PlaylistID": 57,
  "Name": "Indie Discovery",
  "Duration": "02:15:00",
  "CreatorID": 288
},
{
  "_id": {
    "$oid": "656d4c3fa5ce939e3d69995e"
  },
  "PlaylistID": 58,
  "Name": "Power Workout Mix",
  "Duration": "01:40:00",
  "CreatorID": 4
},
{
  "_id": {
    "$oid": "656d4c3fa5ce939e3d69995f"
  },
  "PlaylistID": 59,
  "Name": "Classic Country Hits",
  "Duration": "03:10:00",
  "CreatorID": 56
},
{
  "_id": {
    "$oid": "656d4c3fa5ce939e3d699960"
  },
  "PlaylistID": 60,
  "Name": "R&B Slow Jams",
  "Duration": "02:30:00",
  "CreatorID": 270
},
{
  "_id": {
    "$oid": "656d4c3fa5ce939e3d699961"
  },
  "PlaylistID": 61,
  "Name": "Latin Fiesta",
  "Duration": "02:05:00",
  "CreatorID": 278
},
{
  "_id": {
    "$oid": "656d4c3fa5ce939e3d699962"
  },
  "PlaylistID": 62,
  "Name": "Rock Ballad Anthems",
  "Duration": "03:45:00",
  "CreatorID": 282
},
{
  "_id": {
    "$oid": "656d4c3fa5ce939e3d699963"
  },
  "PlaylistID": 63,
  "Name": "Jazz Fusion Grooves",
  "Duration": "02:40:00",
  "CreatorID": 277
},
{
  "_id": {
    "$oid": "656d4c3fa5ce939e3d699964"
  },
  "PlaylistID": 64,
  "Name": "Pop Punk Revolution",
  "Duration": "01:50:00",
  "CreatorID": 235
},
{
  "_id": {
    "$oid": "656d4c3fa5ce939e3d699965"
  },
  "PlaylistID": 65,
  "Name": "Ambient Space Journey",
  "Duration": "02:55:00",
  "CreatorID": 44
},
{
  "_id": {
    "$oid": "656d4c3fa5ce939e3d699966"
  },
  "PlaylistID": 66,
  "Name": "Ska and Reggae Party",
  "Duration": "02:15:00",
  "CreatorID": 117
},
{
  "_id": {
    "$oid": "656d4c3fa5ce939e3d699967"
  },
  "PlaylistID": 67,
  "Name": "Soulful Serenade",
  "Duration": "03:30:00",
  "CreatorID": 150
},
{
  "_id": {
    "$oid": "656d4c3fa5ce939e3d699968"
  },
  "PlaylistID": 68,
  "Name": "Metalcore Madness",
  "Duration": "02:10:00",
  "CreatorID": 101
},
{
  "_id": {
    "$oid": "656d4c3fa5ce939e3d699969"
  },
  "PlaylistID": 69,
  "Name": "World Beats Adventure",
  "Duration": "03:00:00",
  "CreatorID": 51
},
{
  "_id": {
    "$oid": "656d4c3fa5ce939e3d69996a"
  },
  "PlaylistID": 70,
  "Name": "Classical Elegance",
  "Duration": "02:25:00",
  "CreatorID": 255
},
{
  "_id": {
    "$oid": "656d4c3fa5ce939e3d69996b"
  },
  "PlaylistID": 71,
  "Name": "Synthwave Dreamscape",
  "Duration": "03:20:00",
  "CreatorID": 221
},
{
  "_id": {
    "$oid": "656d4c3fa5ce939e3d69996c"
  },
  "PlaylistID": 72,
  "Name": "Hip Hop Heatwave",
  "Duration": "02:45:00",
  "CreatorID": 38
},
{
  "_id": {
    "$oid": "656d4c3fa5ce939e3d69996d"
  },
  "PlaylistID": 73,
  "Name": "Folk and Acoustic Tales",
  "Duration": "02:05:00",
  "CreatorID": 126
},
{
  "_id": {
    "$oid": "656d4c3fa5ce939e3d69996e"
  },
  "PlaylistID": 74,
  "Name": "K-Pop Explosion",
  "Duration": "03:10:00",
  "CreatorID": 218
},
{
  "_id": {
    "$oid": "656d4c3fa5ce939e3d69996f"
  },
  "PlaylistID": 75,
  "Name": "Bluesy Blues Express",
  "Duration": "02:30:00",
  "CreatorID": 112
},
{
  "_id": {
    "$oid": "656d4c3fa5ce939e3d699970"
  },
  "PlaylistID": 76,
  "Name": "Alternative Chillout",
  "Duration": "01:55:00",
  "CreatorID": 204
},
{
  "_id": {
    "$oid": "656d4c3fa5ce939e3d699971"
  },
  "PlaylistID": 77,
  "Name": "Reggaeton Party Mix",
  "Duration": "02:20:00",
  "CreatorID": 83
},
{
  "_id": {
    "$oid": "656d4c3fa5ce939e3d699972"
  },
  "PlaylistID": 78,
  "Name": "Hard Rock Anthems",
  "Duration": "03:45:00",
  "CreatorID": 102
},
{
  "_id": {
    "$oid": "656d4c3fa5ce939e3d699973"
  },
  "PlaylistID": 79,
  "Name": "Electro Swing Swingin",
  "Duration": "02:40:00",
  "CreatorID": 261
},
{
  "_id": {
    "$oid": "656d4c3fa5ce939e3d699974"
  },
  "PlaylistID": 80,
  "Name": "Country Road Trippin",
  "Duration": "01:50:00",
  "CreatorID": 99
},
{
  "_id": {
    "$oid": "656d4c3fa5ce939e3d699975"
  },
  "PlaylistID": 81,
  "Name": "Indie Pop Wonderland",
  "Duration": "03:15:00",
  "CreatorID": 12
},
{
  "_id": {
    "$oid": "656d4c3fa5ce939e3d699976"
  },
  "PlaylistID": 82,
  "Name": "Trap and Bass Boost",
  "Duration": "02:10:00",
  "CreatorID": 63
},
{
  "_id": {
    "$oid": "656d4c3fa5ce939e3d699977"
  },
  "PlaylistID": 83,
  "Name": "Classic Piano Masterpieces",
  "Duration": "02:55:00",
  "CreatorID": 279
},
{
  "_id": {
    "$oid": "656d4c3fa5ce939e3d699978"
  },
  "PlaylistID": 84,
  "Name": "Motivational Speeches and Beats",
  "Duration": "02:30:00",
  "CreatorID": 7
},
{
  "_id": {
    "$oid": "656d4c3fa5ce939e3d699979"
  },
  "PlaylistID": 85,
  "Name": "Dancehall Explosion",
  "Duration": "03:35:00",
  "CreatorID": 94
},
{
  "_id": {
    "$oid": "656d4c3fa5ce939e3d69997a"
  },
  "PlaylistID": 86,
  "Name": "Smooth Jazz Vibes",
  "Duration": "02:15:00",
  "CreatorID": 149
},
{
  "_id": {
    "$oid": "656d4c3fa5ce939e3d69997b"
  },
  "PlaylistID": 87,
  "Name": "Grunge and Grind",
  "Duration": "02:00:00",
  "CreatorID": 164
},
{
  "_id": {
    "$oid": "656d4c3fa5ce939e3d69997c"
  },
  "PlaylistID": 88,
  "Name": "Acoustic Folk Journey",
  "Duration": "03:20:00",
  "CreatorID": 72
},
{
  "_id": {
    "$oid": "656d4c3fa5ce939e3d69997d"
  },
  "PlaylistID": 89,
  "Name": "Funky Disco Grooves",
  "Duration": "02:40:00",
  "CreatorID": 166
},
{
  "_id": {
    "$oid": "656d4c3fa5ce939e3d69997e"
  },
  "PlaylistID": 90,
  "Name": "Soothing Rain Sounds",
  "Duration": "01:50:00",
  "CreatorID": 14
},
{
  "_id": {
    "$oid": "656d4c3fa5ce939e3d69997f"
  },
  "PlaylistID": 91,
  "Name": "Progressive House Beats",
  "Duration": "03:05:00",
  "CreatorID": 174
},
{
  "_id": {
    "$oid": "656d4c3fa5ce939e3d699980"
  },
  "PlaylistID": 92,
  "Name": "Guitar Shreddin Classics",
  "Duration": "02:25:00",
  "CreatorID": 226
},
{
  "_id": {
    "$oid": "656d4c3fa5ce939e3d699981"
  },
  "PlaylistID": 93,
  "Name": "Rap Rhyme Revolution",
  "Duration": "02:45:00",
  "CreatorID": 6
},
{
  "_id": {
    "$oid": "656d4c3fa5ce939e3d699982"
  },
  "PlaylistID": 94,
  "Name": "Classical Guitar Elegance",
  "Duration": "02:00:00",
  "CreatorID": 252
},
{
  "_id": {
    "$oid": "656d4c3fa5ce939e3d699983"
  },
  "PlaylistID": 95,
  "Name": "Soulful Country Serenade",
  "Duration": "03:10:00",
  "CreatorID": 41
},
{
  "_id": {
    "$oid": "656d4c3fa5ce939e3d699984"
  },
  "PlaylistID": 96,
  "Name": "Psychedelic Space Odyssey",
  "Duration": "02:30:00",
  "CreatorID": 49
},
{
  "_id": {
    "$oid": "656d4c3fa5ce939e3d699985"
  },
  "PlaylistID": 97,
  "Name": "Pop Punk Power Hour",
  "Duration": "01:40:00",
  "CreatorID": 122
},
{
  "_id": {
    "$oid": "656d4c3fa5ce939e3d699986"
  },
  "PlaylistID": 98,
  "Name": "Ambient Soundscapes",
  "Duration": "02:55:00",
  "CreatorID": 161
},
{
  "_id": {
    "$oid": "656d4c3fa5ce939e3d699987"
  },
  "PlaylistID": 99,
  "Name": "Latin Jazz Fusion",
  "Duration": "03:15:00",
  "CreatorID": 141
},
{
  "_id": {
    "$oid": "656d4c3fa5ce939e3d699988"
  },
  "PlaylistID": 100,
  "Name": "Indie Rock Anthems",
  "Duration": "02:10:00",
  "CreatorID": 221
},
{
  "_id": {
    "$oid": "656d4c3fa5ce939e3d699989"
  },
  "PlaylistID": 101,
  "Name": "Classic Rock Rewind",
  "Duration": "03:30:00",
  "CreatorID": 82
},
{
  "_id": {
    "$oid": "656d4c3fa5ce939e3d69998a"
  },
  "PlaylistID": 102,
  "Name": "Chill Electronic Vibes",
  "Duration": "02:00:00",
  "CreatorID": 46
},
{
  "_id": {
    "$oid": "656d4c3fa5ce939e3d69998b"
  },
  "PlaylistID": 103,
  "Name": "Motivational Hip Hop Beats",
  "Duration": "02:45:00",
  "CreatorID": 283
},
{
  "_id": {
    "$oid": "656d4c3fa5ce939e3d69998c"
  },
  "PlaylistID": 104,
  "Name": "Acoustic Singer-Songwriter",
  "Duration": "02:15:00",
  "CreatorID": 78
},
{
  "_id": {
    "$oid": "656d4c3fa5ce939e3d69998d"
  },
  "PlaylistID": 105,
  "Name": "90s Nostalgia",
  "Duration": "03:20:00",
  "CreatorID": 138
},
{
  "_id": {
    "$oid": "656d4c3fa5ce939e3d69998e"
  },
  "PlaylistID": 106,
  "Name": "Synthwave Dreamscape",
  "Duration": "02:55:00",
  "CreatorID": 156
},
{
  "_id": {
    "$oid": "656d4c3fa5ce939e3d69998f"
  },
  "PlaylistID": 107,
  "Name": "Reggae Party Vibes",
  "Duration": "02:10:00",
  "CreatorID": 65
},
{
  "_id": {
    "$oid": "656d4c3fa5ce939e3d699990"
  },
  "PlaylistID": 108,
  "Name": "Pop Punk Power Hour",
  "Duration": "01:40:00",
  "CreatorID": 159
},
{
  "_id": {
    "$oid": "656d4c3fa5ce939e3d699991"
  },
  "PlaylistID": 109,
  "Name": "Soulful Jazz Jams",
  "Duration": "03:15:00",
  "CreatorID": 298
},
{
  "_id": {
    "$oid": "656d4c3fa5ce939e3d699992"
  },
  "PlaylistID": 110,
  "Name": "Indie Folk Exploration",
  "Duration": "02:30:00",
  "CreatorID": 112
},
{
  "_id": {
    "$oid": "656d4c3fa5ce939e3d699993"
  },
  "PlaylistID": 111,
  "Name": "Dubstep Drop Madness",
  "Duration": "02:05:00",
  "CreatorID": 266
},
{
  "_id": {
    "$oid": "656d4c3fa5ce939e3d699994"
  },
  "PlaylistID": 112,
  "Name": "Country Road Trip",
  "Duration": "03:10:00",
  "CreatorID": 93
},
{
  "_id": {
    "$oid": "656d4c3fa5ce939e3d699995"
  },
  "PlaylistID": 113,
  "Name": "Classical Piano Elegance",
  "Duration": "02:25:00",
  "CreatorID": 266
},
{
  "_id": {
    "$oid": "656d4c3fa5ce939e3d699996"
  },
  "PlaylistID": 114,
  "Name": "Hip Hop Rhyme Revolution",
  "Duration": "02:45:00",
  "CreatorID": 150
},
{
  "_id": {
    "$oid": "656d4c3fa5ce939e3d699997"
  },
  "PlaylistID": 115,
  "Name": "Soothing Rain Sounds",
  "Duration": "01:50:00",
  "CreatorID": 251
},
{
  "_id": {
    "$oid": "656d4c3fa5ce939e3d699998"
  },
  "PlaylistID": 116,
  "Name": "Indie Rock Anthems",
  "Duration": "03:30:00",
  "CreatorID": 207
},
{
  "_id": {
    "$oid": "656d4c3fa5ce939e3d699999"
  },
  "PlaylistID": 117,
  "Name": "Pop Dance Party Mix",
  "Duration": "02:00:00",
  "CreatorID": 281
},
{
  "_id": {
    "$oid": "656d4c3fa5ce939e3d69999a"
  },
  "PlaylistID": 118,
  "Name": "Rock Ballad Classics",
  "Duration": "02:40:00",
  "CreatorID": 185
},
{
  "_id": {
    "$oid": "656d4c3fa5ce939e3d69999b"
  },
  "PlaylistID": 119,
  "Name": "Motown Magic",
  "Duration": "02:15:00",
  "CreatorID": 81
},
{
  "_id": {
    "$oid": "656d4c3fa5ce939e3d69999c"
  },
  "PlaylistID": 120,
  "Name": "Ambient Soundscapes",
  "Duration": "03:20:00",
  "CreatorID": 149
},
{
  "_id": {
    "$oid": "656d4c3fa5ce939e3d69999d"
  },
  "PlaylistID": 121,
  "Name": "Latin Jazz Fusion",
  "Duration": "02:55:00",
  "CreatorID": 202
},
{
  "_id": {
    "$oid": "656d4c3fa5ce939e3d69999e"
  },
  "PlaylistID": 122,
  "Name": "Indie Pop Wonderland",
  "Duration": "02:10:00",
  "CreatorID": 260
},
{
  "_id": {
    "$oid": "656d4c3fa5ce939e3d69999f"
  },
  "PlaylistID": 123,
  "Name": "Trap and Bass Boost",
  "Duration": "01:40:00",
  "CreatorID": 96
},
{
  "_id": {
    "$oid": "656d4c3fa5ce939e3d6999a0"
  },
  "PlaylistID": 124,
  "Name": "Classic Piano Masterpieces",
  "Duration": "02:30:00",
  "CreatorID": 299
},
{
  "_id": {
    "$oid": "656d4c3fa5ce939e3d6999a1"
  },
  "PlaylistID": 125,
  "Name": "Soulful Country Serenade",
  "Duration": "03:10:00",
  "CreatorID": 5
},
{
  "_id": {
    "$oid": "656d4c3fa5ce939e3d6999a2"
  },
  "PlaylistID": 126,
  "Name": "Psychedelic Space Odyssey",
  "Duration": "02:30:00",
  "CreatorID": 29
},
{
  "_id": {
    "$oid": "656d4c3fa5ce939e3d6999a3"
  },
  "PlaylistID": 127,
  "Name": "Pop Punk Power Hour",
  "Duration": "01:40:00",
  "CreatorID": 129
},
{
  "_id": {
    "$oid": "656d4c3fa5ce939e3d6999a4"
  },
  "PlaylistID": 128,
  "Name": "Ambient Soundscapes",
  "Duration": "02:55:00",
  "CreatorID": 259
},
{
  "_id": {
    "$oid": "656d4c3fa5ce939e3d6999a5"
  },
  "PlaylistID": 129,
  "Name": "Latin Jazz Fusion",
  "Duration": "03:15:00",
  "CreatorID": 5
},
{
  "_id": {
    "$oid": "656d4c3fa5ce939e3d6999a6"
  },
  "PlaylistID": 130,
  "Name": "Indie Rock Anthems",
  "Duration": "02:10:00",
  "CreatorID": 149
},
{
  "_id": {
    "$oid": "656d4c3fa5ce939e3d6999a7"
  },
  "PlaylistID": 131,
  "Name": "Classic Rock Rewind",
  "Duration": "03:30:00",
  "CreatorID": 130
},
{
  "_id": {
    "$oid": "656d4c3fa5ce939e3d6999a8"
  },
  "PlaylistID": 132,
  "Name": "Chill Electronic Vibes",
  "Duration": "02:00:00",
  "CreatorID": 202
},
{
  "_id": {
    "$oid": "656d4c3fa5ce939e3d6999a9"
  },
  "PlaylistID": 133,
  "Name": "Motivational Hip Hop Beats",
  "Duration": "02:45:00",
  "CreatorID": 21
},
{
  "_id": {
    "$oid": "656d4c3fa5ce939e3d6999aa"
  },
  "PlaylistID": 134,
  "Name": "Acoustic Singer-Songwriter",
  "Duration": "02:15:00",
  "CreatorID": 96
},
{
  "_id": {
    "$oid": "656d4c3fa5ce939e3d6999ab"
  },
  "PlaylistID": 135,
  "Name": "90s Nostalgia",
  "Duration": "03:20:00",
  "CreatorID": 119
},
{
  "_id": {
    "$oid": "656d4c3fa5ce939e3d6999ac"
  },
  "PlaylistID": 136,
  "Name": "Synthwave Dreamscape",
  "Duration": "02:55:00",
  "CreatorID": 6
},
{
  "_id": {
    "$oid": "656d4c3fa5ce939e3d6999ad"
  },
  "PlaylistID": 137,
  "Name": "Reggae Party Vibes",
  "Duration": "02:10:00",
  "CreatorID": 273
},
{
  "_id": {
    "$oid": "656d4c3fa5ce939e3d6999ae"
  },
  "PlaylistID": 138,
  "Name": "Pop Punk Power Hour",
  "Duration": "01:40:00",
  "CreatorID": 146
},
{
  "_id": {
    "$oid": "656d4c3fa5ce939e3d6999af"
  },
  "PlaylistID": 139,
  "Name": "Soulful Jazz Jams",
  "Duration": "03:15:00",
  "CreatorID": 209
},
{
  "_id": {
    "$oid": "656d4c3fa5ce939e3d6999b0"
  },
  "PlaylistID": 140,
  "Name": "Indie Folk Exploration",
  "Duration": "02:30:00",
  "CreatorID": 7
},
{
  "_id": {
    "$oid": "656d4c3fa5ce939e3d6999b1"
  },
  "PlaylistID": 141,
  "Name": "Dubstep Drop Madness",
  "Duration": "02:05:00",
  "CreatorID": 7
},
{
  "_id": {
    "$oid": "656d4c3fa5ce939e3d6999b2"
  },
  "PlaylistID": 142,
  "Name": "Country Road Trip",
  "Duration": "03:10:00",
  "CreatorID": 15
},
{
  "_id": {
    "$oid": "656d4c3fa5ce939e3d6999b3"
  },
  "PlaylistID": 143,
  "Name": "Classical Piano Elegance",
  "Duration": "02:25:00",
  "CreatorID": 53
},
{
  "_id": {
    "$oid": "656d4c3fa5ce939e3d6999b4"
  },
  "PlaylistID": 144,
  "Name": "Hip Hop Rhyme Revolution",
  "Duration": "02:45:00",
  "CreatorID": 218
},
{
  "_id": {
    "$oid": "656d4c3fa5ce939e3d6999b5"
  },
  "PlaylistID": 145,
  "Name": "Soothing Rain Sounds",
  "Duration": "01:50:00",
  "CreatorID": 32
},
{
  "_id": {
    "$oid": "656d4c3fa5ce939e3d6999b6"
  },
  "PlaylistID": 146,
  "Name": "Indie Rock Anthems",
  "Duration": "03:30:00",
  "CreatorID": 104
},
{
  "_id": {
    "$oid": "656d4c3fa5ce939e3d6999b7"
  },
  "PlaylistID": 147,
  "Name": "Pop Dance Party Mix",
  "Duration": "02:00:00",
  "CreatorID": 126
},
{
  "_id": {
    "$oid": "656d4c3fa5ce939e3d6999b8"
  },
  "PlaylistID": 148,
  "Name": "Rock Ballad Classics",
  "Duration": "02:40:00",
  "CreatorID": 15
},
{
  "_id": {
    "$oid": "656d4c3fa5ce939e3d6999b9"
  },
  "PlaylistID": 149,
  "Name": "Motown Magic",
  "Duration": "02:15:00",
  "CreatorID": 299
},
{
  "_id": {
    "$oid": "656d4c3fa5ce939e3d6999ba"
  },
  "PlaylistID": 150,
  "Name": "Ambient Soundscapes",
  "Duration": "03:20:00",
  "CreatorID": 247
},
{
  "_id": {
    "$oid": "656d4c3fa5ce939e3d6999bb"
  },
  "PlaylistID": 151,
  "Name": "Late Night Vibes",
  "Duration": "02:10:00",
  "CreatorID": 37
},
{
  "_id": {
    "$oid": "656d4c3fa5ce939e3d6999bc"
  },
  "PlaylistID": 152,
  "Name": "Morning Motivation",
  "Duration": "01:30:00",
  "CreatorID": 44
},
{
  "_id": {
    "$oid": "656d4c3fa5ce939e3d6999bd"
  },
  "PlaylistID": 153,
  "Name": "Feel Good Hits",
  "Duration": "02:45:00",
  "CreatorID": 108
},
{
  "_id": {
    "$oid": "656d4c3fa5ce939e3d6999be"
  },
  "PlaylistID": 154,
  "Name": "Throwback Classics",
  "Duration": "03:20:00",
  "CreatorID": 106
},
{
  "_id": {
    "$oid": "656d4c3fa5ce939e3d6999bf"
  },
  "PlaylistID": 155,
  "Name": "Electronic Dance Party",
  "Duration": "01:55:00",
  "CreatorID": 207
},
{
  "_id": {
    "$oid": "656d4c3fa5ce939e3d6999c0"
  },
  "PlaylistID": 156,
  "Name": "Soothing Soundscape",
  "Duration": "02:25:00",
  "CreatorID": 118
},
{
  "_id": {
    "$oid": "656d4c3fa5ce939e3d6999c1"
  },
  "PlaylistID": 157,
  "Name": "Indie Discovery",
  "Duration": "02:15:00",
  "CreatorID": 266
},
{
  "_id": {
    "$oid": "656d4c3fa5ce939e3d6999c2"
  },
  "PlaylistID": 158,
  "Name": "Power Workout Mix",
  "Duration": "01:40:00",
  "CreatorID": 77
},
{
  "_id": {
    "$oid": "656d4c3fa5ce939e3d6999c3"
  },
  "PlaylistID": 159,
  "Name": "Classic Country Hits",
  "Duration": "03:10:00",
  "CreatorID": 187
},
{
  "_id": {
    "$oid": "656d4c3fa5ce939e3d6999c4"
  },
  "PlaylistID": 160,
  "Name": "R&B Slow Jams",
  "Duration": "02:30:00",
  "CreatorID": 105
},
{
  "_id": {
    "$oid": "656d4c3fa5ce939e3d6999c5"
  },
  "PlaylistID": 161,
  "Name": "Latin Fiesta",
  "Duration": "02:05:00",
  "CreatorID": 262
},
{
  "_id": {
    "$oid": "656d4c3fa5ce939e3d6999c6"
  },
  "PlaylistID": 162,
  "Name": "Rock Ballad Anthems",
  "Duration": "03:45:00",
  "CreatorID": 93
},
{
  "_id": {
    "$oid": "656d4c3fa5ce939e3d6999c7"
  },
  "PlaylistID": 163,
  "Name": "Jazz Fusion Grooves",
  "Duration": "02:40:00",
  "CreatorID": 278
},
{
  "_id": {
    "$oid": "656d4c3fa5ce939e3d6999c8"
  },
  "PlaylistID": 164,
  "Name": "Pop Punk Revolution",
  "Duration": "01:50:00",
  "CreatorID": 212
},
{
  "_id": {
    "$oid": "656d4c3fa5ce939e3d6999c9"
  },
  "PlaylistID": 165,
  "Name": "Ambient Space Journey",
  "Duration": "02:55:00",
  "CreatorID": 227
},
{
  "_id": {
    "$oid": "656d4c3fa5ce939e3d6999ca"
  },
  "PlaylistID": 166,
  "Name": "Ska and Reggae Party",
  "Duration": "02:15:00",
  "CreatorID": 198
},
{
  "_id": {
    "$oid": "656d4c3fa5ce939e3d6999cb"
  },
  "PlaylistID": 167,
  "Name": "Soulful Serenade",
  "Duration": "03:30:00",
  "CreatorID": 7
},
{
  "_id": {
    "$oid": "656d4c3fa5ce939e3d6999cc"
  },
  "PlaylistID": 168,
  "Name": "Metalcore Madness",
  "Duration": "02:10:00",
  "CreatorID": 43
},
{
  "_id": {
    "$oid": "656d4c3fa5ce939e3d6999cd"
  },
  "PlaylistID": 169,
  "Name": "World Beats Adventure",
  "Duration": "03:00:00",
  "CreatorID": 192
},
{
  "_id": {
    "$oid": "656d4c3fa5ce939e3d6999ce"
  },
  "PlaylistID": 170,
  "Name": "Classical Elegance",
  "Duration": "02:25:00",
  "CreatorID": 232
},
{
  "_id": {
    "$oid": "656d4c3fa5ce939e3d6999cf"
  },
  "PlaylistID": 171,
  "Name": "Synthwave Dreamscape",
  "Duration": "03:20:00",
  "CreatorID": 285
},
{
  "_id": {
    "$oid": "656d4c3fa5ce939e3d6999d0"
  },
  "PlaylistID": 172,
  "Name": "Hip Hop Heatwave",
  "Duration": "02:45:00",
  "CreatorID": 125
},
{
  "_id": {
    "$oid": "656d4c3fa5ce939e3d6999d1"
  },
  "PlaylistID": 173,
  "Name": "Folk and Acoustic Tales",
  "Duration": "02:05:00",
  "CreatorID": 69
},
{
  "_id": {
    "$oid": "656d4c3fa5ce939e3d6999d2"
  },
  "PlaylistID": 174,
  "Name": "K-Pop Explosion",
  "Duration": "03:10:00",
  "CreatorID": 273
},
{
  "_id": {
    "$oid": "656d4c3fa5ce939e3d6999d3"
  },
  "PlaylistID": 175,
  "Name": "Bluesy Blues Express",
  "Duration": "02:30:00",
  "CreatorID": 254
},
{
  "_id": {
    "$oid": "656d4c3fa5ce939e3d6999d4"
  },
  "PlaylistID": 176,
  "Name": "Alternative Chillout",
  "Duration": "01:55:00",
  "CreatorID": 154
},
{
  "_id": {
    "$oid": "656d4c3fa5ce939e3d6999d5"
  },
  "PlaylistID": 177,
  "Name": "Reggaeton Party Mix",
  "Duration": "02:20:00",
  "CreatorID": 6
},
{
  "_id": {
    "$oid": "656d4c3fa5ce939e3d6999d6"
  },
  "PlaylistID": 178,
  "Name": "Hard Rock Anthems",
  "Duration": "03:45:00",
  "CreatorID": 166
},
{
  "_id": {
    "$oid": "656d4c3fa5ce939e3d6999d7"
  },
  "PlaylistID": 179,
  "Name": "Electro Swing Swingin",
  "Duration": "02:40:00",
  "CreatorID": 213
},
{
  "_id": {
    "$oid": "656d4c3fa5ce939e3d6999d8"
  },
  "PlaylistID": 180,
  "Name": "Country Road Trippin",
  "Duration": "01:50:00",
  "CreatorID": 268
},
{
  "_id": {
    "$oid": "656d4c3fa5ce939e3d6999d9"
  },
  "PlaylistID": 181,
  "Name": "Indie Pop Wonderland",
  "Duration": "03:15:00",
  "CreatorID": 100
},
{
  "_id": {
    "$oid": "656d4c3fa5ce939e3d6999da"
  },
  "PlaylistID": 182,
  "Name": "Trap and Bass Boost",
  "Duration": "02:10:00",
  "CreatorID": 295
},
{
  "_id": {
    "$oid": "656d4c3fa5ce939e3d6999db"
  },
  "PlaylistID": 183,
  "Name": "Classic Piano Masterpieces",
  "Duration": "02:55:00",
  "CreatorID": 274
},
{
  "_id": {
    "$oid": "656d4c3fa5ce939e3d6999dc"
  },
  "PlaylistID": 184,
  "Name": "Motivational Speeches and Beats",
  "Duration": "02:30:00",
  "CreatorID": 185
},
{
  "_id": {
    "$oid": "656d4c3fa5ce939e3d6999dd"
  },
  "PlaylistID": 185,
  "Name": "Dancehall Explosion",
  "Duration": "03:35:00",
  "CreatorID": 102
},
{
  "_id": {
    "$oid": "656d4c3fa5ce939e3d6999de"
  },
  "PlaylistID": 186,
  "Name": "Smooth Jazz Vibes",
  "Duration": "02:15:00",
  "CreatorID": 254
},
{
  "_id": {
    "$oid": "656d4c3fa5ce939e3d6999df"
  },
  "PlaylistID": 187,
  "Name": "Grunge and Grind",
  "Duration": "02:00:00",
  "CreatorID": 62
},
{
  "_id": {
    "$oid": "656d4c3fa5ce939e3d6999e0"
  },
  "PlaylistID": 188,
  "Name": "Acoustic Folk Journey",
  "Duration": "03:20:00",
  "CreatorID": 149
},
{
  "_id": {
    "$oid": "656d4c3fa5ce939e3d6999e1"
  },
  "PlaylistID": 189,
  "Name": "Funky Disco Grooves",
  "Duration": "02:40:00",
  "CreatorID": 257
},
{
  "_id": {
    "$oid": "656d4c3fa5ce939e3d6999e2"
  },
  "PlaylistID": 190,
  "Name": "Soothing Rain Sounds",
  "Duration": "01:50:00",
  "CreatorID": 239
},
{
  "_id": {
    "$oid": "656d4c3fa5ce939e3d6999e3"
  },
  "PlaylistID": 191,
  "Name": "Progressive House Beats",
  "Duration": "03:05:00",
  "CreatorID": 125
},
{
  "_id": {
    "$oid": "656d4c3fa5ce939e3d6999e4"
  },
  "PlaylistID": 192,
  "Name": "Guitar Shreddin Classics",
  "Duration": "02:25:00",
  "CreatorID": 207
},
{
  "_id": {
    "$oid": "656d4c3fa5ce939e3d6999e5"
  },
  "PlaylistID": 193,
  "Name": "Rap Rhyme Revolution",
  "Duration": "02:45:00",
  "CreatorID": 59
},
{
  "_id": {
    "$oid": "656d4c3fa5ce939e3d6999e6"
  },
  "PlaylistID": 194,
  "Name": "Classical Guitar Elegance",
  "Duration": "02:00:00",
  "CreatorID": 273
},
{
  "_id": {
    "$oid": "656d4c3fa5ce939e3d6999e7"
  },
  "PlaylistID": 195,
  "Name": "Soulful Country Serenade",
  "Duration": "03:10:00",
  "CreatorID": 287
},
{
  "_id": {
    "$oid": "656d4c3fa5ce939e3d6999e8"
  },
  "PlaylistID": 196,
  "Name": "Psychedelic Space Odyssey",
  "Duration": "02:30:00",
  "CreatorID": 17
},
{
  "_id": {
    "$oid": "656d4c3fa5ce939e3d6999e9"
  },
  "PlaylistID": 197,
  "Name": "Pop Punk Power Hour",
  "Duration": "01:40:00",
  "CreatorID": 122
},
{
  "_id": {
    "$oid": "656d4c3fa5ce939e3d6999ea"
  },
  "PlaylistID": 198,
  "Name": "Ambient Soundscapes",
  "Duration": "02:55:00",
  "CreatorID": 261
},
{
  "_id": {
    "$oid": "656d4c3fa5ce939e3d6999eb"
  },
  "PlaylistID": 199,
  "Name": "Latin Jazz Fusion",
  "Duration": "03:15:00",
  "CreatorID": 36
},
{
  "_id": {
    "$oid": "656d4c3fa5ce939e3d6999ec"
  },
  "PlaylistID": 200,
  "Name": "Indie Rock Anthems",
  "Duration": "02:10:00",
  "CreatorID": 299
},
{
  "_id": {
    "$oid": "656d4c3fa5ce939e3d6999ed"
  },
  "PlaylistID": 201,
  "Name": "Late Night Vibes",
  "Duration": "02:10:00",
  "CreatorID": 185
},
{
  "_id": {
    "$oid": "656d4c3fa5ce939e3d6999ee"
  },
  "PlaylistID": 202,
  "Name": "Morning Motivation",
  "Duration": "01:30:00",
  "CreatorID": 26
},
{
  "_id": {
    "$oid": "656d4c3fa5ce939e3d6999ef"
  },
  "PlaylistID": 203,
  "Name": "Feel Good Hits",
  "Duration": "02:45:00",
  "CreatorID": 176
},
{
  "_id": {
    "$oid": "656d4c3fa5ce939e3d6999f0"
  },
  "PlaylistID": 204,
  "Name": "Throwback Classics",
  "Duration": "03:20:00",
  "CreatorID": 201
},
{
  "_id": {
    "$oid": "656d4c3fa5ce939e3d6999f1"
  },
  "PlaylistID": 205,
  "Name": "Electronic Dance Party",
  "Duration": "01:55:00",
  "CreatorID": 178
},
{
  "_id": {
    "$oid": "656d4c3fa5ce939e3d6999f2"
  },
  "PlaylistID": 206,
  "Name": "Soothing Soundscape",
  "Duration": "02:25:00",
  "CreatorID": 286
},
{
  "_id": {
    "$oid": "656d4c3fa5ce939e3d6999f3"
  },
  "PlaylistID": 207,
  "Name": "Indie Discovery",
  "Duration": "02:15:00",
  "CreatorID": 296
},
{
  "_id": {
    "$oid": "656d4c3fa5ce939e3d6999f4"
  },
  "PlaylistID": 208,
  "Name": "Power Workout Mix",
  "Duration": "01:40:00",
  "CreatorID": 22
},
{
  "_id": {
    "$oid": "656d4c3fa5ce939e3d6999f5"
  },
  "PlaylistID": 209,
  "Name": "Classic Country Hits",
  "Duration": "03:10:00",
  "CreatorID": 122
},
{
  "_id": {
    "$oid": "656d4c3fa5ce939e3d6999f6"
  },
  "PlaylistID": 210,
  "Name": "R&B Slow Jams",
  "Duration": "02:30:00",
  "CreatorID": 241
},
{
  "_id": {
    "$oid": "656d4c3fa5ce939e3d6999f7"
  },
  "PlaylistID": 211,
  "Name": "Latin Fiesta",
  "Duration": "02:05:00",
  "CreatorID": 240
},
{
  "_id": {
    "$oid": "656d4c3fa5ce939e3d6999f8"
  },
  "PlaylistID": 212,
  "Name": "Rock Ballad Anthems",
  "Duration": "03:45:00",
  "CreatorID": 178
},
{
  "_id": {
    "$oid": "656d4c3fa5ce939e3d6999f9"
  },
  "PlaylistID": 213,
  "Name": "Jazz Fusion Grooves",
  "Duration": "02:40:00",
  "CreatorID": 168
},
{
  "_id": {
    "$oid": "656d4c3fa5ce939e3d6999fa"
  },
  "PlaylistID": 214,
  "Name": "Pop Punk Revolution",
  "Duration": "01:50:00",
  "CreatorID": 8
},
{
  "_id": {
    "$oid": "656d4c3fa5ce939e3d6999fb"
  },
  "PlaylistID": 215,
  "Name": "Ambient Space Journey",
  "Duration": "02:55:00",
  "CreatorID": 132
},
{
  "_id": {
    "$oid": "656d4c3fa5ce939e3d6999fc"
  },
  "PlaylistID": 216,
  "Name": "Ska and Reggae Party",
  "Duration": "02:15:00",
  "CreatorID": 37
},
{
  "_id": {
    "$oid": "656d4c3fa5ce939e3d6999fd"
  },
  "PlaylistID": 217,
  "Name": "Soulful Serenade",
  "Duration": "03:30:00",
  "CreatorID": 88
},
{
  "_id": {
    "$oid": "656d4c3fa5ce939e3d6999fe"
  },
  "PlaylistID": 218,
  "Name": "Metalcore Madness",
  "Duration": "02:10:00",
  "CreatorID": 30
},
{
  "_id": {
    "$oid": "656d4c3fa5ce939e3d6999ff"
  },
  "PlaylistID": 219,
  "Name": "World Beats Adventure",
  "Duration": "03:00:00",
  "CreatorID": 184
},
{
  "_id": {
    "$oid": "656d4c3fa5ce939e3d699a00"
  },
  "PlaylistID": 220,
  "Name": "Classical Elegance",
  "Duration": "02:25:00",
  "CreatorID": 230
},
{
  "_id": {
    "$oid": "656d4c3fa5ce939e3d699a01"
  },
  "PlaylistID": 221,
  "Name": "Synthwave Dreamscape",
  "Duration": "03:20:00",
  "CreatorID": 296
},
{
  "_id": {
    "$oid": "656d4c3fa5ce939e3d699a02"
  },
  "PlaylistID": 222,
  "Name": "Hip Hop Heatwave",
  "Duration": "02:45:00",
  "CreatorID": 189
},
{
  "_id": {
    "$oid": "656d4c3fa5ce939e3d699a03"
  },
  "PlaylistID": 223,
  "Name": "Folk and Acoustic Tales",
  "Duration": "02:05:00",
  "CreatorID": 56
},
{
  "_id": {
    "$oid": "656d4c3fa5ce939e3d699a04"
  },
  "PlaylistID": 224,
  "Name": "K-Pop Explosion",
  "Duration": "03:10:00",
  "CreatorID": 12
},
{
  "_id": {
    "$oid": "656d4c3fa5ce939e3d699a05"
  },
  "PlaylistID": 225,
  "Name": "Bluesy Blues Express",
  "Duration": "02:30:00",
  "CreatorID": 193
},
{
  "_id": {
    "$oid": "656d4c3fa5ce939e3d699a06"
  },
  "PlaylistID": 226,
  "Name": "Alternative Chillout",
  "Duration": "01:55:00",
  "CreatorID": 26
},
{
  "_id": {
    "$oid": "656d4c3fa5ce939e3d699a07"
  },
  "PlaylistID": 227,
  "Name": "Reggaeton Party Mix",
  "Duration": "02:20:00",
  "CreatorID": 153
},
{
  "_id": {
    "$oid": "656d4c3fa5ce939e3d699a08"
  },
  "PlaylistID": 228,
  "Name": "Hard Rock Anthems",
  "Duration": "03:45:00",
  "CreatorID": 88
},
{
  "_id": {
    "$oid": "656d4c3fa5ce939e3d699a09"
  },
  "PlaylistID": 229,
  "Name": "Electro Swing Swingin",
  "Duration": "02:40:00",
  "CreatorID": 277
},
{
  "_id": {
    "$oid": "656d4c3fa5ce939e3d699a0a"
  },
  "PlaylistID": 230,
  "Name": "Country Road Trippin",
  "Duration": "01:50:00",
  "CreatorID": 224
},
{
  "_id": {
    "$oid": "656d4c3fa5ce939e3d699a0b"
  },
  "PlaylistID": 231,
  "Name": "Indie Pop Wonderland",
  "Duration": "03:15:00",
  "CreatorID": 286
},
{
  "_id": {
    "$oid": "656d4c3fa5ce939e3d699a0c"
  },
  "PlaylistID": 232,
  "Name": "Trap and Bass Boost",
  "Duration": "02:10:00",
  "CreatorID": 157
},
{
  "_id": {
    "$oid": "656d4c3fa5ce939e3d699a0d"
  },
  "PlaylistID": 233,
  "Name": "Classic Piano Masterpieces",
  "Duration": "02:55:00",
  "CreatorID": 228
},
{
  "_id": {
    "$oid": "656d4c3fa5ce939e3d699a0e"
  },
  "PlaylistID": 234,
  "Name": "Motivational Speeches and Beats",
  "Duration": "02:30:00",
  "CreatorID": 68
},
{
  "_id": {
    "$oid": "656d4c3fa5ce939e3d699a0f"
  },
  "PlaylistID": 235,
  "Name": "Dancehall Explosion",
  "Duration": "03:35:00",
  "CreatorID": 255
},
{
  "_id": {
    "$oid": "656d4c3fa5ce939e3d699a10"
  },
  "PlaylistID": 236,
  "Name": "Smooth Jazz Vibes",
  "Duration": "02:15:00",
  "CreatorID": 169
},
{
  "_id": {
    "$oid": "656d4c3fa5ce939e3d699a11"
  },
  "PlaylistID": 237,
  "Name": "Grunge and Grind",
  "Duration": "02:00:00",
  "CreatorID": 80
},
{
  "_id": {
    "$oid": "656d4c3fa5ce939e3d699a12"
  },
  "PlaylistID": 238,
  "Name": "Acoustic Folk Journey",
  "Duration": "03:20:00",
  "CreatorID": 193
},
{
  "_id": {
    "$oid": "656d4c3fa5ce939e3d699a13"
  },
  "PlaylistID": 239,
  "Name": "Funky Disco Grooves",
  "Duration": "02:40:00",
  "CreatorID": 127
},
{
  "_id": {
    "$oid": "656d4c3fa5ce939e3d699a14"
  },
  "PlaylistID": 240,
  "Name": "Soothing Rain Sounds",
  "Duration": "01:50:00",
  "CreatorID": 52
},
{
  "_id": {
    "$oid": "656d4c3fa5ce939e3d699a15"
  },
  "PlaylistID": 241,
  "Name": "Progressive House Beats",
  "Duration": "03:05:00",
  "CreatorID": 181
},
{
  "_id": {
    "$oid": "656d4c3fa5ce939e3d699a16"
  },
  "PlaylistID": 242,
  "Name": "Guitar Shreddin Classics",
  "Duration": "02:25:00",
  "CreatorID": 150
},
{
  "_id": {
    "$oid": "656d4c3fa5ce939e3d699a17"
  },
  "PlaylistID": 243,
  "Name": "Rap Rhyme Revolution",
  "Duration": "02:45:00",
  "CreatorID": 203
},
{
  "_id": {
    "$oid": "656d4c3fa5ce939e3d699a18"
  },
  "PlaylistID": 244,
  "Name": "Classical Guitar Elegance",
  "Duration": "02:00:00",
  "CreatorID": 268
},
{
  "_id": {
    "$oid": "656d4c3fa5ce939e3d699a19"
  },
  "PlaylistID": 245,
  "Name": "Soulful Country Serenade",
  "Duration": "03:10:00",
  "CreatorID": 128
},
{
  "_id": {
    "$oid": "656d4c3fa5ce939e3d699a1a"
  },
  "PlaylistID": 246,
  "Name": "Psychedelic Space Odyssey",
  "Duration": "02:30:00",
  "CreatorID": 138
},
{
  "_id": {
    "$oid": "656d4c3fa5ce939e3d699a1b"
  },
  "PlaylistID": 247,
  "Name": "Pop Punk Power Hour",
  "Duration": "01:40:00",
  "CreatorID": 4
},
{
  "_id": {
    "$oid": "656d4c3fa5ce939e3d699a1c"
  },
  "PlaylistID": 248,
  "Name": "Ambient Soundscapes",
  "Duration": "02:55:00",
  "CreatorID": 207
},
{
  "_id": {
    "$oid": "656d4c3fa5ce939e3d699a1d"
  },
  "PlaylistID": 249,
  "Name": "Latin Jazz Fusion",
  "Duration": "03:15:00",
  "CreatorID": 123
},
{
  "_id": {
    "$oid": "656d4c3fa5ce939e3d699a1e"
  },
  "PlaylistID": 250,
  "Name": "Indie Rock Anthems",
  "Duration": "02:10:00",
  "CreatorID": 292
},
{
  "_id": {
    "$oid": "656d4c3fa5ce939e3d699a1f"
  },
  "PlaylistID": 251,
  "Name": "Late Night Vibes",
  "Duration": "02:10:00",
  "CreatorID": 189
},
{
  "_id": {
    "$oid": "656d4c3fa5ce939e3d699a20"
  },
  "PlaylistID": 252,
  "Name": "Morning Motivation",
  "Duration": "01:30:00",
  "CreatorID": 72
},
{
  "_id": {
    "$oid": "656d4c3fa5ce939e3d699a21"
  },
  "PlaylistID": 253,
  "Name": "Feel Good Hits",
  "Duration": "02:45:00",
  "CreatorID": 91
},
{
  "_id": {
    "$oid": "656d4c3fa5ce939e3d699a22"
  },
  "PlaylistID": 254,
  "Name": "Throwback Classics",
  "Duration": "03:20:00",
  "CreatorID": 237
},
{
  "_id": {
    "$oid": "656d4c3fa5ce939e3d699a23"
  },
  "PlaylistID": 255,
  "Name": "Electronic Dance Party",
  "Duration": "01:55:00",
  "CreatorID": 13
},
{
  "_id": {
    "$oid": "656d4c3fa5ce939e3d699a24"
  },
  "PlaylistID": 256,
  "Name": "Soothing Soundscape",
  "Duration": "02:25:00",
  "CreatorID": 253
},
{
  "_id": {
    "$oid": "656d4c3fa5ce939e3d699a25"
  },
  "PlaylistID": 257,
  "Name": "Indie Discovery",
  "Duration": "02:15:00",
  "CreatorID": 27
},
{
  "_id": {
    "$oid": "656d4c3fa5ce939e3d699a26"
  },
  "PlaylistID": 258,
  "Name": "Power Workout Mix",
  "Duration": "01:40:00",
  "CreatorID": 275
},
{
  "_id": {
    "$oid": "656d4c3fa5ce939e3d699a27"
  },
  "PlaylistID": 259,
  "Name": "Classic Country Hits",
  "Duration": "03:10:00",
  "CreatorID": 93
},
{
  "_id": {
    "$oid": "656d4c3fa5ce939e3d699a28"
  },
  "PlaylistID": 260,
  "Name": "R&B Slow Jams",
  "Duration": "02:30:00",
  "CreatorID": 240
},
{
  "_id": {
    "$oid": "656d4c3fa5ce939e3d699a29"
  },
  "PlaylistID": 261,
  "Name": "Latin Fiesta",
  "Duration": "02:05:00",
  "CreatorID": 20
},
{
  "_id": {
    "$oid": "656d4c3fa5ce939e3d699a2a"
  },
  "PlaylistID": 262,
  "Name": "Rock Ballad Anthems",
  "Duration": "03:45:00",
  "CreatorID": 281
},
{
  "_id": {
    "$oid": "656d4c3fa5ce939e3d699a2b"
  },
  "PlaylistID": 263,
  "Name": "Jazz Fusion Grooves",
  "Duration": "02:40:00",
  "CreatorID": 142
},
{
  "_id": {
    "$oid": "656d4c3fa5ce939e3d699a2c"
  },
  "PlaylistID": 264,
  "Name": "Pop Punk Revolution",
  "Duration": "01:50:00",
  "CreatorID": 167
},
{
  "_id": {
    "$oid": "656d4c3fa5ce939e3d699a2d"
  },
  "PlaylistID": 265,
  "Name": "Ambient Space Journey",
  "Duration": "02:55:00",
  "CreatorID": 107
},
{
  "_id": {
    "$oid": "656d4c3fa5ce939e3d699a2e"
  },
  "PlaylistID": 266,
  "Name": "Ska and Reggae Party",
  "Duration": "02:15:00",
  "CreatorID": 36
},
{
  "_id": {
    "$oid": "656d4c3fa5ce939e3d699a2f"
  },
  "PlaylistID": 267,
  "Name": "Soulful Serenade",
  "Duration": "03:30:00",
  "CreatorID": 158
},
{
  "_id": {
    "$oid": "656d4c3fa5ce939e3d699a30"
  },
  "PlaylistID": 268,
  "Name": "Metalcore Madness",
  "Duration": "02:10:00",
  "CreatorID": 82
},
{
  "_id": {
    "$oid": "656d4c3fa5ce939e3d699a31"
  },
  "PlaylistID": 269,
  "Name": "World Beats Adventure",
  "Duration": "03:00:00",
  "CreatorID": 233
},
{
  "_id": {
    "$oid": "656d4c3fa5ce939e3d699a32"
  },
  "PlaylistID": 270,
  "Name": "Classical Elegance",
  "Duration": "02:25:00",
  "CreatorID": 21
},
{
  "_id": {
    "$oid": "656d4c3fa5ce939e3d699a33"
  },
  "PlaylistID": 271,
  "Name": "Synthwave Dreamscape",
  "Duration": "03:20:00",
  "CreatorID": 5
},
{
  "_id": {
    "$oid": "656d4c3fa5ce939e3d699a34"
  },
  "PlaylistID": 272,
  "Name": "Hip Hop Heatwave",
  "Duration": "02:45:00",
  "CreatorID": 263
},
{
  "_id": {
    "$oid": "656d4c3fa5ce939e3d699a35"
  },
  "PlaylistID": 273,
  "Name": "Folk and Acoustic Tales",
  "Duration": "02:05:00",
  "CreatorID": 98
},
{
  "_id": {
    "$oid": "656d4c3fa5ce939e3d699a36"
  },
  "PlaylistID": 274,
  "Name": "K-Pop Explosion",
  "Duration": "03:10:00",
  "CreatorID": 1
},
{
  "_id": {
    "$oid": "656d4c3fa5ce939e3d699a37"
  },
  "PlaylistID": 275,
  "Name": "Bluesy Blues Express",
  "Duration": "02:30:00",
  "CreatorID": 10
},
{
  "_id": {
    "$oid": "656d4c3fa5ce939e3d699a38"
  },
  "PlaylistID": 276,
  "Name": "Alternative Chillout",
  "Duration": "01:55:00",
  "CreatorID": 48
},
{
  "_id": {
    "$oid": "656d4c3fa5ce939e3d699a39"
  },
  "PlaylistID": 277,
  "Name": "Reggaeton Party Mix",
  "Duration": "02:20:00",
  "CreatorID": 211
},
{
  "_id": {
    "$oid": "656d4c3fa5ce939e3d699a3a"
  },
  "PlaylistID": 278,
  "Name": "Hard Rock Anthems",
  "Duration": "03:45:00",
  "CreatorID": 8
},
{
  "_id": {
    "$oid": "656d4c3fa5ce939e3d699a3b"
  },
  "PlaylistID": 279,
  "Name": "Electro Swing Swingin",
  "Duration": "02:40:00",
  "CreatorID": 5
},
{
  "_id": {
    "$oid": "656d4c3fa5ce939e3d699a3c"
  },
  "PlaylistID": 280,
  "Name": "Country Road Trippin",
  "Duration": "01:50:00",
  "CreatorID": 2
},
{
  "_id": {
    "$oid": "656d4c3fa5ce939e3d699a3d"
  },
  "PlaylistID": 281,
  "Name": "Indie Pop Wonderland",
  "Duration": "03:15:00",
  "CreatorID": 293
},
{
  "_id": {
    "$oid": "656d4c3fa5ce939e3d699a3e"
  },
  "PlaylistID": 282,
  "Name": "Trap and Bass Boost",
  "Duration": "02:10:00",
  "CreatorID": 259
},
{
  "_id": {
    "$oid": "656d4c3fa5ce939e3d699a3f"
  },
  "PlaylistID": 283,
  "Name": "Classic Piano Masterpieces",
  "Duration": "02:55:00",
  "CreatorID": 118
},
{
  "_id": {
    "$oid": "656d4c3fa5ce939e3d699a40"
  },
  "PlaylistID": 284,
  "Name": "Motivational Speeches and Beats",
  "Duration": "02:30:00",
  "CreatorID": 110
},
{
  "_id": {
    "$oid": "656d4c3fa5ce939e3d699a41"
  },
  "PlaylistID": 285,
  "Name": "Dancehall Explosion",
  "Duration": "03:35:00",
  "CreatorID": 198
},
{
  "_id": {
    "$oid": "656d4c3fa5ce939e3d699a42"
  },
  "PlaylistID": 286,
  "Name": "Smooth Jazz Vibes",
  "Duration": "02:15:00",
  "CreatorID": 58
},
{
  "_id": {
    "$oid": "656d4c3fa5ce939e3d699a43"
  },
  "PlaylistID": 287,
  "Name": "Grunge and Grind",
  "Duration": "02:00:00",
  "CreatorID": 294
},
{
  "_id": {
    "$oid": "656d4c3fa5ce939e3d699a44"
  },
  "PlaylistID": 288,
  "Name": "Acoustic Folk Journey",
  "Duration": "03:20:00",
  "CreatorID": 95
},
{
  "_id": {
    "$oid": "656d4c3fa5ce939e3d699a45"
  },
  "PlaylistID": 289,
  "Name": "Funky Disco Grooves",
  "Duration": "02:40:00",
  "CreatorID": 192
},
{
  "_id": {
    "$oid": "656d4c3fa5ce939e3d699a46"
  },
  "PlaylistID": 290,
  "Name": "Soothing Rain Sounds",
  "Duration": "01:50:00",
  "CreatorID": 76
},
{
  "_id": {
    "$oid": "656d4c3fa5ce939e3d699a47"
  },
  "PlaylistID": 291,
  "Name": "Progressive House Beats",
  "Duration": "03:05:00",
  "CreatorID": 102
},
{
  "_id": {
    "$oid": "656d4c3fa5ce939e3d699a48"
  },
  "PlaylistID": 292,
  "Name": "Guitar Shreddin Classics",
  "Duration": "02:25:00",
  "CreatorID": 284
},
{
  "_id": {
    "$oid": "656d4c3fa5ce939e3d699a49"
  },
  "PlaylistID": 293,
  "Name": "Rap Rhyme Revolution",
  "Duration": "02:45:00",
  "CreatorID": 212
},
{
  "_id": {
    "$oid": "656d4c3fa5ce939e3d699a4a"
  },
  "PlaylistID": 294,
  "Name": "Classical Guitar Elegance",
  "Duration": "02:00:00",
  "CreatorID": 208
},
{
  "_id": {
    "$oid": "656d4c3fa5ce939e3d699a4b"
  },
  "PlaylistID": 295,
  "Name": "Soulful Country Serenade",
  "Duration": "03:10:00",
  "CreatorID": 104
},
{
  "_id": {
    "$oid": "656d4c3fa5ce939e3d699a4c"
  },
  "PlaylistID": 296,
  "Name": "Psychedelic Space Odyssey",
  "Duration": "02:30:00",
  "CreatorID": 195
},
{
  "_id": {
    "$oid": "656d4c3fa5ce939e3d699a4d"
  },
  "PlaylistID": 297,
  "Name": "Pop Punk Power Hour",
  "Duration": "01:40:00",
  "CreatorID": 64
},
{
  "_id": {
    "$oid": "656d4c3fa5ce939e3d699a4e"
  },
  "PlaylistID": 298,
  "Name": "Ambient Soundscapes",
  "Duration": "02:55:00",
  "CreatorID": 33
},
{
  "_id": {
    "$oid": "656d4c3fa5ce939e3d699a4f"
  },
  "PlaylistID": 299,
  "Name": "Latin Jazz Fusion",
  "Duration": "03:15:00",
  "CreatorID": 272
},
{
  "_id": {
    "$oid": "656d4c3fa5ce939e3d699a50"
  },
  "PlaylistID": 300,
  "Name": "Indie Rock Anthems",
  "Duration": "02:10:00",
  "CreatorID": 62
},
{
  "_id": {
    "$oid": "656d4c3fa5ce939e3d699a51"
  },
  "PlaylistID": 301,
  "Name": "Late Night Vibes",
  "Duration": "02:10:00",
  "CreatorID": 91
},
{
  "_id": {
    "$oid": "656d4c3fa5ce939e3d699a52"
  },
  "PlaylistID": 302,
  "Name": "Morning Motivation",
  "Duration": "01:30:00",
  "CreatorID": 271
},
{
  "_id": {
    "$oid": "656d4c3fa5ce939e3d699a53"
  },
  "PlaylistID": 303,
  "Name": "Feel Good Hits",
  "Duration": "02:45:00",
  "CreatorID": 182
},
{
  "_id": {
    "$oid": "656d4c3fa5ce939e3d699a54"
  },
  "PlaylistID": 304,
  "Name": "Throwback Classics",
  "Duration": "03:20:00",
  "CreatorID": 95
},
{
  "_id": {
    "$oid": "656d4c3fa5ce939e3d699a55"
  },
  "PlaylistID": 305,
  "Name": "Electronic Dance Party",
  "Duration": "01:55:00",
  "CreatorID": 230
},
{
  "_id": {
    "$oid": "656d4c3fa5ce939e3d699a56"
  },
  "PlaylistID": 306,
  "Name": "Soothing Soundscape",
  "Duration": "02:25:00",
  "CreatorID": 265
},
{
  "_id": {
    "$oid": "656d4c3fa5ce939e3d699a57"
  },
  "PlaylistID": 307,
  "Name": "Indie Discovery",
  "Duration": "02:15:00",
  "CreatorID": 35
},
{
  "_id": {
    "$oid": "656d4c3fa5ce939e3d699a58"
  },
  "PlaylistID": 308,
  "Name": "Power Workout Mix",
  "Duration": "01:40:00",
  "CreatorID": 279
},
{
  "_id": {
    "$oid": "656d4c3fa5ce939e3d699a59"
  },
  "PlaylistID": 309,
  "Name": "Classic Country Hits",
  "Duration": "03:10:00",
  "CreatorID": 88
},
{
  "_id": {
    "$oid": "656d4c3fa5ce939e3d699a5a"
  },
  "PlaylistID": 310,
  "Name": "R&B Slow Jams",
  "Duration": "02:30:00",
  "CreatorID": 201
},
{
  "_id": {
    "$oid": "656d4c3fa5ce939e3d699a5b"
  },
  "PlaylistID": 311,
  "Name": "Latin Fiesta",
  "Duration": "02:05:00",
  "CreatorID": 143
},
{
  "_id": {
    "$oid": "656d4c3fa5ce939e3d699a5c"
  },
  "PlaylistID": 312,
  "Name": "Rock Ballad Anthems",
  "Duration": "03:45:00",
  "CreatorID": 110
},
{
  "_id": {
    "$oid": "656d4c3fa5ce939e3d699a5d"
  },
  "PlaylistID": 313,
  "Name": "Jazz Fusion Grooves",
  "Duration": "02:40:00",
  "CreatorID": 123
},
{
  "_id": {
    "$oid": "656d4c3fa5ce939e3d699a5e"
  },
  "PlaylistID": 314,
  "Name": "Pop Punk Revolution",
  "Duration": "01:50:00",
  "CreatorID": 284
},
{
  "_id": {
    "$oid": "656d4c3fa5ce939e3d699a5f"
  },
  "PlaylistID": 315,
  "Name": "Ambient Space Journey",
  "Duration": "02:55:00",
  "CreatorID": 148
},
{
  "_id": {
    "$oid": "656d4c3fa5ce939e3d699a60"
  },
  "PlaylistID": 316,
  "Name": "Ska and Reggae Party",
  "Duration": "02:15:00",
  "CreatorID": 188
},
{
  "_id": {
    "$oid": "656d4c3fa5ce939e3d699a61"
  },
  "PlaylistID": 317,
  "Name": "Soulful Serenade",
  "Duration": "03:30:00",
  "CreatorID": 196
},
{
  "_id": {
    "$oid": "656d4c3fa5ce939e3d699a62"
  },
  "PlaylistID": 318,
  "Name": "Metalcore Madness",
  "Duration": "02:10:00",
  "CreatorID": 118
},
{
  "_id": {
    "$oid": "656d4c3fa5ce939e3d699a63"
  },
  "PlaylistID": 319,
  "Name": "World Beats Adventure",
  "Duration": "03:00:00",
  "CreatorID": 298
},
{
  "_id": {
    "$oid": "656d4c3fa5ce939e3d699a64"
  },
  "PlaylistID": 320,
  "Name": "Classical Elegance",
  "Duration": "02:25:00",
  "CreatorID": 238
},
{
  "_id": {
    "$oid": "656d4c3fa5ce939e3d699a65"
  },
  "PlaylistID": 321,
  "Name": "Synthwave Dreamscape",
  "Duration": "03:20:00",
  "CreatorID": 294
},
{
  "_id": {
    "$oid": "656d4c3fa5ce939e3d699a66"
  },
  "PlaylistID": 322,
  "Name": "Hip Hop Heatwave",
  "Duration": "02:45:00",
  "CreatorID": 155
},
{
  "_id": {
    "$oid": "656d4c3fa5ce939e3d699a67"
  },
  "PlaylistID": 323,
  "Name": "Folk and Acoustic Tales",
  "Duration": "02:05:00",
  "CreatorID": 194
},
{
  "_id": {
    "$oid": "656d4c3fa5ce939e3d699a68"
  },
  "PlaylistID": 324,
  "Name": "K-Pop Explosion",
  "Duration": "03:10:00",
  "CreatorID": 206
},
{
  "_id": {
    "$oid": "656d4c3fa5ce939e3d699a69"
  },
  "PlaylistID": 325,
  "Name": "Bluesy Blues Express",
  "Duration": "02:30:00",
  "CreatorID": 144
},
{
  "_id": {
    "$oid": "656d4c3fa5ce939e3d699a6a"
  },
  "PlaylistID": 326,
  "Name": "Alternative Chillout",
  "Duration": "01:55:00",
  "CreatorID": 104
},
{
  "_id": {
    "$oid": "656d4c3fa5ce939e3d699a6b"
  },
  "PlaylistID": 327,
  "Name": "Reggaeton Party Mix",
  "Duration": "02:20:00",
  "CreatorID": 88
},
{
  "_id": {
    "$oid": "656d4c3fa5ce939e3d699a6c"
  },
  "PlaylistID": 328,
  "Name": "Hard Rock Anthems",
  "Duration": "03:45:00",
  "CreatorID": 126
},
{
  "_id": {
    "$oid": "656d4c3fa5ce939e3d699a6d"
  },
  "PlaylistID": 329,
  "Name": "Electro Swing Swingin",
  "Duration": "02:40:00",
  "CreatorID": 68
},
{
  "_id": {
    "$oid": "656d4c3fa5ce939e3d699a6e"
  },
  "PlaylistID": 330,
  "Name": "Country Road Trippin",
  "Duration": "01:50:00",
  "CreatorID": 259
},
{
  "_id": {
    "$oid": "656d4c3fa5ce939e3d699a6f"
  },
  "PlaylistID": 331,
  "Name": "Indie Pop Wonderland",
  "Duration": "03:15:00",
  "CreatorID": 193
},
{
  "_id": {
    "$oid": "656d4c3fa5ce939e3d699a70"
  },
  "PlaylistID": 332,
  "Name": "Trap and Bass Boost",
  "Duration": "02:10:00",
  "CreatorID": 187
},
{
  "_id": {
    "$oid": "656d4c3fa5ce939e3d699a71"
  },
  "PlaylistID": 333,
  "Name": "Classic Piano Masterpieces",
  "Duration": "02:55:00",
  "CreatorID": 54
},
{
  "_id": {
    "$oid": "656d4c3fa5ce939e3d699a72"
  },
  "PlaylistID": 334,
  "Name": "Motivational Speeches and Beats",
  "Duration": "02:30:00",
  "CreatorID": 11
},
{
  "_id": {
    "$oid": "656d4c3fa5ce939e3d699a73"
  },
  "PlaylistID": 335,
  "Name": "Dancehall Explosion",
  "Duration": "03:35:00",
  "CreatorID": 192
},
{
  "_id": {
    "$oid": "656d4c3fa5ce939e3d699a74"
  },
  "PlaylistID": 336,
  "Name": "Smooth Jazz Vibes",
  "Duration": "02:15:00",
  "CreatorID": 26
},
{
  "_id": {
    "$oid": "656d4c3fa5ce939e3d699a75"
  },
  "PlaylistID": 337,
  "Name": "Grunge and Grind",
  "Duration": "02:00:00",
  "CreatorID": 155
},
{
  "_id": {
    "$oid": "656d4c3fa5ce939e3d699a76"
  },
  "PlaylistID": 338,
  "Name": "Acoustic Folk Journey",
  "Duration": "03:20:00",
  "CreatorID": 94
},
{
  "_id": {
    "$oid": "656d4c3fa5ce939e3d699a77"
  },
  "PlaylistID": 339,
  "Name": "Funky Disco Grooves",
  "Duration": "02:40:00",
  "CreatorID": 5
},
{
  "_id": {
    "$oid": "656d4c3fa5ce939e3d699a78"
  },
  "PlaylistID": 340,
  "Name": "Soothing Rain Sounds",
  "Duration": "01:50:00",
  "CreatorID": 44
},
{
  "_id": {
    "$oid": "656d4c3fa5ce939e3d699a79"
  },
  "PlaylistID": 341,
  "Name": "Progressive House Beats",
  "Duration": "03:05:00",
  "CreatorID": 202
},
{
  "_id": {
    "$oid": "656d4c3fa5ce939e3d699a7a"
  },
  "PlaylistID": 342,
  "Name": "Guitar Shreddin Classics",
  "Duration": "02:25:00",
  "CreatorID": 280
},
{
  "_id": {
    "$oid": "656d4c3fa5ce939e3d699a7b"
  },
  "PlaylistID": 343,
  "Name": "Rap Rhyme Revolution",
  "Duration": "02:45:00",
  "CreatorID": 192
},
{
  "_id": {
    "$oid": "656d4c3fa5ce939e3d699a7c"
  },
  "PlaylistID": 344,
  "Name": "Classical Guitar Elegance",
  "Duration": "02:00:00",
  "CreatorID": 121
},
{
  "_id": {
    "$oid": "656d4c3fa5ce939e3d699a7d"
  },
  "PlaylistID": 345,
  "Name": "Soulful Country Serenade",
  "Duration": "03:10:00",
  "CreatorID": 30
},
{
  "_id": {
    "$oid": "656d4c3fa5ce939e3d699a7e"
  },
  "PlaylistID": 346,
  "Name": "Psychedelic Space Odyssey",
  "Duration": "02:30:00",
  "CreatorID": 83
},
{
  "_id": {
    "$oid": "656d4c3fa5ce939e3d699a7f"
  },
  "PlaylistID": 347,
  "Name": "Pop Punk Power Hour",
  "Duration": "01:40:00",
  "CreatorID": 28
},
{
  "_id": {
    "$oid": "656d4c3fa5ce939e3d699a80"
  },
  "PlaylistID": 348,
  "Name": "Ambient Soundscapes",
  "Duration": "02:55:00",
  "CreatorID": 188
},
{
  "_id": {
    "$oid": "656d4c3fa5ce939e3d699a81"
  },
  "PlaylistID": 349,
  "Name": "Latin Jazz Fusion",
  "Duration": "03:15:00",
  "CreatorID": 257
},
{
  "_id": {
    "$oid": "656d4c3fa5ce939e3d699a82"
  },
  "PlaylistID": 350,
  "Name": "Indie Rock Anthems",
  "Duration": "02:10:00",
  "CreatorID": 119
},
{
  "_id": {
    "$oid": "656d4c3fa5ce939e3d699a83"
  },
  "PlaylistID": 351,
  "Name": "Late Night Vibes",
  "Duration": "02:10:00",
  "CreatorID": 123
},
{
  "_id": {
    "$oid": "656d4c3fa5ce939e3d699a84"
  },
  "PlaylistID": 352,
  "Name": "Morning Motivation",
  "Duration": "01:30:00",
  "CreatorID": 258
},
{
  "_id": {
    "$oid": "656d4c3fa5ce939e3d699a85"
  },
  "PlaylistID": 353,
  "Name": "Feel Good Hits",
  "Duration": "02:45:00",
  "CreatorID": 23
},
{
  "_id": {
    "$oid": "656d4c3fa5ce939e3d699a86"
  },
  "PlaylistID": 354,
  "Name": "Throwback Classics",
  "Duration": "03:20:00",
  "CreatorID": 237
},
{
  "_id": {
    "$oid": "656d4c3fa5ce939e3d699a87"
  },
  "PlaylistID": 355,
  "Name": "Electronic Dance Party",
  "Duration": "01:55:00",
  "CreatorID": 216
},
{
  "_id": {
    "$oid": "656d4c3fa5ce939e3d699a88"
  },
  "PlaylistID": 356,
  "Name": "Soothing Soundscape",
  "Duration": "02:25:00",
  "CreatorID": 70
},
{
  "_id": {
    "$oid": "656d4c3fa5ce939e3d699a89"
  },
  "PlaylistID": 357,
  "Name": "Indie Discovery",
  "Duration": "02:15:00",
  "CreatorID": 3
},
{
  "_id": {
    "$oid": "656d4c3fa5ce939e3d699a8a"
  },
  "PlaylistID": 358,
  "Name": "Power Workout Mix",
  "Duration": "01:40:00",
  "CreatorID": 102
},
{
  "_id": {
    "$oid": "656d4c3fa5ce939e3d699a8b"
  },
  "PlaylistID": 359,
  "Name": "Classic Country Hits",
  "Duration": "03:10:00",
  "CreatorID": 203
},
{
  "_id": {
    "$oid": "656d4c3fa5ce939e3d699a8c"
  },
  "PlaylistID": 360,
  "Name": "R&B Slow Jams",
  "Duration": "02:30:00",
  "CreatorID": 109
},
{
  "_id": {
    "$oid": "656d4c3fa5ce939e3d699a8d"
  },
  "PlaylistID": 361,
  "Name": "Latin Fiesta",
  "Duration": "02:05:00",
  "CreatorID": 233
},
{
  "_id": {
    "$oid": "656d4c3fa5ce939e3d699a8e"
  },
  "PlaylistID": 362,
  "Name": "Rock Ballad Anthems",
  "Duration": "03:45:00",
  "CreatorID": 239
},
{
  "_id": {
    "$oid": "656d4c3fa5ce939e3d699a8f"
  },
  "PlaylistID": 363,
  "Name": "Jazz Fusion Grooves",
  "Duration": "02:40:00",
  "CreatorID": 195
},
{
  "_id": {
    "$oid": "656d4c3fa5ce939e3d699a90"
  },
  "PlaylistID": 364,
  "Name": "Pop Punk Revolution",
  "Duration": "01:50:00",
  "CreatorID": 257
},
{
  "_id": {
    "$oid": "656d4c3fa5ce939e3d699a91"
  },
  "PlaylistID": 365,
  "Name": "Ambient Space Journey",
  "Duration": "02:55:00",
  "CreatorID": 102
},
{
  "_id": {
    "$oid": "656d4c3fa5ce939e3d699a92"
  },
  "PlaylistID": 366,
  "Name": "Ska and Reggae Party",
  "Duration": "02:15:00",
  "CreatorID": 36
},
{
  "_id": {
    "$oid": "656d4c3fa5ce939e3d699a93"
  },
  "PlaylistID": 367,
  "Name": "Soulful Serenade",
  "Duration": "03:30:00",
  "CreatorID": 172
},
{
  "_id": {
    "$oid": "656d4c3fa5ce939e3d699a94"
  },
  "PlaylistID": 368,
  "Name": "Metalcore Madness",
  "Duration": "02:10:00",
  "CreatorID": 154
},
{
  "_id": {
    "$oid": "656d4c3fa5ce939e3d699a95"
  },
  "PlaylistID": 369,
  "Name": "World Beats Adventure",
  "Duration": "03:00:00",
  "CreatorID": 255
},
{
  "_id": {
    "$oid": "656d4c3fa5ce939e3d699a96"
  },
  "PlaylistID": 370,
  "Name": "Classical Elegance",
  "Duration": "02:25:00",
  "CreatorID": 210
},
{
  "_id": {
    "$oid": "656d4c3fa5ce939e3d699a97"
  },
  "PlaylistID": 371,
  "Name": "Synthwave Dreamscape",
  "Duration": "03:20:00",
  "CreatorID": 286
},
{
  "_id": {
    "$oid": "656d4c3fa5ce939e3d699a98"
  },
  "PlaylistID": 372,
  "Name": "Hip Hop Heatwave",
  "Duration": "02:45:00",
  "CreatorID": 197
},
{
  "_id": {
    "$oid": "656d4c3fa5ce939e3d699a99"
  },
  "PlaylistID": 373,
  "Name": "Folk and Acoustic Tales",
  "Duration": "02:05:00",
  "CreatorID": 129
},
{
  "_id": {
    "$oid": "656d4c3fa5ce939e3d699a9a"
  },
  "PlaylistID": 374,
  "Name": "K-Pop Explosion",
  "Duration": "03:10:00",
  "CreatorID": 51
},
{
  "_id": {
    "$oid": "656d4c3fa5ce939e3d699a9b"
  },
  "PlaylistID": 375,
  "Name": "Bluesy Blues Express",
  "Duration": "02:30:00",
  "CreatorID": 170
},
{
  "_id": {
    "$oid": "656d4c3fa5ce939e3d699a9c"
  },
  "PlaylistID": 376,
  "Name": "Alternative Chillout",
  "Duration": "01:55:00",
  "CreatorID": 96
},
{
  "_id": {
    "$oid": "656d4c3fa5ce939e3d699a9d"
  },
  "PlaylistID": 377,
  "Name": "Reggaeton Party Mix",
  "Duration": "02:20:00",
  "CreatorID": 270
},
{
  "_id": {
    "$oid": "656d4c3fa5ce939e3d699a9e"
  },
  "PlaylistID": 378,
  "Name": "Hard Rock Anthems",
  "Duration": "03:45:00",
  "CreatorID": 163
},
{
  "_id": {
    "$oid": "656d4c3fa5ce939e3d699a9f"
  },
  "PlaylistID": 379,
  "Name": "Electro Swing Swingin",
  "Duration": "02:40:00",
  "CreatorID": 2
},
{
  "_id": {
    "$oid": "656d4c3fa5ce939e3d699aa0"
  },
  "PlaylistID": 380,
  "Name": "Country Road Trippin",
  "Duration": "01:50:00",
  "CreatorID": 122
},
{
  "_id": {
    "$oid": "656d4c3fa5ce939e3d699aa1"
  },
  "PlaylistID": 381,
  "Name": "Indie Pop Wonderland",
  "Duration": "03:15:00",
  "CreatorID": 1
},
{
  "_id": {
    "$oid": "656d4c3fa5ce939e3d699aa2"
  },
  "PlaylistID": 382,
  "Name": "Trap and Bass Boost",
  "Duration": "02:10:00",
  "CreatorID": 242
},
{
  "_id": {
    "$oid": "656d4c3fa5ce939e3d699aa3"
  },
  "PlaylistID": 383,
  "Name": "Classic Piano Masterpieces",
  "Duration": "02:55:00",
  "CreatorID": 4
},
{
  "_id": {
    "$oid": "656d4c3fa5ce939e3d699aa4"
  },
  "PlaylistID": 384,
  "Name": "Motivational Speeches and Beats",
  "Duration": "02:30:00",
  "CreatorID": 196
},
{
  "_id": {
    "$oid": "656d4c3fa5ce939e3d699aa5"
  },
  "PlaylistID": 385,
  "Name": "Dancehall Explosion",
  "Duration": "03:35:00",
  "CreatorID": 67
},
{
  "_id": {
    "$oid": "656d4c3fa5ce939e3d699aa6"
  },
  "PlaylistID": 386,
  "Name": "Smooth Jazz Vibes",
  "Duration": "02:15:00",
  "CreatorID": 45
},
{
  "_id": {
    "$oid": "656d4c3fa5ce939e3d699aa7"
  },
  "PlaylistID": 387,
  "Name": "Grunge and Grind",
  "Duration": "02:00:00",
  "CreatorID": 24
},
{
  "_id": {
    "$oid": "656d4c3fa5ce939e3d699aa8"
  },
  "PlaylistID": 388,
  "Name": "Acoustic Folk Journey",
  "Duration": "03:20:00",
  "CreatorID": 284
},
{
  "_id": {
    "$oid": "656d4c3fa5ce939e3d699aa9"
  },
  "PlaylistID": 389,
  "Name": "Funky Disco Grooves",
  "Duration": "02:40:00",
  "CreatorID": 146
},
{
  "_id": {
    "$oid": "656d4c3fa5ce939e3d699aaa"
  },
  "PlaylistID": 390,
  "Name": "Soothing Rain Sounds",
  "Duration": "01:50:00",
  "CreatorID": 179
},
{
  "_id": {
    "$oid": "656d4c3fa5ce939e3d699aab"
  },
  "PlaylistID": 391,
  "Name": "Progressive House Beats",
  "Duration": "03:05:00",
  "CreatorID": 157
},
{
  "_id": {
    "$oid": "656d4c3fa5ce939e3d699aac"
  },
  "PlaylistID": 392,
  "Name": "Guitar Shreddin Classics",
  "Duration": "02:25:00",
  "CreatorID": 249
},
{
  "_id": {
    "$oid": "656d4c3fa5ce939e3d699aad"
  },
  "PlaylistID": 393,
  "Name": "Rap Rhyme Revolution",
  "Duration": "02:45:00",
  "CreatorID": 173
},
{
  "_id": {
    "$oid": "656d4c3fa5ce939e3d699aae"
  },
  "PlaylistID": 394,
  "Name": "Classical Guitar Elegance",
  "Duration": "02:00:00",
  "CreatorID": 118
},
{
  "_id": {
    "$oid": "656d4c3fa5ce939e3d699aaf"
  },
  "PlaylistID": 395,
  "Name": "Soulful Country Serenade",
  "Duration": "03:10:00",
  "CreatorID": 68
},
{
  "_id": {
    "$oid": "656d4c3fa5ce939e3d699ab0"
  },
  "PlaylistID": 396,
  "Name": "Psychedelic Space Odyssey",
  "Duration": "02:30:00",
  "CreatorID": 286
},
{
  "_id": {
    "$oid": "656d4c3fa5ce939e3d699ab1"
  },
  "PlaylistID": 397,
  "Name": "Pop Punk Power Hour",
  "Duration": "01:40:00",
  "CreatorID": 25
},
{
  "_id": {
    "$oid": "656d4c3fa5ce939e3d699ab2"
  },
  "PlaylistID": 398,
  "Name": "Ambient Soundscapes",
  "Duration": "02:55:00",
  "CreatorID": 166
},
{
  "_id": {
    "$oid": "656d4c3fa5ce939e3d699ab3"
  },
  "PlaylistID": 399,
  "Name": "Latin Jazz Fusion",
  "Duration": "03:15:00",
  "CreatorID": 155
},
{
  "_id": {
    "$oid": "656d4c3fa5ce939e3d699ab4"
  },
  "PlaylistID": 400,
  "Name": "Indie Rock Anthems",
  "Duration": "02:10:00",
  "CreatorID": 276
},
{
  "_id": {
    "$oid": "656d4c3fa5ce939e3d699ab5"
  },
  "PlaylistID": 401,
  "Name": "Late Night Vibes",
  "Duration": "02:10:00",
  "CreatorID": 16
},
{
  "_id": {
    "$oid": "656d4c3fa5ce939e3d699ab6"
  },
  "PlaylistID": 402,
  "Name": "Morning Motivation",
  "Duration": "01:30:00",
  "CreatorID": 152
},
{
  "_id": {
    "$oid": "656d4c3fa5ce939e3d699ab7"
  },
  "PlaylistID": 403,
  "Name": "Feel Good Hits",
  "Duration": "02:45:00",
  "CreatorID": 110
},
{
  "_id": {
    "$oid": "656d4c3fa5ce939e3d699ab8"
  },
  "PlaylistID": 404,
  "Name": "Throwback Classics",
  "Duration": "03:20:00",
  "CreatorID": 95
},
{
  "_id": {
    "$oid": "656d4c3fa5ce939e3d699ab9"
  },
  "PlaylistID": 405,
  "Name": "Electronic Dance Party",
  "Duration": "01:55:00",
  "CreatorID": 145
},
{
  "_id": {
    "$oid": "656d4c3fa5ce939e3d699aba"
  },
  "PlaylistID": 406,
  "Name": "Soothing Soundscape",
  "Duration": "02:25:00",
  "CreatorID": 140
},
{
  "_id": {
    "$oid": "656d4c3fa5ce939e3d699abb"
  },
  "PlaylistID": 407,
  "Name": "Indie Discovery",
  "Duration": "02:15:00",
  "CreatorID": 263
},
{
  "_id": {
    "$oid": "656d4c3fa5ce939e3d699abc"
  },
  "PlaylistID": 408,
  "Name": "Power Workout Mix",
  "Duration": "01:40:00",
  "CreatorID": 295
},
{
  "_id": {
    "$oid": "656d4c3fa5ce939e3d699abd"
  },
  "PlaylistID": 409,
  "Name": "Classic Country Hits",
  "Duration": "03:10:00",
  "CreatorID": 87
},
{
  "_id": {
    "$oid": "656d4c3fa5ce939e3d699abe"
  },
  "PlaylistID": 410,
  "Name": "R&B Slow Jams",
  "Duration": "02:30:00",
  "CreatorID": 148
},
{
  "_id": {
    "$oid": "656d4c3fa5ce939e3d699abf"
  },
  "PlaylistID": 411,
  "Name": "Latin Fiesta",
  "Duration": "02:05:00",
  "CreatorID": 181
},
{
  "_id": {
    "$oid": "656d4c3fa5ce939e3d699ac0"
  },
  "PlaylistID": 412,
  "Name": "Rock Ballad Anthems",
  "Duration": "03:45:00",
  "CreatorID": 159
},
{
  "_id": {
    "$oid": "656d4c3fa5ce939e3d699ac1"
  },
  "PlaylistID": 413,
  "Name": "Jazz Fusion Grooves",
  "Duration": "02:40:00",
  "CreatorID": 250
},
{
  "_id": {
    "$oid": "656d4c3fa5ce939e3d699ac2"
  },
  "PlaylistID": 414,
  "Name": "Pop Punk Revolution",
  "Duration": "01:50:00",
  "CreatorID": 173
},
{
  "_id": {
    "$oid": "656d4c3fa5ce939e3d699ac3"
  },
  "PlaylistID": 415,
  "Name": "Ambient Space Journey",
  "Duration": "02:55:00",
  "CreatorID": 116
},
{
  "_id": {
    "$oid": "656d4c3fa5ce939e3d699ac4"
  },
  "PlaylistID": 416,
  "Name": "Ska and Reggae Party",
  "Duration": "02:15:00",
  "CreatorID": 61
},
{
  "_id": {
    "$oid": "656d4c3fa5ce939e3d699ac5"
  },
  "PlaylistID": 417,
  "Name": "Soulful Serenade",
  "Duration": "03:30:00",
  "CreatorID": 256
},
{
  "_id": {
    "$oid": "656d4c3fa5ce939e3d699ac6"
  },
  "PlaylistID": 418,
  "Name": "Metalcore Madness",
  "Duration": "02:10:00",
  "CreatorID": 195
},
{
  "_id": {
    "$oid": "656d4c3fa5ce939e3d699ac7"
  },
  "PlaylistID": 419,
  "Name": "World Beats Adventure",
  "Duration": "03:00:00",
  "CreatorID": 208
},
{
  "_id": {
    "$oid": "656d4c3fa5ce939e3d699ac8"
  },
  "PlaylistID": 420,
  "Name": "Classical Elegance",
  "Duration": "02:25:00",
  "CreatorID": 152
},
{
  "_id": {
    "$oid": "656d4c3fa5ce939e3d699ac9"
  },
  "PlaylistID": 421,
  "Name": "Synthwave Dreamscape",
  "Duration": "03:20:00",
  "CreatorID": 137
},
{
  "_id": {
    "$oid": "656d4c3fa5ce939e3d699aca"
  },
  "PlaylistID": 422,
  "Name": "Hip Hop Heatwave",
  "Duration": "02:45:00",
  "CreatorID": 228
},
{
  "_id": {
    "$oid": "656d4c3fa5ce939e3d699acb"
  },
  "PlaylistID": 423,
  "Name": "Folk and Acoustic Tales",
  "Duration": "02:05:00",
  "CreatorID": 127
},
{
  "_id": {
    "$oid": "656d4c3fa5ce939e3d699acc"
  },
  "PlaylistID": 424,
  "Name": "K-Pop Explosion",
  "Duration": "03:10:00",
  "CreatorID": 251
},
{
  "_id": {
    "$oid": "656d4c3fa5ce939e3d699acd"
  },
  "PlaylistID": 425,
  "Name": "Bluesy Blues Express",
  "Duration": "02:30:00",
  "CreatorID": 274
},
{
  "_id": {
    "$oid": "656d4c3fa5ce939e3d699ace"
  },
  "PlaylistID": 426,
  "Name": "Alternative Chillout",
  "Duration": "01:55:00",
  "CreatorID": 19
},
{
  "_id": {
    "$oid": "656d4c3fa5ce939e3d699acf"
  },
  "PlaylistID": 427,
  "Name": "Reggaeton Party Mix",
  "Duration": "02:20:00",
  "CreatorID": 169
},
{
  "_id": {
    "$oid": "656d4c3fa5ce939e3d699ad0"
  },
  "PlaylistID": 428,
  "Name": "Hard Rock Anthems",
  "Duration": "03:45:00",
  "CreatorID": 188
},
{
  "_id": {
    "$oid": "656d4c3fa5ce939e3d699ad1"
  },
  "PlaylistID": 429,
  "Name": "Electro Swing Swingin",
  "Duration": "02:40:00",
  "CreatorID": 134
},
{
  "_id": {
    "$oid": "656d4c3fa5ce939e3d699ad2"
  },
  "PlaylistID": 430,
  "Name": "Country Road Trippin",
  "Duration": "01:50:00",
  "CreatorID": 105
},
{
  "_id": {
    "$oid": "656d4c3fa5ce939e3d699ad3"
  },
  "PlaylistID": 431,
  "Name": "Indie Pop Wonderland",
  "Duration": "03:15:00",
  "CreatorID": 122
},
{
  "_id": {
    "$oid": "656d4c3fa5ce939e3d699ad4"
  },
  "PlaylistID": 432,
  "Name": "Trap and Bass Boost",
  "Duration": "02:10:00",
  "CreatorID": 296
},
{
  "_id": {
    "$oid": "656d4c3fa5ce939e3d699ad5"
  },
  "PlaylistID": 433,
  "Name": "Classic Piano Masterpieces",
  "Duration": "02:55:00",
  "CreatorID": 212
},
{
  "_id": {
    "$oid": "656d4c3fa5ce939e3d699ad6"
  },
  "PlaylistID": 434,
  "Name": "Motivational Speeches and Beats",
  "Duration": "02:30:00",
  "CreatorID": 174
},
{
  "_id": {
    "$oid": "656d4c3fa5ce939e3d699ad7"
  },
  "PlaylistID": 435,
  "Name": "Dancehall Explosion",
  "Duration": "03:35:00",
  "CreatorID": 232
},
{
  "_id": {
    "$oid": "656d4c3fa5ce939e3d699ad8"
  },
  "PlaylistID": 436,
  "Name": "Smooth Jazz Vibes",
  "Duration": "02:15:00",
  "CreatorID": 39
},
{
  "_id": {
    "$oid": "656d4c3fa5ce939e3d699ad9"
  },
  "PlaylistID": 437,
  "Name": "Grunge and Grind",
  "Duration": "02:00:00",
  "CreatorID": 99
},
{
  "_id": {
    "$oid": "656d4c3fa5ce939e3d699ada"
  },
  "PlaylistID": 438,
  "Name": "Acoustic Folk Journey",
  "Duration": "03:20:00",
  "CreatorID": 77
},
{
  "_id": {
    "$oid": "656d4c3fa5ce939e3d699adb"
  },
  "PlaylistID": 439,
  "Name": "Funky Disco Grooves",
  "Duration": "02:40:00",
  "CreatorID": 89
},
{
  "_id": {
    "$oid": "656d4c3fa5ce939e3d699adc"
  },
  "PlaylistID": 440,
  "Name": "Soothing Rain Sounds",
  "Duration": "01:50:00",
  "CreatorID": 212
},
{
  "_id": {
    "$oid": "656d4c3fa5ce939e3d699add"
  },
  "PlaylistID": 441,
  "Name": "Progressive House Beats",
  "Duration": "03:05:00",
  "CreatorID": 194
},
{
  "_id": {
    "$oid": "656d4c3fa5ce939e3d699ade"
  },
  "PlaylistID": 442,
  "Name": "Guitar Shreddin Classics",
  "Duration": "02:25:00",
  "CreatorID": 35
},
{
  "_id": {
    "$oid": "656d4c3fa5ce939e3d699adf"
  },
  "PlaylistID": 443,
  "Name": "Rap Rhyme Revolution",
  "Duration": "02:45:00",
  "CreatorID": 189
},
{
  "_id": {
    "$oid": "656d4c3fa5ce939e3d699ae0"
  },
  "PlaylistID": 444,
  "Name": "Classical Guitar Elegance",
  "Duration": "02:00:00",
  "CreatorID": 239
},
{
  "_id": {
    "$oid": "656d4c3fa5ce939e3d699ae1"
  },
  "PlaylistID": 445,
  "Name": "Soulful Country Serenade",
  "Duration": "03:10:00",
  "CreatorID": 30
},
{
  "_id": {
    "$oid": "656d4c3fa5ce939e3d699ae2"
  },
  "PlaylistID": 446,
  "Name": "Psychedelic Space Odyssey",
  "Duration": "02:30:00",
  "CreatorID": 33
},
{
  "_id": {
    "$oid": "656d4c3fa5ce939e3d699ae3"
  },
  "PlaylistID": 447,
  "Name": "Pop Punk Power Hour",
  "Duration": "01:40:00",
  "CreatorID": 74
},
{
  "_id": {
    "$oid": "656d4c3fa5ce939e3d699ae4"
  },
  "PlaylistID": 448,
  "Name": "Ambient Soundscapes",
  "Duration": "02:55:00",
  "CreatorID": 272
},
{
  "_id": {
    "$oid": "656d4c3fa5ce939e3d699ae5"
  },
  "PlaylistID": 449,
  "Name": "Latin Jazz Fusion",
  "Duration": "03:15:00",
  "CreatorID": 236
},
{
  "_id": {
    "$oid": "656d4c3fa5ce939e3d699ae6"
  },
  "PlaylistID": 450,
  "Name": "Indie Rock Anthems",
  "Duration": "02:10:00",
  "CreatorID": 62
},
{
  "_id": {
    "$oid": "656d4c3fa5ce939e3d699ae7"
  },
  "PlaylistID": 451,
  "Name": "Late Night Vibes",
  "Duration": "02:10:00",
  "CreatorID": 203
},
{
  "_id": {
    "$oid": "656d4c3fa5ce939e3d699ae8"
  },
  "PlaylistID": 452,
  "Name": "Morning Motivation",
  "Duration": "01:30:00",
  "CreatorID": 226
},
{
  "_id": {
    "$oid": "656d4c3fa5ce939e3d699ae9"
  },
  "PlaylistID": 453,
  "Name": "Feel Good Hits",
  "Duration": "02:45:00",
  "CreatorID": 224
},
{
  "_id": {
    "$oid": "656d4c3fa5ce939e3d699aea"
  },
  "PlaylistID": 454,
  "Name": "Throwback Classics",
  "Duration": "03:20:00",
  "CreatorID": 141
},
{
  "_id": {
    "$oid": "656d4c3fa5ce939e3d699aeb"
  },
  "PlaylistID": 455,
  "Name": "Electronic Dance Party",
  "Duration": "01:55:00",
  "CreatorID": 31
},
{
  "_id": {
    "$oid": "656d4c3fa5ce939e3d699aec"
  },
  "PlaylistID": 456,
  "Name": "Soothing Soundscape",
  "Duration": "02:25:00",
  "CreatorID": 31
},
{
  "_id": {
    "$oid": "656d4c3fa5ce939e3d699aed"
  },
  "PlaylistID": 457,
  "Name": "Indie Discovery",
  "Duration": "02:15:00",
  "CreatorID": 62
},
{
  "_id": {
    "$oid": "656d4c3fa5ce939e3d699aee"
  },
  "PlaylistID": 458,
  "Name": "Power Workout Mix",
  "Duration": "01:40:00",
  "CreatorID": 217
},
{
  "_id": {
    "$oid": "656d4c3fa5ce939e3d699aef"
  },
  "PlaylistID": 459,
  "Name": "Classic Country Hits",
  "Duration": "03:10:00",
  "CreatorID": 297
},
{
  "_id": {
    "$oid": "656d4c3fa5ce939e3d699af0"
  },
  "PlaylistID": 460,
  "Name": "R&B Slow Jams",
  "Duration": "02:30:00",
  "CreatorID": 234
},
{
  "_id": {
    "$oid": "656d4c3fa5ce939e3d699af1"
  },
  "PlaylistID": 461,
  "Name": "Latin Fiesta",
  "Duration": "02:05:00",
  "CreatorID": 280
},
{
  "_id": {
    "$oid": "656d4c3fa5ce939e3d699af2"
  },
  "PlaylistID": 462,
  "Name": "Rock Ballad Anthems",
  "Duration": "03:45:00",
  "CreatorID": 95
},
{
  "_id": {
    "$oid": "656d4c3fa5ce939e3d699af3"
  },
  "PlaylistID": 463,
  "Name": "Jazz Fusion Grooves",
  "Duration": "02:40:00",
  "CreatorID": 236
},
{
  "_id": {
    "$oid": "656d4c3fa5ce939e3d699af4"
  },
  "PlaylistID": 464,
  "Name": "Pop Punk Revolution",
  "Duration": "01:50:00",
  "CreatorID": 293
},
{
  "_id": {
    "$oid": "656d4c3fa5ce939e3d699af5"
  },
  "PlaylistID": 465,
  "Name": "Ambient Space Journey",
  "Duration": "02:55:00",
  "CreatorID": 159
},
{
  "_id": {
    "$oid": "656d4c3fa5ce939e3d699af6"
  },
  "PlaylistID": 466,
  "Name": "Ska and Reggae Party",
  "Duration": "02:15:00",
  "CreatorID": 214
},
{
  "_id": {
    "$oid": "656d4c3fa5ce939e3d699af7"
  },
  "PlaylistID": 467,
  "Name": "Soulful Serenade",
  "Duration": "03:30:00",
  "CreatorID": 292
},
{
  "_id": {
    "$oid": "656d4c3fa5ce939e3d699af8"
  },
  "PlaylistID": 468,
  "Name": "Metalcore Madness",
  "Duration": "02:10:00",
  "CreatorID": 220
},
{
  "_id": {
    "$oid": "656d4c3fa5ce939e3d699af9"
  },
  "PlaylistID": 469,
  "Name": "World Beats Adventure",
  "Duration": "03:00:00",
  "CreatorID": 222
},
{
  "_id": {
    "$oid": "656d4c3fa5ce939e3d699afa"
  },
  "PlaylistID": 470,
  "Name": "Classical Elegance",
  "Duration": "02:25:00",
  "CreatorID": 149
},
{
  "_id": {
    "$oid": "656d4c3fa5ce939e3d699afb"
  },
  "PlaylistID": 471,
  "Name": "Synthwave Dreamscape",
  "Duration": "03:20:00",
  "CreatorID": 77
},
{
  "_id": {
    "$oid": "656d4c3fa5ce939e3d699afc"
  },
  "PlaylistID": 472,
  "Name": "Hip Hop Heatwave",
  "Duration": "02:45:00",
  "CreatorID": 240
},
{
  "_id": {
    "$oid": "656d4c3fa5ce939e3d699afd"
  },
  "PlaylistID": 473,
  "Name": "Folk and Acoustic Tales",
  "Duration": "02:05:00",
  "CreatorID": 68
},
{
  "_id": {
    "$oid": "656d4c3fa5ce939e3d699afe"
  },
  "PlaylistID": 474,
  "Name": "K-Pop Explosion",
  "Duration": "03:10:00",
  "CreatorID": 220
},
{
  "_id": {
    "$oid": "656d4c3fa5ce939e3d699aff"
  },
  "PlaylistID": 475,
  "Name": "Bluesy Blues Express",
  "Duration": "02:30:00",
  "CreatorID": 296
},
{
  "_id": {
    "$oid": "656d4c3fa5ce939e3d699b00"
  },
  "PlaylistID": 476,
  "Name": "Alternative Chillout",
  "Duration": "01:55:00",
  "CreatorID": 218
},
{
  "_id": {
    "$oid": "656d4c3fa5ce939e3d699b01"
  },
  "PlaylistID": 477,
  "Name": "Reggaeton Party Mix",
  "Duration": "02:20:00",
  "CreatorID": 202
},
{
  "_id": {
    "$oid": "656d4c3fa5ce939e3d699b02"
  },
  "PlaylistID": 478,
  "Name": "Hard Rock Anthems",
  "Duration": "03:45:00",
  "CreatorID": 54
},
{
  "_id": {
    "$oid": "656d4c3fa5ce939e3d699b03"
  },
  "PlaylistID": 479,
  "Name": "Electro Swing Swingin",
  "Duration": "02:40:00",
  "CreatorID": 266
},
{
  "_id": {
    "$oid": "656d4c3fa5ce939e3d699b04"
  },
  "PlaylistID": 480,
  "Name": "Country Road Trippin",
  "Duration": "01:50:00",
  "CreatorID": 267
},
{
  "_id": {
    "$oid": "656d4c3fa5ce939e3d699b05"
  },
  "PlaylistID": 481,
  "Name": "Indie Pop Wonderland",
  "Duration": "03:15:00",
  "CreatorID": 236
},
{
  "_id": {
    "$oid": "656d4c3fa5ce939e3d699b06"
  },
  "PlaylistID": 482,
  "Name": "Trap and Bass Boost",
  "Duration": "02:10:00",
  "CreatorID": 77
},
{
  "_id": {
    "$oid": "656d4c3fa5ce939e3d699b07"
  },
  "PlaylistID": 483,
  "Name": "Classic Piano Masterpieces",
  "Duration": "02:55:00",
  "CreatorID": 278
},
{
  "_id": {
    "$oid": "656d4c3fa5ce939e3d699b08"
  },
  "PlaylistID": 484,
  "Name": "Motivational Speeches and Beats",
  "Duration": "02:30:00",
  "CreatorID": 257
},
{
  "_id": {
    "$oid": "656d4c3fa5ce939e3d699b09"
  },
  "PlaylistID": 485,
  "Name": "Dancehall Explosion",
  "Duration": "03:35:00",
  "CreatorID": 150
},
{
  "_id": {
    "$oid": "656d4c3fa5ce939e3d699b0a"
  },
  "PlaylistID": 486,
  "Name": "Smooth Jazz Vibes",
  "Duration": "02:15:00",
  "CreatorID": 278
},
{
  "_id": {
    "$oid": "656d4c3fa5ce939e3d699b0b"
  },
  "PlaylistID": 487,
  "Name": "Grunge and Grind",
  "Duration": "02:00:00",
  "CreatorID": 42
},
{
  "_id": {
    "$oid": "656d4c3fa5ce939e3d699b0c"
  },
  "PlaylistID": 488,
  "Name": "Acoustic Folk Journey",
  "Duration": "03:20:00",
  "CreatorID": 277
},
{
  "_id": {
    "$oid": "656d4c3fa5ce939e3d699b0d"
  },
  "PlaylistID": 489,
  "Name": "Funky Disco Grooves",
  "Duration": "02:40:00",
  "CreatorID": 55
},
{
  "_id": {
    "$oid": "656d4c3fa5ce939e3d699b0e"
  },
  "PlaylistID": 490,
  "Name": "Soothing Rain Sounds",
  "Duration": "01:50:00",
  "CreatorID": 44
},
{
  "_id": {
    "$oid": "656d4c3fa5ce939e3d699b0f"
  },
  "PlaylistID": 491,
  "Name": "Progressive House Beats",
  "Duration": "03:05:00",
  "CreatorID": 57
},
{
  "_id": {
    "$oid": "656d4c3fa5ce939e3d699b10"
  },
  "PlaylistID": 492,
  "Name": "Guitar Shreddin Classics",
  "Duration": "02:25:00",
  "CreatorID": 151
},
{
  "_id": {
    "$oid": "656d4c3fa5ce939e3d699b11"
  },
  "PlaylistID": 493,
  "Name": "Rap Rhyme Revolution",
  "Duration": "02:45:00",
  "CreatorID": 282
},
{
  "_id": {
    "$oid": "656d4c3fa5ce939e3d699b12"
  },
  "PlaylistID": 494,
  "Name": "Classical Guitar Elegance",
  "Duration": "02:00:00",
  "CreatorID": 56
},
{
  "_id": {
    "$oid": "656d4c3fa5ce939e3d699b13"
  },
  "PlaylistID": 495,
  "Name": "Soulful Country Serenade",
  "Duration": "03:10:00",
  "CreatorID": 33
},
{
  "_id": {
    "$oid": "656d4c3fa5ce939e3d699b14"
  },
  "PlaylistID": 496,
  "Name": "Psychedelic Space Odyssey",
  "Duration": "02:30:00",
  "CreatorID": 296
},
{
  "_id": {
    "$oid": "656d4c3fa5ce939e3d699b15"
  },
  "PlaylistID": 497,
  "Name": "Pop Punk Power Hour",
  "Duration": "01:40:00",
  "CreatorID": 183
},
{
  "_id": {
    "$oid": "656d4c3fa5ce939e3d699b16"
  },
  "PlaylistID": 498,
  "Name": "Ambient Soundscapes",
  "Duration": "02:55:00",
  "CreatorID": 27
},
{
  "_id": {
    "$oid": "656d4c3fa5ce939e3d699b17"
  },
  "PlaylistID": 499,
  "Name": "Latin Jazz Fusion",
  "Duration": "03:15:00",
  "CreatorID": 184
},
{
  "_id": {
    "$oid": "656d4c3fa5ce939e3d699b18"
  },
  "PlaylistID": 500,
  "Name": "Indie Rock Anthems",
  "Duration": "02:10:00",
  "CreatorID": 240
}]