[{
  "_id": {
    "$oid": "656d476da5ce939e3d69942d"
  },
  "id": 1,
  "Artist_ID": 1,
  "Followers": 64,
  "PID": 451
},
{
  "_id": {
    "$oid": "656d476da5ce939e3d69942e"
  },
  "id": 2,
  "Artist_ID": 2,
  "Followers": 356,
  "PID": 452
},
{
  "_id": {
    "$oid": "656d476da5ce939e3d69942f"
  },
  "id": 3,
  "Artist_ID": 3,
  "Followers": 182,
  "PID": 453
},
{
  "_id": {
    "$oid": "656d476da5ce939e3d699430"
  },
  "id": 4,
  "Artist_ID": 4,
  "Followers": 163,
  "PID": 454
},
{
  "_id": {
    "$oid": "656d476da5ce939e3d699431"
  },
  "id": 5,
  "Artist_ID": 5,
  "Followers": 187,
  "PID": 455
},
{
  "_id": {
    "$oid": "656d476da5ce939e3d699432"
  },
  "id": 6,
  "Artist_ID": 6,
  "Followers": 69,
  "PID": 456
},
{
  "_id": {
    "$oid": "656d476da5ce939e3d699433"
  },
  "id": 7,
  "Artist_ID": 7,
  "Followers": 67,
  "PID": 457
},
{
  "_id": {
    "$oid": "656d476da5ce939e3d699434"
  },
  "id": 8,
  "Artist_ID": 8,
  "Followers": 283,
  "PID": 458
},
{
  "_id": {
    "$oid": "656d476da5ce939e3d699435"
  },
  "id": 9,
  "Artist_ID": 9,
  "Followers": 87,
  "PID": 459
},
{
  "_id": {
    "$oid": "656d476da5ce939e3d699436"
  },
  "id": 10,
  "Artist_ID": 10,
  "Followers": 214,
  "PID": 460
},
{
  "_id": {
    "$oid": "656d476da5ce939e3d699437"
  },
  "id": 11,
  "Artist_ID": 11,
  "Followers": 235,
  "PID": 461
},
{
  "_id": {
    "$oid": "656d476da5ce939e3d699438"
  },
  "id": 12,
  "Artist_ID": 12,
  "Followers": 267,
  "PID": 462
},
{
  "_id": {
    "$oid": "656d476da5ce939e3d699439"
  },
  "id": 13,
  "Artist_ID": 13,
  "Followers": 100,
  "PID": 463
},
{
  "_id": {
    "$oid": "656d476da5ce939e3d69943a"
  },
  "id": 14,
  "Artist_ID": 14,
  "Followers": 362,
  "PID": 464
},
{
  "_id": {
    "$oid": "656d476da5ce939e3d69943b"
  },
  "id": 15,
  "Artist_ID": 15,
  "Followers": 141,
  "PID": 465
},
{
  "_id": {
    "$oid": "656d476da5ce939e3d69943c"
  },
  "id": 16,
  "Artist_ID": 16,
  "Followers": 187,
  "PID": 466
},
{
  "_id": {
    "$oid": "656d476da5ce939e3d69943d"
  },
  "id": 17,
  "Artist_ID": 17,
  "Followers": 95,
  "PID": 467
},
{
  "_id": {
    "$oid": "656d476da5ce939e3d69943e"
  },
  "id": 18,
  "Artist_ID": 18,
  "Followers": 317,
  "PID": 468
},
{
  "_id": {
    "$oid": "656d476da5ce939e3d69943f"
  },
  "id": 19,
  "Artist_ID": 19,
  "Followers": 144,
  "PID": 469
},
{
  "_id": {
    "$oid": "656d476da5ce939e3d699440"
  },
  "id": 20,
  "Artist_ID": 20,
  "Followers": 287,
  "PID": 470
},
{
  "_id": {
    "$oid": "656d476da5ce939e3d699441"
  },
  "id": 21,
  "Artist_ID": 21,
  "Followers": 130,
  "PID": 471
},
{
  "_id": {
    "$oid": "656d476da5ce939e3d699442"
  },
  "id": 22,
  "Artist_ID": 22,
  "Followers": 230,
  "PID": 472
},
{
  "_id": {
    "$oid": "656d476da5ce939e3d699443"
  },
  "id": 23,
  "Artist_ID": 23,
  "Followers": 88,
  "PID": 473
},
{
  "_id": {
    "$oid": "656d476da5ce939e3d699444"
  },
  "id": 24,
  "Artist_ID": 24,
  "Followers": 314,
  "PID": 474
},
{
  "_id": {
    "$oid": "656d476da5ce939e3d699445"
  },
  "id": 25,
  "Artist_ID": 25,
  "Followers": 138,
  "PID": 475
},
{
  "_id": {
    "$oid": "656d476da5ce939e3d699446"
  },
  "id": 26,
  "Artist_ID": 26,
  "Followers": 328,
  "PID": 476
},
{
  "_id": {
    "$oid": "656d476da5ce939e3d699447"
  },
  "id": 27,
  "Artist_ID": 27,
  "Followers": 55,
  "PID": 477
},
{
  "_id": {
    "$oid": "656d476da5ce939e3d699448"
  },
  "id": 28,
  "Artist_ID": 28,
  "Followers": 72,
  "PID": 478
},
{
  "_id": {
    "$oid": "656d476da5ce939e3d699449"
  },
  "id": 29,
  "Artist_ID": 29,
  "Followers": 332,
  "PID": 479
},
{
  "_id": {
    "$oid": "656d476da5ce939e3d69944a"
  },
  "id": 30,
  "Artist_ID": 30,
  "Followers": 360,
  "PID": 480
},
{
  "_id": {
    "$oid": "656d476da5ce939e3d69944b"
  },
  "id": 31,
  "Artist_ID": 31,
  "Followers": 55,
  "PID": 481
},
{
  "_id": {
    "$oid": "656d476da5ce939e3d69944c"
  },
  "id": 32,
  "Artist_ID": 32,
  "Followers": 177,
  "PID": 482
},
{
  "_id": {
    "$oid": "656d476da5ce939e3d69944d"
  },
  "id": 33,
  "Artist_ID": 33,
  "Followers": 131,
  "PID": 483
},
{
  "_id": {
    "$oid": "656d476da5ce939e3d69944e"
  },
  "id": 34,
  "Artist_ID": 34,
  "Followers": 294,
  "PID": 484
},
{
  "_id": {
    "$oid": "656d476da5ce939e3d69944f"
  },
  "id": 35,
  "Artist_ID": 35,
  "Followers": 264,
  "PID": 485
},
{
  "_id": {
    "$oid": "656d476da5ce939e3d699450"
  },
  "id": 36,
  "Artist_ID": 36,
  "Followers": 175,
  "PID": 486
},
{
  "_id": {
    "$oid": "656d476da5ce939e3d699451"
  },
  "id": 37,
  "Artist_ID": 37,
  "Followers": 102,
  "PID": 487
},
{
  "_id": {
    "$oid": "656d476da5ce939e3d699452"
  },
  "id": 38,
  "Artist_ID": 38,
  "Followers": 272,
  "PID": 488
},
{
  "_id": {
    "$oid": "656d476da5ce939e3d699453"
  },
  "id": 39,
  "Artist_ID": 39,
  "Followers": 332,
  "PID": 489
},
{
  "_id": {
    "$oid": "656d476da5ce939e3d699454"
  },
  "id": 40,
  "Artist_ID": 40,
  "Followers": 327,
  "PID": 490
},
{
  "_id": {
    "$oid": "656d476da5ce939e3d699455"
  },
  "id": 41,
  "Artist_ID": 41,
  "Followers": 162,
  "PID": 491
},
{
  "_id": {
    "$oid": "656d476da5ce939e3d699456"
  },
  "id": 42,
  "Artist_ID": 42,
  "Followers": 141,
  "PID": 492
},
{
  "_id": {
    "$oid": "656d476da5ce939e3d699457"
  },
  "id": 43,
  "Artist_ID": 43,
  "Followers": 226,
  "PID": 493
},
{
  "_id": {
    "$oid": "656d476da5ce939e3d699458"
  },
  "id": 44,
  "Artist_ID": 44,
  "Followers": 256,
  "PID": 494
},
{
  "_id": {
    "$oid": "656d476da5ce939e3d699459"
  },
  "id": 45,
  "Artist_ID": 45,
  "Followers": 334,
  "PID": 495
},
{
  "_id": {
    "$oid": "656d476da5ce939e3d69945a"
  },
  "id": 46,
  "Artist_ID": 46,
  "Followers": 255,
  "PID": 496
},
{
  "_id": {
    "$oid": "656d476da5ce939e3d69945b"
  },
  "id": 47,
  "Artist_ID": 47,
  "Followers": 361,
  "PID": 497
},
{
  "_id": {
    "$oid": "656d476da5ce939e3d69945c"
  },
  "id": 48,
  "Artist_ID": 48,
  "Followers": 240,
  "PID": 498
},
{
  "_id": {
    "$oid": "656d476da5ce939e3d69945d"
  },
  "id": 49,
  "Artist_ID": 49,
  "Followers": 150,
  "PID": 499
},
{
  "_id": {
    "$oid": "656d476da5ce939e3d69945e"
  },
  "id": 50,
  "Artist_ID": 50,
  "Followers": 304,
  "PID": 500
}]