[{
  "_id": {
    "$oid": "656d4bb2a5ce939e3d69962a"
  },
  "id": 1,
  "Developer_ID": 1,
  "Joined Date": "Jan 21, 2021",
  "Role": "System Architect/Designer",
  "PID": 1
},
{
  "_id": {
    "$oid": "656d4bb2a5ce939e3d69962b"
  },
  "id": 2,
  "Developer_ID": 2,
  "Joined Date": "Sep 13, 2022",
  "Role": "System Architect/Designer",
  "PID": 2
},
{
  "_id": {
    "$oid": "656d4bb2a5ce939e3d69962c"
  },
  "id": 3,
  "Developer_ID": 3,
  "Joined Date": "Jul 29, 2023",
  "Role": "DevOps Engineer",
  "PID": 3
},
{
  "_id": {
    "$oid": "656d4bb2a5ce939e3d69962d"
  },
  "id": 4,
  "Developer_ID": 4,
  "Joined Date": "Aug 11, 2022",
  "Role": "Business Analyst",
  "PID": 4
},
{
  "_id": {
    "$oid": "656d4bb2a5ce939e3d69962e"
  },
  "id": 5,
  "Developer_ID": 5,
  "Joined Date": "Aug 2, 2022",
  "Role": "Quality Assurance (QA) Engineer/Tester",
  "PID": 5
},
{
  "_id": {
    "$oid": "656d4bb2a5ce939e3d69962f"
  },
  "id": 6,
  "Developer_ID": 6,
  "Joined Date": "Feb 7, 2020",
  "Role": "Support and Maintenance",
  "PID": 6
},
{
  "_id": {
    "$oid": "656d4bb2a5ce939e3d699630"
  },
  "id": 7,
  "Developer_ID": 7,
  "Joined Date": "Nov 5, 2021",
  "Role": "Developers/Programmers",
  "PID": 7
},
{
  "_id": {
    "$oid": "656d4bb2a5ce939e3d699631"
  },
  "id": 8,
  "Developer_ID": 8,
  "Joined Date": "Apr 2, 2020",
  "Role": "Developers/Programmers",
  "PID": 8
},
{
  "_id": {
    "$oid": "656d4bb2a5ce939e3d699632"
  },
  "id": 9,
  "Developer_ID": 9,
  "Joined Date": "Mar 5, 2022",
  "Role": "Quality Assurance (QA) Engineer/Tester",
  "PID": 9
},
{
  "_id": {
    "$oid": "656d4bb2a5ce939e3d699633"
  },
  "id": 10,
  "Developer_ID": 10,
  "Joined Date": "Jun 26, 2022",
  "Role": "Business Analyst",
  "PID": 10
},
{
  "_id": {
    "$oid": "656d4bb2a5ce939e3d699634"
  },
  "id": 11,
  "Developer_ID": 11,
  "Joined Date": "Apr 12, 2020",
  "Role": "Business Analyst",
  "PID": 11
},
{
  "_id": {
    "$oid": "656d4bb2a5ce939e3d699635"
  },
  "id": 12,
  "Developer_ID": 12,
  "Joined Date": "Apr 5, 2020",
  "Role": "Quality Assurance (QA) Engineer/Tester",
  "PID": 12
},
{
  "_id": {
    "$oid": "656d4bb2a5ce939e3d699636"
  },
  "id": 13,
  "Developer_ID": 13,
  "Joined Date": "Apr 25, 2023",
  "Role": "Database Administrator (DBA)",
  "PID": 13
},
{
  "_id": {
    "$oid": "656d4bb2a5ce939e3d699637"
  },
  "id": 14,
  "Developer_ID": 14,
  "Joined Date": "Jun 10, 2022",
  "Role": "System Architect/Designer",
  "PID": 14
},
{
  "_id": {
    "$oid": "656d4bb2a5ce939e3d699638"
  },
  "id": 15,
  "Developer_ID": 15,
  "Joined Date": "Nov 25, 2019",
  "Role": "System Architect/Designer",
  "PID": 15
},
{
  "_id": {
    "$oid": "656d4bb2a5ce939e3d699639"
  },
  "id": 16,
  "Developer_ID": 16,
  "Joined Date": "Jul 9, 2021",
  "Role": "Database Administrator (DBA)",
  "PID": 16
},
{
  "_id": {
    "$oid": "656d4bb2a5ce939e3d69963a"
  },
  "id": 17,
  "Developer_ID": 17,
  "Joined Date": "Sep 24, 2020",
  "Role": "User Experience (UX) Designer",
  "PID": 17
},
{
  "_id": {
    "$oid": "656d4bb2a5ce939e3d69963b"
  },
  "id": 18,
  "Developer_ID": 18,
  "Joined Date": "Sep 8, 2020",
  "Role": "Technical Writer",
  "PID": 18
},
{
  "_id": {
    "$oid": "656d4bb2a5ce939e3d69963c"
  },
  "id": 19,
  "Developer_ID": 19,
  "Joined Date": "Jan 28, 2023",
  "Role": "Quality Assurance (QA) Engineer/Tester",
  "PID": 19
},
{
  "_id": {
    "$oid": "656d4bb2a5ce939e3d69963d"
  },
  "id": 20,
  "Developer_ID": 20,
  "Joined Date": "Mar 12, 2022",
  "Role": "Database Administrator (DBA)",
  "PID": 20
},
{
  "_id": {
    "$oid": "656d4bb2a5ce939e3d69963e"
  },
  "id": 21,
  "Developer_ID": 21,
  "Joined Date": "Jul 10, 2023",
  "Role": "Developers/Programmers",
  "PID": 21
},
{
  "_id": {
    "$oid": "656d4bb2a5ce939e3d69963f"
  },
  "id": 22,
  "Developer_ID": 22,
  "Joined Date": "Jan 30, 2022",
  "Role": "Support and Maintenance",
  "PID": 22
},
{
  "_id": {
    "$oid": "656d4bb2a5ce939e3d699640"
  },
  "id": 23,
  "Developer_ID": 23,
  "Joined Date": "Dec 15, 2019",
  "Role": "System Architect/Designer",
  "PID": 23
},
{
  "_id": {
    "$oid": "656d4bb2a5ce939e3d699641"
  },
  "id": 24,
  "Developer_ID": 24,
  "Joined Date": "Feb 2, 2023",
  "Role": "User Experience (UX) Designer",
  "PID": 24
},
{
  "_id": {
    "$oid": "656d4bb2a5ce939e3d699642"
  },
  "id": 25,
  "Developer_ID": 25,
  "Joined Date": "Jan 19, 2023",
  "Role": "System Architect/Designer",
  "PID": 25
},
{
  "_id": {
    "$oid": "656d4bb2a5ce939e3d699643"
  },
  "id": 26,
  "Developer_ID": 26,
  "Joined Date": "Feb 1, 2021",
  "Role": "DevOps Engineer",
  "PID": 26
},
{
  "_id": {
    "$oid": "656d4bb2a5ce939e3d699644"
  },
  "id": 27,
  "Developer_ID": 27,
  "Joined Date": "Jun 9, 2022",
  "Role": "Database Administrator (DBA)",
  "PID": 27
},
{
  "_id": {
    "$oid": "656d4bb2a5ce939e3d699645"
  },
  "id": 28,
  "Developer_ID": 28,
  "Joined Date": "Sep 3, 2021",
  "Role": "Quality Assurance (QA) Engineer/Tester",
  "PID": 28
},
{
  "_id": {
    "$oid": "656d4bb2a5ce939e3d699646"
  },
  "id": 29,
  "Developer_ID": 29,
  "Joined Date": "Sep 7, 2022",
  "Role": "System Architect/Designer",
  "PID": 29
},
{
  "_id": {
    "$oid": "656d4bb2a5ce939e3d699647"
  },
  "id": 30,
  "Developer_ID": 30,
  "Joined Date": "Apr 17, 2023",
  "Role": "Support and Maintenance",
  "PID": 30
},
{
  "_id": {
    "$oid": "656d4bb2a5ce939e3d699648"
  },
  "id": 31,
  "Developer_ID": 31,
  "Joined Date": "Oct 25, 2022",
  "Role": "Database Administrator (DBA)",
  "PID": 31
},
{
  "_id": {
    "$oid": "656d4bb2a5ce939e3d699649"
  },
  "id": 32,
  "Developer_ID": 32,
  "Joined Date": "May 6, 2021",
  "Role": "Quality Assurance (QA) Engineer/Tester",
  "PID": 32
},
{
  "_id": {
    "$oid": "656d4bb2a5ce939e3d69964a"
  },
  "id": 33,
  "Developer_ID": 33,
  "Joined Date": "Feb 4, 2021",
  "Role": "Quality Assurance (QA) Engineer/Tester",
  "PID": 33
},
{
  "_id": {
    "$oid": "656d4bb2a5ce939e3d69964b"
  },
  "id": 34,
  "Developer_ID": 34,
  "Joined Date": "May 28, 2021",
  "Role": "Business Analyst",
  "PID": 34
},
{
  "_id": {
    "$oid": "656d4bb2a5ce939e3d69964c"
  },
  "id": 35,
  "Developer_ID": 35,
  "Joined Date": "May 5, 2022",
  "Role": "Developers/Programmers",
  "PID": 35
},
{
  "_id": {
    "$oid": "656d4bb2a5ce939e3d69964d"
  },
  "id": 36,
  "Developer_ID": 36,
  "Joined Date": "Feb 11, 2021",
  "Role": "Developers/Programmers",
  "PID": 36
},
{
  "_id": {
    "$oid": "656d4bb2a5ce939e3d69964e"
  },
  "id": 37,
  "Developer_ID": 37,
  "Joined Date": "Jul 28, 2022",
  "Role": "System Architect/Designer",
  "PID": 37
},
{
  "_id": {
    "$oid": "656d4bb2a5ce939e3d69964f"
  },
  "id": 38,
  "Developer_ID": 38,
  "Joined Date": "Aug 15, 2021",
  "Role": "Project Manager",
  "PID": 38
},
{
  "_id": {
    "$oid": "656d4bb2a5ce939e3d699650"
  },
  "id": 39,
  "Developer_ID": 39,
  "Joined Date": "May 25, 2020",
  "Role": "Business Analyst",
  "PID": 39
},
{
  "_id": {
    "$oid": "656d4bb2a5ce939e3d699651"
  },
  "id": 40,
  "Developer_ID": 40,
  "Joined Date": "May 8, 2022",
  "Role": "Database Administrator (DBA)",
  "PID": 40
},
{
  "_id": {
    "$oid": "656d4bb2a5ce939e3d699652"
  },
  "id": 41,
  "Developer_ID": 41,
  "Joined Date": "Aug 3, 2022",
  "Role": "Database Administrator (DBA)",
  "PID": 41
},
{
  "_id": {
    "$oid": "656d4bb2a5ce939e3d699653"
  },
  "id": 42,
  "Developer_ID": 42,
  "Joined Date": "Mar 14, 2021",
  "Role": "Support and Maintenance",
  "PID": 42
},
{
  "_id": {
    "$oid": "656d4bb2a5ce939e3d699654"
  },
  "id": 43,
  "Developer_ID": 43,
  "Joined Date": "Oct 12, 2020",
  "Role": "Quality Assurance (QA) Engineer/Tester",
  "PID": 43
},
{
  "_id": {
    "$oid": "656d4bb2a5ce939e3d699655"
  },
  "id": 44,
  "Developer_ID": 44,
  "Joined Date": "Sep 10, 2023",
  "Role": "Business Analyst",
  "PID": 44
},
{
  "_id": {
    "$oid": "656d4bb2a5ce939e3d699656"
  },
  "id": 45,
  "Developer_ID": 45,
  "Joined Date": "Aug 1, 2021",
  "Role": "Database Administrator (DBA)",
  "PID": 45
},
{
  "_id": {
    "$oid": "656d4bb2a5ce939e3d699657"
  },
  "id": 46,
  "Developer_ID": 46,
  "Joined Date": "Jun 16, 2022",
  "Role": "Technical Writer",
  "PID": 46
},
{
  "_id": {
    "$oid": "656d4bb2a5ce939e3d699658"
  },
  "id": 47,
  "Developer_ID": 47,
  "Joined Date": "Feb 1, 2023",
  "Role": "DevOps Engineer",
  "PID": 47
},
{
  "_id": {
    "$oid": "656d4bb2a5ce939e3d699659"
  },
  "id": 48,
  "Developer_ID": 48,
  "Joined Date": "Dec 23, 2021",
  "Role": "System Architect/Designer",
  "PID": 48
},
{
  "_id": {
    "$oid": "656d4bb2a5ce939e3d69965a"
  },
  "id": 49,
  "Developer_ID": 49,
  "Joined Date": "Oct 21, 2020",
  "Role": "Quality Assurance (QA) Engineer/Tester",
  "PID": 49
},
{
  "_id": {
    "$oid": "656d4bb2a5ce939e3d69965b"
  },
  "id": 50,
  "Developer_ID": 50,
  "Joined Date": "Sep 11, 2022",
  "Role": "DevOps Engineer",
  "PID": 50
},
{
  "_id": {
    "$oid": "656d4bb2a5ce939e3d69965c"
  },
  "id": 51,
  "Developer_ID": 51,
  "Joined Date": "Aug 30, 2020",
  "Role": "Database Administrator (DBA)",
  "PID": 51
},
{
  "_id": {
    "$oid": "656d4bb2a5ce939e3d69965d"
  },
  "id": 52,
  "Developer_ID": 52,
  "Joined Date": "Jan 5, 2023",
  "Role": "Business Analyst",
  "PID": 52
},
{
  "_id": {
    "$oid": "656d4bb2a5ce939e3d69965e"
  },
  "id": 53,
  "Developer_ID": 53,
  "Joined Date": "Apr 11, 2020",
  "Role": "Developers/Programmers",
  "PID": 53
},
{
  "_id": {
    "$oid": "656d4bb2a5ce939e3d69965f"
  },
  "id": 54,
  "Developer_ID": 54,
  "Joined Date": "Jan 12, 2020",
  "Role": "DevOps Engineer",
  "PID": 54
},
{
  "_id": {
    "$oid": "656d4bb2a5ce939e3d699660"
  },
  "id": 55,
  "Developer_ID": 55,
  "Joined Date": "Jan 5, 2020",
  "Role": "Database Administrator (DBA)",
  "PID": 55
},
{
  "_id": {
    "$oid": "656d4bb2a5ce939e3d699661"
  },
  "id": 56,
  "Developer_ID": 56,
  "Joined Date": "Jul 15, 2023",
  "Role": "User Experience (UX) Designer",
  "PID": 56
},
{
  "_id": {
    "$oid": "656d4bb2a5ce939e3d699662"
  },
  "id": 57,
  "Developer_ID": 57,
  "Joined Date": "Mar 11, 2022",
  "Role": "System Architect/Designer",
  "PID": 57
},
{
  "_id": {
    "$oid": "656d4bb2a5ce939e3d699663"
  },
  "id": 58,
  "Developer_ID": 58,
  "Joined Date": "Dec 26, 2022",
  "Role": "Database Administrator (DBA)",
  "PID": 58
},
{
  "_id": {
    "$oid": "656d4bb2a5ce939e3d699664"
  },
  "id": 59,
  "Developer_ID": 59,
  "Joined Date": "Jul 9, 2021",
  "Role": "Database Administrator (DBA)",
  "PID": 59
},
{
  "_id": {
    "$oid": "656d4bb2a5ce939e3d699665"
  },
  "id": 60,
  "Developer_ID": 60,
  "Joined Date": "Jul 15, 2022",
  "Role": "Support and Maintenance",
  "PID": 60
},
{
  "_id": {
    "$oid": "656d4bb2a5ce939e3d699666"
  },
  "id": 61,
  "Developer_ID": 61,
  "Joined Date": "Jan 25, 2023",
  "Role": "System Architect/Designer",
  "PID": 61
},
{
  "_id": {
    "$oid": "656d4bb2a5ce939e3d699667"
  },
  "id": 62,
  "Developer_ID": 62,
  "Joined Date": "Dec 24, 2019",
  "Role": "Business Analyst",
  "PID": 62
},
{
  "_id": {
    "$oid": "656d4bb2a5ce939e3d699668"
  },
  "id": 63,
  "Developer_ID": 63,
  "Joined Date": "Jun 27, 2023",
  "Role": "Quality Assurance (QA) Engineer/Tester",
  "PID": 63
},
{
  "_id": {
    "$oid": "656d4bb2a5ce939e3d699669"
  },
  "id": 64,
  "Developer_ID": 64,
  "Joined Date": "Aug 10, 2020",
  "Role": "Support and Maintenance",
  "PID": 64
},
{
  "_id": {
    "$oid": "656d4bb2a5ce939e3d69966a"
  },
  "id": 65,
  "Developer_ID": 65,
  "Joined Date": "Feb 13, 2020",
  "Role": "Developers/Programmers",
  "PID": 65
},
{
  "_id": {
    "$oid": "656d4bb2a5ce939e3d69966b"
  },
  "id": 66,
  "Developer_ID": 66,
  "Joined Date": "Aug 26, 2021",
  "Role": "DevOps Engineer",
  "PID": 66
},
{
  "_id": {
    "$oid": "656d4bb2a5ce939e3d69966c"
  },
  "id": 67,
  "Developer_ID": 67,
  "Joined Date": "Nov 17, 2021",
  "Role": "Database Administrator (DBA)",
  "PID": 67
},
{
  "_id": {
    "$oid": "656d4bb2a5ce939e3d69966d"
  },
  "id": 68,
  "Developer_ID": 68,
  "Joined Date": "Dec 23, 2020",
  "Role": "Database Administrator (DBA)",
  "PID": 68
},
{
  "_id": {
    "$oid": "656d4bb2a5ce939e3d69966e"
  },
  "id": 69,
  "Developer_ID": 69,
  "Joined Date": "Jun 1, 2022",
  "Role": "Database Administrator (DBA)",
  "PID": 69
},
{
  "_id": {
    "$oid": "656d4bb2a5ce939e3d69966f"
  },
  "id": 70,
  "Developer_ID": 70,
  "Joined Date": "Jul 23, 2022",
  "Role": "System Architect/Designer",
  "PID": 70
},
{
  "_id": {
    "$oid": "656d4bb2a5ce939e3d699670"
  },
  "id": 71,
  "Developer_ID": 71,
  "Joined Date": "May 29, 2022",
  "Role": "DevOps Engineer",
  "PID": 71
},
{
  "_id": {
    "$oid": "656d4bb2a5ce939e3d699671"
  },
  "id": 72,
  "Developer_ID": 72,
  "Joined Date": "May 7, 2022",
  "Role": "Technical Writer",
  "PID": 72
},
{
  "_id": {
    "$oid": "656d4bb2a5ce939e3d699672"
  },
  "id": 73,
  "Developer_ID": 73,
  "Joined Date": "Nov 2, 2020",
  "Role": "Database Administrator (DBA)",
  "PID": 73
},
{
  "_id": {
    "$oid": "656d4bb2a5ce939e3d699673"
  },
  "id": 74,
  "Developer_ID": 74,
  "Joined Date": "Jan 30, 2022",
  "Role": "Quality Assurance (QA) Engineer/Tester",
  "PID": 74
},
{
  "_id": {
    "$oid": "656d4bb2a5ce939e3d699674"
  },
  "id": 75,
  "Developer_ID": 75,
  "Joined Date": "Sep 4, 2022",
  "Role": "Developers/Programmers",
  "PID": 75
},
{
  "_id": {
    "$oid": "656d4bb2a5ce939e3d699675"
  },
  "id": 76,
  "Developer_ID": 76,
  "Joined Date": "Dec 9, 2021",
  "Role": "System Architect/Designer",
  "PID": 76
},
{
  "_id": {
    "$oid": "656d4bb2a5ce939e3d699676"
  },
  "id": 77,
  "Developer_ID": 77,
  "Joined Date": "Jun 15, 2022",
  "Role": "Technical Writer",
  "PID": 77
},
{
  "_id": {
    "$oid": "656d4bb2a5ce939e3d699677"
  },
  "id": 78,
  "Developer_ID": 78,
  "Joined Date": "Sep 22, 2020",
  "Role": "Project Manager",
  "PID": 78
},
{
  "_id": {
    "$oid": "656d4bb2a5ce939e3d699678"
  },
  "id": 79,
  "Developer_ID": 79,
  "Joined Date": "Aug 19, 2023",
  "Role": "Developers/Programmers",
  "PID": 79
},
{
  "_id": {
    "$oid": "656d4bb2a5ce939e3d699679"
  },
  "id": 80,
  "Developer_ID": 80,
  "Joined Date": "Feb 3, 2021",
  "Role": "Database Administrator (DBA)",
  "PID": 80
},
{
  "_id": {
    "$oid": "656d4bb2a5ce939e3d69967a"
  },
  "id": 81,
  "Developer_ID": 81,
  "Joined Date": "Oct 9, 2023",
  "Role": "System Architect/Designer",
  "PID": 81
},
{
  "_id": {
    "$oid": "656d4bb2a5ce939e3d69967b"
  },
  "id": 82,
  "Developer_ID": 82,
  "Joined Date": "Nov 1, 2023",
  "Role": "Support and Maintenance",
  "PID": 82
},
{
  "_id": {
    "$oid": "656d4bb2a5ce939e3d69967c"
  },
  "id": 83,
  "Developer_ID": 83,
  "Joined Date": "Aug 31, 2023",
  "Role": "Support and Maintenance",
  "PID": 83
},
{
  "_id": {
    "$oid": "656d4bb2a5ce939e3d69967d"
  },
  "id": 84,
  "Developer_ID": 84,
  "Joined Date": "May 21, 2022",
  "Role": "Technical Writer",
  "PID": 84
},
{
  "_id": {
    "$oid": "656d4bb2a5ce939e3d69967e"
  },
  "id": 85,
  "Developer_ID": 85,
  "Joined Date": "Sep 28, 2021",
  "Role": "Developers/Programmers",
  "PID": 85
},
{
  "_id": {
    "$oid": "656d4bb2a5ce939e3d69967f"
  },
  "id": 86,
  "Developer_ID": 86,
  "Joined Date": "Apr 15, 2023",
  "Role": "System Architect/Designer",
  "PID": 86
},
{
  "_id": {
    "$oid": "656d4bb2a5ce939e3d699680"
  },
  "id": 87,
  "Developer_ID": 87,
  "Joined Date": "Jan 26, 2020",
  "Role": "Project Manager",
  "PID": 87
}]