[{
  "_id": {
    "$oid": "656d4c64a5ce939e3d699b1a"
  },
  "ProducesID": 1,
  "SongID": 1,
  "ArtistID": 5
},
{
  "_id": {
    "$oid": "656d4c64a5ce939e3d699b1b"
  },
  "ProducesID": 2,
  "SongID": 2,
  "ArtistID": 23
},
{
  "_id": {
    "$oid": "656d4c64a5ce939e3d699b1c"
  },
  "ProducesID": 3,
  "SongID": 3,
  "ArtistID": 17
},
{
  "_id": {
    "$oid": "656d4c64a5ce939e3d699b1d"
  },
  "ProducesID": 4,
  "SongID": 4,
  "ArtistID": 42
},
{
  "_id": {
    "$oid": "656d4c64a5ce939e3d699b1e"
  },
  "ProducesID": 5,
  "SongID": 5,
  "ArtistID": 1
},
{
  "_id": {
    "$oid": "656d4c64a5ce939e3d699b1f"
  },
  "ProducesID": 6,
  "SongID": 6,
  "ArtistID": 8
},
{
  "_id": {
    "$oid": "656d4c64a5ce939e3d699b20"
  },
  "ProducesID": 7,
  "SongID": 7,
  "ArtistID": 13
},
{
  "_id": {
    "$oid": "656d4c64a5ce939e3d699b21"
  },
  "ProducesID": 8,
  "SongID": 8,
  "ArtistID": 29
},
{
  "_id": {
    "$oid": "656d4c64a5ce939e3d699b22"
  },
  "ProducesID": 9,
  "SongID": 9,
  "ArtistID": 19
},
{
  "_id": {
    "$oid": "656d4c64a5ce939e3d699b23"
  },
  "ProducesID": 10,
  "SongID": 10,
  "ArtistID": 36
},
{
  "_id": {
    "$oid": "656d4c64a5ce939e3d699b24"
  },
  "ProducesID": 11,
  "SongID": 11,
  "ArtistID": 2
},
{
  "_id": {
    "$oid": "656d4c64a5ce939e3d699b25"
  },
  "ProducesID": 12,
  "SongID": 12,
  "ArtistID": 44
},
{
  "_id": {
    "$oid": "656d4c64a5ce939e3d699b26"
  },
  "ProducesID": 13,
  "SongID": 13,
  "ArtistID": 11
},
{
  "_id": {
    "$oid": "656d4c64a5ce939e3d699b27"
  },
  "ProducesID": 14,
  "SongID": 14,
  "ArtistID": 49
},
{
  "_id": {
    "$oid": "656d4c64a5ce939e3d699b28"
  },
  "ProducesID": 15,
  "SongID": 15,
  "ArtistID": 7
},
{
  "_id": {
    "$oid": "656d4c64a5ce939e3d699b29"
  },
  "ProducesID": 16,
  "SongID": 16,
  "ArtistID": 15
},
{
  "_id": {
    "$oid": "656d4c64a5ce939e3d699b2a"
  },
  "ProducesID": 17,
  "SongID": 17,
  "ArtistID": 26
},
{
  "_id": {
    "$oid": "656d4c64a5ce939e3d699b2b"
  },
  "ProducesID": 18,
  "SongID": 18,
  "ArtistID": 50
},
{
  "_id": {
    "$oid": "656d4c64a5ce939e3d699b2c"
  },
  "ProducesID": 19,
  "SongID": 19,
  "ArtistID": 33
},
{
  "_id": {
    "$oid": "656d4c64a5ce939e3d699b2d"
  },
  "ProducesID": 20,
  "SongID": 20,
  "ArtistID": 10
},
{
  "_id": {
    "$oid": "656d4c64a5ce939e3d699b2e"
  },
  "ProducesID": 21,
  "SongID": 21,
  "ArtistID": 14
},
{
  "_id": {
    "$oid": "656d4c64a5ce939e3d699b2f"
  },
  "ProducesID": 22,
  "SongID": 22,
  "ArtistID": 35
},
{
  "_id": {
    "$oid": "656d4c64a5ce939e3d699b30"
  },
  "ProducesID": 23,
  "SongID": 23,
  "ArtistID": 21
},
{
  "_id": {
    "$oid": "656d4c64a5ce939e3d699b31"
  },
  "ProducesID": 24,
  "SongID": 24,
  "ArtistID": 46
},
{
  "_id": {
    "$oid": "656d4c64a5ce939e3d699b32"
  },
  "ProducesID": 25,
  "SongID": 25,
  "ArtistID": 20
},
{
  "_id": {
    "$oid": "656d4c64a5ce939e3d699b33"
  },
  "ProducesID": 26,
  "SongID": 26,
  "ArtistID": 28
},
{
  "_id": {
    "$oid": "656d4c64a5ce939e3d699b34"
  },
  "ProducesID": 27,
  "SongID": 27,
  "ArtistID": 41
},
{
  "_id": {
    "$oid": "656d4c64a5ce939e3d699b35"
  },
  "ProducesID": 28,
  "SongID": 28,
  "ArtistID": 4
},
{
  "_id": {
    "$oid": "656d4c64a5ce939e3d699b36"
  },
  "ProducesID": 29,
  "SongID": 29,
  "ArtistID": 45
},
{
  "_id": {
    "$oid": "656d4c64a5ce939e3d699b37"
  },
  "ProducesID": 30,
  "SongID": 30,
  "ArtistID": 30
},
{
  "_id": {
    "$oid": "656d4c64a5ce939e3d699b38"
  },
  "ProducesID": 31,
  "SongID": 31,
  "ArtistID": 47
},
{
  "_id": {
    "$oid": "656d4c64a5ce939e3d699b39"
  },
  "ProducesID": 32,
  "SongID": 32,
  "ArtistID": 9
},
{
  "_id": {
    "$oid": "656d4c64a5ce939e3d699b3a"
  },
  "ProducesID": 33,
  "SongID": 33,
  "ArtistID": 3
},
{
  "_id": {
    "$oid": "656d4c64a5ce939e3d699b3b"
  },
  "ProducesID": 34,
  "SongID": 34,
  "ArtistID": 27
},
{
  "_id": {
    "$oid": "656d4c64a5ce939e3d699b3c"
  },
  "ProducesID": 35,
  "SongID": 35,
  "ArtistID": 22
},
{
  "_id": {
    "$oid": "656d4c64a5ce939e3d699b3d"
  },
  "ProducesID": 36,
  "SongID": 36,
  "ArtistID": 6
},
{
  "_id": {
    "$oid": "656d4c64a5ce939e3d699b3e"
  },
  "ProducesID": 37,
  "SongID": 37,
  "ArtistID": 39
},
{
  "_id": {
    "$oid": "656d4c64a5ce939e3d699b3f"
  },
  "ProducesID": 38,
  "SongID": 38,
  "ArtistID": 43
},
{
  "_id": {
    "$oid": "656d4c64a5ce939e3d699b40"
  },
  "ProducesID": 39,
  "SongID": 39,
  "ArtistID": 12
},
{
  "_id": {
    "$oid": "656d4c64a5ce939e3d699b41"
  },
  "ProducesID": 40,
  "SongID": 40,
  "ArtistID": 31
},
{
  "_id": {
    "$oid": "656d4c64a5ce939e3d699b42"
  },
  "ProducesID": 41,
  "SongID": 41,
  "ArtistID": 38
},
{
  "_id": {
    "$oid": "656d4c64a5ce939e3d699b43"
  },
  "ProducesID": 42,
  "SongID": 42,
  "ArtistID": 16
},
{
  "_id": {
    "$oid": "656d4c64a5ce939e3d699b44"
  },
  "ProducesID": 43,
  "SongID": 43,
  "ArtistID": 37
},
{
  "_id": {
    "$oid": "656d4c64a5ce939e3d699b45"
  },
  "ProducesID": 44,
  "SongID": 44,
  "ArtistID": 48
},
{
  "_id": {
    "$oid": "656d4c64a5ce939e3d699b46"
  },
  "ProducesID": 45,
  "SongID": 45,
  "ArtistID": 18
},
{
  "_id": {
    "$oid": "656d4c64a5ce939e3d699b47"
  },
  "ProducesID": 46,
  "SongID": 46,
  "ArtistID": 34
},
{
  "_id": {
    "$oid": "656d4c64a5ce939e3d699b48"
  },
  "ProducesID": 47,
  "SongID": 47,
  "ArtistID": 24
},
{
  "_id": {
    "$oid": "656d4c64a5ce939e3d699b49"
  },
  "ProducesID": 48,
  "SongID": 48,
  "ArtistID": 40
},
{
  "_id": {
    "$oid": "656d4c64a5ce939e3d699b4a"
  },
  "ProducesID": 49,
  "SongID": 49,
  "ArtistID": 32
},
{
  "_id": {
    "$oid": "656d4c64a5ce939e3d699b4b"
  },
  "ProducesID": 50,
  "SongID": 50,
  "ArtistID": 25
},
{
  "_id": {
    "$oid": "656d4c64a5ce939e3d699b4c"
  },
  "ProducesID": 51,
  "SongID": 51,
  "ArtistID": 14
},
{
  "_id": {
    "$oid": "656d4c64a5ce939e3d699b4d"
  },
  "ProducesID": 52,
  "SongID": 52,
  "ArtistID": 25
},
{
  "_id": {
    "$oid": "656d4c64a5ce939e3d699b4e"
  },
  "ProducesID": 53,
  "SongID": 53,
  "ArtistID": 37
},
{
  "_id": {
    "$oid": "656d4c64a5ce939e3d699b4f"
  },
  "ProducesID": 54,
  "SongID": 54,
  "ArtistID": 4
},
{
  "_id": {
    "$oid": "656d4c64a5ce939e3d699b50"
  },
  "ProducesID": 55,
  "SongID": 55,
  "ArtistID": 48
},
{
  "_id": {
    "$oid": "656d4c64a5ce939e3d699b51"
  },
  "ProducesID": 56,
  "SongID": 56,
  "ArtistID": 40
},
{
  "_id": {
    "$oid": "656d4c64a5ce939e3d699b52"
  },
  "ProducesID": 57,
  "SongID": 57,
  "ArtistID": 22
},
{
  "_id": {
    "$oid": "656d4c64a5ce939e3d699b53"
  },
  "ProducesID": 58,
  "SongID": 58,
  "ArtistID": 34
},
{
  "_id": {
    "$oid": "656d4c64a5ce939e3d699b54"
  },
  "ProducesID": 59,
  "SongID": 59,
  "ArtistID": 18
},
{
  "_id": {
    "$oid": "656d4c64a5ce939e3d699b55"
  },
  "ProducesID": 60,
  "SongID": 60,
  "ArtistID": 45
},
{
  "_id": {
    "$oid": "656d4c64a5ce939e3d699b56"
  },
  "ProducesID": 61,
  "SongID": 61,
  "ArtistID": 41
},
{
  "_id": {
    "$oid": "656d4c64a5ce939e3d699b57"
  },
  "ProducesID": 62,
  "SongID": 62,
  "ArtistID": 16
},
{
  "_id": {
    "$oid": "656d4c64a5ce939e3d699b58"
  },
  "ProducesID": 63,
  "SongID": 63,
  "ArtistID": 38
},
{
  "_id": {
    "$oid": "656d4c64a5ce939e3d699b59"
  },
  "ProducesID": 64,
  "SongID": 64,
  "ArtistID": 31
},
{
  "_id": {
    "$oid": "656d4c64a5ce939e3d699b5a"
  },
  "ProducesID": 65,
  "SongID": 65,
  "ArtistID": 12
},
{
  "_id": {
    "$oid": "656d4c64a5ce939e3d699b5b"
  },
  "ProducesID": 66,
  "SongID": 66,
  "ArtistID": 43
},
{
  "_id": {
    "$oid": "656d4c64a5ce939e3d699b5c"
  },
  "ProducesID": 67,
  "SongID": 67,
  "ArtistID": 39
},
{
  "_id": {
    "$oid": "656d4c64a5ce939e3d699b5d"
  },
  "ProducesID": 68,
  "SongID": 68,
  "ArtistID": 6
},
{
  "_id": {
    "$oid": "656d4c64a5ce939e3d699b5e"
  },
  "ProducesID": 69,
  "SongID": 69,
  "ArtistID": 27
},
{
  "_id": {
    "$oid": "656d4c64a5ce939e3d699b5f"
  },
  "ProducesID": 70,
  "SongID": 70,
  "ArtistID": 3
},
{
  "_id": {
    "$oid": "656d4c64a5ce939e3d699b60"
  },
  "ProducesID": 71,
  "SongID": 71,
  "ArtistID": 9
},
{
  "_id": {
    "$oid": "656d4c64a5ce939e3d699b61"
  },
  "ProducesID": 72,
  "SongID": 72,
  "ArtistID": 47
},
{
  "_id": {
    "$oid": "656d4c64a5ce939e3d699b62"
  },
  "ProducesID": 73,
  "SongID": 73,
  "ArtistID": 30
},
{
  "_id": {
    "$oid": "656d4c64a5ce939e3d699b63"
  },
  "ProducesID": 74,
  "SongID": 74,
  "ArtistID": 28
},
{
  "_id": {
    "$oid": "656d4c64a5ce939e3d699b64"
  },
  "ProducesID": 75,
  "SongID": 75,
  "ArtistID": 20
},
{
  "_id": {
    "$oid": "656d4c64a5ce939e3d699b65"
  },
  "ProducesID": 76,
  "SongID": 76,
  "ArtistID": 46
},
{
  "_id": {
    "$oid": "656d4c64a5ce939e3d699b66"
  },
  "ProducesID": 77,
  "SongID": 77,
  "ArtistID": 21
},
{
  "_id": {
    "$oid": "656d4c64a5ce939e3d699b67"
  },
  "ProducesID": 78,
  "SongID": 78,
  "ArtistID": 35
},
{
  "_id": {
    "$oid": "656d4c64a5ce939e3d699b68"
  },
  "ProducesID": 79,
  "SongID": 79,
  "ArtistID": 14
},
{
  "_id": {
    "$oid": "656d4c64a5ce939e3d699b69"
  },
  "ProducesID": 80,
  "SongID": 80,
  "ArtistID": 10
},
{
  "_id": {
    "$oid": "656d4c64a5ce939e3d699b6a"
  },
  "ProducesID": 81,
  "SongID": 81,
  "ArtistID": 36
},
{
  "_id": {
    "$oid": "656d4c64a5ce939e3d699b6b"
  },
  "ProducesID": 82,
  "SongID": 82,
  "ArtistID": 19
},
{
  "_id": {
    "$oid": "656d4c64a5ce939e3d699b6c"
  },
  "ProducesID": 83,
  "SongID": 83,
  "ArtistID": 29
},
{
  "_id": {
    "$oid": "656d4c64a5ce939e3d699b6d"
  },
  "ProducesID": 84,
  "SongID": 84,
  "ArtistID": 8
},
{
  "_id": {
    "$oid": "656d4c64a5ce939e3d699b6e"
  },
  "ProducesID": 85,
  "SongID": 85,
  "ArtistID": 1
},
{
  "_id": {
    "$oid": "656d4c64a5ce939e3d699b6f"
  },
  "ProducesID": 86,
  "SongID": 86,
  "ArtistID": 42
},
{
  "_id": {
    "$oid": "656d4c64a5ce939e3d699b70"
  },
  "ProducesID": 87,
  "SongID": 87,
  "ArtistID": 17
},
{
  "_id": {
    "$oid": "656d4c64a5ce939e3d699b71"
  },
  "ProducesID": 88,
  "SongID": 88,
  "ArtistID": 23
},
{
  "_id": {
    "$oid": "656d4c64a5ce939e3d699b72"
  },
  "ProducesID": 89,
  "SongID": 89,
  "ArtistID": 5
},
{
  "_id": {
    "$oid": "656d4c64a5ce939e3d699b73"
  },
  "ProducesID": 90,
  "SongID": 90,
  "ArtistID": 2
},
{
  "_id": {
    "$oid": "656d4c64a5ce939e3d699b74"
  },
  "ProducesID": 91,
  "SongID": 91,
  "ArtistID": 44
},
{
  "_id": {
    "$oid": "656d4c64a5ce939e3d699b75"
  },
  "ProducesID": 92,
  "SongID": 92,
  "ArtistID": 11
},
{
  "_id": {
    "$oid": "656d4c64a5ce939e3d699b76"
  },
  "ProducesID": 93,
  "SongID": 93,
  "ArtistID": 49
},
{
  "_id": {
    "$oid": "656d4c64a5ce939e3d699b77"
  },
  "ProducesID": 94,
  "SongID": 94,
  "ArtistID": 13
},
{
  "_id": {
    "$oid": "656d4c64a5ce939e3d699b78"
  },
  "ProducesID": 95,
  "SongID": 95,
  "ArtistID": 7
},
{
  "_id": {
    "$oid": "656d4c64a5ce939e3d699b79"
  },
  "ProducesID": 96,
  "SongID": 96,
  "ArtistID": 15
},
{
  "_id": {
    "$oid": "656d4c64a5ce939e3d699b7a"
  },
  "ProducesID": 97,
  "SongID": 97,
  "ArtistID": 26
},
{
  "_id": {
    "$oid": "656d4c64a5ce939e3d699b7b"
  },
  "ProducesID": 98,
  "SongID": 98,
  "ArtistID": 50
},
{
  "_id": {
    "$oid": "656d4c64a5ce939e3d699b7c"
  },
  "ProducesID": 99,
  "SongID": 99,
  "ArtistID": 33
},
{
  "_id": {
    "$oid": "656d4c64a5ce939e3d699b7d"
  },
  "ProducesID": 100,
  "SongID": 100,
  "ArtistID": 23
},
{
  "_id": {
    "$oid": "656d4c64a5ce939e3d699b7e"
  },
  "ProducesID": 101,
  "SongID": 101,
  "ArtistID": 10
},
{
  "_id": {
    "$oid": "656d4c64a5ce939e3d699b7f"
  },
  "ProducesID": 102,
  "SongID": 102,
  "ArtistID": 36
},
{
  "_id": {
    "$oid": "656d4c64a5ce939e3d699b80"
  },
  "ProducesID": 103,
  "SongID": 103,
  "ArtistID": 19
},
{
  "_id": {
    "$oid": "656d4c64a5ce939e3d699b81"
  },
  "ProducesID": 104,
  "SongID": 104,
  "ArtistID": 33
},
{
  "_id": {
    "$oid": "656d4c64a5ce939e3d699b82"
  },
  "ProducesID": 105,
  "SongID": 105,
  "ArtistID": 6
},
{
  "_id": {
    "$oid": "656d4c64a5ce939e3d699b83"
  },
  "ProducesID": 106,
  "SongID": 106,
  "ArtistID": 26
},
{
  "_id": {
    "$oid": "656d4c64a5ce939e3d699b84"
  },
  "ProducesID": 107,
  "SongID": 107,
  "ArtistID": 37
},
{
  "_id": {
    "$oid": "656d4c64a5ce939e3d699b85"
  },
  "ProducesID": 108,
  "SongID": 108,
  "ArtistID": 46
},
{
  "_id": {
    "$oid": "656d4c64a5ce939e3d699b86"
  },
  "ProducesID": 109,
  "SongID": 109,
  "ArtistID": 28
},
{
  "_id": {
    "$oid": "656d4c64a5ce939e3d699b87"
  },
  "ProducesID": 110,
  "SongID": 110,
  "ArtistID": 22
},
{
  "_id": {
    "$oid": "656d4c64a5ce939e3d699b88"
  },
  "ProducesID": 111,
  "SongID": 111,
  "ArtistID": 11
},
{
  "_id": {
    "$oid": "656d4c64a5ce939e3d699b89"
  },
  "ProducesID": 112,
  "SongID": 112,
  "ArtistID": 7
},
{
  "_id": {
    "$oid": "656d4c64a5ce939e3d699b8a"
  },
  "ProducesID": 113,
  "SongID": 113,
  "ArtistID": 2
},
{
  "_id": {
    "$oid": "656d4c64a5ce939e3d699b8b"
  },
  "ProducesID": 114,
  "SongID": 114,
  "ArtistID": 50
},
{
  "_id": {
    "$oid": "656d4c64a5ce939e3d699b8c"
  },
  "ProducesID": 115,
  "SongID": 115,
  "ArtistID": 8
},
{
  "_id": {
    "$oid": "656d4c64a5ce939e3d699b8d"
  },
  "ProducesID": 116,
  "SongID": 116,
  "ArtistID": 43
},
{
  "_id": {
    "$oid": "656d4c64a5ce939e3d699b8e"
  },
  "ProducesID": 117,
  "SongID": 117,
  "ArtistID": 48
},
{
  "_id": {
    "$oid": "656d4c64a5ce939e3d699b8f"
  },
  "ProducesID": 118,
  "SongID": 118,
  "ArtistID": 9
},
{
  "_id": {
    "$oid": "656d4c64a5ce939e3d699b90"
  },
  "ProducesID": 119,
  "SongID": 119,
  "ArtistID": 45
},
{
  "_id": {
    "$oid": "656d4c64a5ce939e3d699b91"
  },
  "ProducesID": 120,
  "SongID": 120,
  "ArtistID": 38
},
{
  "_id": {
    "$oid": "656d4c64a5ce939e3d699b92"
  },
  "ProducesID": 121,
  "SongID": 121,
  "ArtistID": 44
},
{
  "_id": {
    "$oid": "656d4c64a5ce939e3d699b93"
  },
  "ProducesID": 122,
  "SongID": 122,
  "ArtistID": 21
},
{
  "_id": {
    "$oid": "656d4c64a5ce939e3d699b94"
  },
  "ProducesID": 123,
  "SongID": 123,
  "ArtistID": 12
},
{
  "_id": {
    "$oid": "656d4c64a5ce939e3d699b95"
  },
  "ProducesID": 124,
  "SongID": 124,
  "ArtistID": 13
},
{
  "_id": {
    "$oid": "656d4c64a5ce939e3d699b96"
  },
  "ProducesID": 125,
  "SongID": 125,
  "ArtistID": 15
},
{
  "_id": {
    "$oid": "656d4c64a5ce939e3d699b97"
  },
  "ProducesID": 126,
  "SongID": 126,
  "ArtistID": 14
},
{
  "_id": {
    "$oid": "656d4c64a5ce939e3d699b98"
  },
  "ProducesID": 127,
  "SongID": 127,
  "ArtistID": 3
},
{
  "_id": {
    "$oid": "656d4c64a5ce939e3d699b99"
  },
  "ProducesID": 128,
  "SongID": 128,
  "ArtistID": 25
},
{
  "_id": {
    "$oid": "656d4c64a5ce939e3d699b9a"
  },
  "ProducesID": 129,
  "SongID": 129,
  "ArtistID": 47
},
{
  "_id": {
    "$oid": "656d4c64a5ce939e3d699b9b"
  },
  "ProducesID": 130,
  "SongID": 130,
  "ArtistID": 41
},
{
  "_id": {
    "$oid": "656d4c64a5ce939e3d699b9c"
  },
  "ProducesID": 131,
  "SongID": 131,
  "ArtistID": 1
},
{
  "_id": {
    "$oid": "656d4c64a5ce939e3d699b9d"
  },
  "ProducesID": 132,
  "SongID": 132,
  "ArtistID": 30
},
{
  "_id": {
    "$oid": "656d4c64a5ce939e3d699b9e"
  },
  "ProducesID": 133,
  "SongID": 133,
  "ArtistID": 42
},
{
  "_id": {
    "$oid": "656d4c64a5ce939e3d699b9f"
  },
  "ProducesID": 134,
  "SongID": 134,
  "ArtistID": 18
},
{
  "_id": {
    "$oid": "656d4c64a5ce939e3d699ba0"
  },
  "ProducesID": 135,
  "SongID": 135,
  "ArtistID": 20
},
{
  "_id": {
    "$oid": "656d4c64a5ce939e3d699ba1"
  },
  "ProducesID": 136,
  "SongID": 136,
  "ArtistID": 4
},
{
  "_id": {
    "$oid": "656d4c64a5ce939e3d699ba2"
  },
  "ProducesID": 137,
  "SongID": 137,
  "ArtistID": 16
},
{
  "_id": {
    "$oid": "656d4c64a5ce939e3d699ba3"
  },
  "ProducesID": 138,
  "SongID": 138,
  "ArtistID": 31
},
{
  "_id": {
    "$oid": "656d4c64a5ce939e3d699ba4"
  },
  "ProducesID": 139,
  "SongID": 139,
  "ArtistID": 35
},
{
  "_id": {
    "$oid": "656d4c64a5ce939e3d699ba5"
  },
  "ProducesID": 140,
  "SongID": 140,
  "ArtistID": 29
},
{
  "_id": {
    "$oid": "656d4c64a5ce939e3d699ba6"
  },
  "ProducesID": 141,
  "SongID": 141,
  "ArtistID": 49
},
{
  "_id": {
    "$oid": "656d4c64a5ce939e3d699ba7"
  },
  "ProducesID": 142,
  "SongID": 142,
  "ArtistID": 23
},
{
  "_id": {
    "$oid": "656d4c64a5ce939e3d699ba8"
  },
  "ProducesID": 143,
  "SongID": 143,
  "ArtistID": 32
},
{
  "_id": {
    "$oid": "656d4c64a5ce939e3d699ba9"
  },
  "ProducesID": 144,
  "SongID": 144,
  "ArtistID": 27
},
{
  "_id": {
    "$oid": "656d4c64a5ce939e3d699baa"
  },
  "ProducesID": 145,
  "SongID": 145,
  "ArtistID": 5
},
{
  "_id": {
    "$oid": "656d4c64a5ce939e3d699bab"
  },
  "ProducesID": 146,
  "SongID": 146,
  "ArtistID": 24
},
{
  "_id": {
    "$oid": "656d4c64a5ce939e3d699bac"
  },
  "ProducesID": 147,
  "SongID": 147,
  "ArtistID": 39
},
{
  "_id": {
    "$oid": "656d4c64a5ce939e3d699bad"
  },
  "ProducesID": 148,
  "SongID": 148,
  "ArtistID": 17
},
{
  "_id": {
    "$oid": "656d4c64a5ce939e3d699bae"
  },
  "ProducesID": 149,
  "SongID": 149,
  "ArtistID": 34
},
{
  "_id": {
    "$oid": "656d4c64a5ce939e3d699baf"
  },
  "ProducesID": 150,
  "SongID": 150,
  "ArtistID": 23
},
{
  "_id": {
    "$oid": "656d4c64a5ce939e3d699bb0"
  },
  "ProducesID": 151,
  "SongID": 151,
  "ArtistID": 9
},
{
  "_id": {
    "$oid": "656d4c64a5ce939e3d699bb1"
  },
  "ProducesID": 152,
  "SongID": 152,
  "ArtistID": 38
},
{
  "_id": {
    "$oid": "656d4c64a5ce939e3d699bb2"
  },
  "ProducesID": 153,
  "SongID": 153,
  "ArtistID": 24
},
{
  "_id": {
    "$oid": "656d4c64a5ce939e3d699bb3"
  },
  "ProducesID": 154,
  "SongID": 154,
  "ArtistID": 7
},
{
  "_id": {
    "$oid": "656d4c64a5ce939e3d699bb4"
  },
  "ProducesID": 155,
  "SongID": 155,
  "ArtistID": 32
},
{
  "_id": {
    "$oid": "656d4c64a5ce939e3d699bb5"
  },
  "ProducesID": 156,
  "SongID": 156,
  "ArtistID": 49
},
{
  "_id": {
    "$oid": "656d4c64a5ce939e3d699bb6"
  },
  "ProducesID": 157,
  "SongID": 157,
  "ArtistID": 35
},
{
  "_id": {
    "$oid": "656d4c64a5ce939e3d699bb7"
  },
  "ProducesID": 158,
  "SongID": 158,
  "ArtistID": 1
},
{
  "_id": {
    "$oid": "656d4c64a5ce939e3d699bb8"
  },
  "ProducesID": 159,
  "SongID": 159,
  "ArtistID": 43
},
{
  "_id": {
    "$oid": "656d4c64a5ce939e3d699bb9"
  },
  "ProducesID": 160,
  "SongID": 160,
  "ArtistID": 12
},
{
  "_id": {
    "$oid": "656d4c64a5ce939e3d699bba"
  },
  "ProducesID": 161,
  "SongID": 161,
  "ArtistID": 16
},
{
  "_id": {
    "$oid": "656d4c64a5ce939e3d699bbb"
  },
  "ProducesID": 162,
  "SongID": 162,
  "ArtistID": 26
},
{
  "_id": {
    "$oid": "656d4c64a5ce939e3d699bbc"
  },
  "ProducesID": 163,
  "SongID": 163,
  "ArtistID": 45
},
{
  "_id": {
    "$oid": "656d4c64a5ce939e3d699bbd"
  },
  "ProducesID": 164,
  "SongID": 164,
  "ArtistID": 5
},
{
  "_id": {
    "$oid": "656d4c64a5ce939e3d699bbe"
  },
  "ProducesID": 165,
  "SongID": 165,
  "ArtistID": 10
},
{
  "_id": {
    "$oid": "656d4c64a5ce939e3d699bbf"
  },
  "ProducesID": 166,
  "SongID": 166,
  "ArtistID": 33
},
{
  "_id": {
    "$oid": "656d4c64a5ce939e3d699bc0"
  },
  "ProducesID": 167,
  "SongID": 167,
  "ArtistID": 41
},
{
  "_id": {
    "$oid": "656d4c64a5ce939e3d699bc1"
  },
  "ProducesID": 168,
  "SongID": 168,
  "ArtistID": 29
},
{
  "_id": {
    "$oid": "656d4c64a5ce939e3d699bc2"
  },
  "ProducesID": 169,
  "SongID": 169,
  "ArtistID": 14
},
{
  "_id": {
    "$oid": "656d4c64a5ce939e3d699bc3"
  },
  "ProducesID": 170,
  "SongID": 170,
  "ArtistID": 20
},
{
  "_id": {
    "$oid": "656d4c64a5ce939e3d699bc4"
  },
  "ProducesID": 171,
  "SongID": 171,
  "ArtistID": 11
},
{
  "_id": {
    "$oid": "656d4c64a5ce939e3d699bc5"
  },
  "ProducesID": 172,
  "SongID": 172,
  "ArtistID": 30
},
{
  "_id": {
    "$oid": "656d4c64a5ce939e3d699bc6"
  },
  "ProducesID": 173,
  "SongID": 173,
  "ArtistID": 46
},
{
  "_id": {
    "$oid": "656d4c64a5ce939e3d699bc7"
  },
  "ProducesID": 174,
  "SongID": 174,
  "ArtistID": 25
},
{
  "_id": {
    "$oid": "656d4c64a5ce939e3d699bc8"
  },
  "ProducesID": 175,
  "SongID": 175,
  "ArtistID": 8
},
{
  "_id": {
    "$oid": "656d4c64a5ce939e3d699bc9"
  },
  "ProducesID": 176,
  "SongID": 176,
  "ArtistID": 6
},
{
  "_id": {
    "$oid": "656d4c64a5ce939e3d699bca"
  },
  "ProducesID": 177,
  "SongID": 177,
  "ArtistID": 23
},
{
  "_id": {
    "$oid": "656d4c64a5ce939e3d699bcb"
  },
  "ProducesID": 178,
  "SongID": 178,
  "ArtistID": 18
},
{
  "_id": {
    "$oid": "656d4c64a5ce939e3d699bcc"
  },
  "ProducesID": 179,
  "SongID": 179,
  "ArtistID": 50
},
{
  "_id": {
    "$oid": "656d4c64a5ce939e3d699bcd"
  },
  "ProducesID": 180,
  "SongID": 180,
  "ArtistID": 44
},
{
  "_id": {
    "$oid": "656d4c64a5ce939e3d699bce"
  },
  "ProducesID": 181,
  "SongID": 181,
  "ArtistID": 13
},
{
  "_id": {
    "$oid": "656d4c64a5ce939e3d699bcf"
  },
  "ProducesID": 182,
  "SongID": 182,
  "ArtistID": 22
},
{
  "_id": {
    "$oid": "656d4c64a5ce939e3d699bd0"
  },
  "ProducesID": 183,
  "SongID": 183,
  "ArtistID": 36
},
{
  "_id": {
    "$oid": "656d4c64a5ce939e3d699bd1"
  },
  "ProducesID": 184,
  "SongID": 184,
  "ArtistID": 3
},
{
  "_id": {
    "$oid": "656d4c64a5ce939e3d699bd2"
  },
  "ProducesID": 185,
  "SongID": 185,
  "ArtistID": 47
},
{
  "_id": {
    "$oid": "656d4c64a5ce939e3d699bd3"
  },
  "ProducesID": 186,
  "SongID": 186,
  "ArtistID": 28
},
{
  "_id": {
    "$oid": "656d4c64a5ce939e3d699bd4"
  },
  "ProducesID": 187,
  "SongID": 187,
  "ArtistID": 21
},
{
  "_id": {
    "$oid": "656d4c64a5ce939e3d699bd5"
  },
  "ProducesID": 188,
  "SongID": 188,
  "ArtistID": 15
},
{
  "_id": {
    "$oid": "656d4c64a5ce939e3d699bd6"
  },
  "ProducesID": 189,
  "SongID": 189,
  "ArtistID": 37
},
{
  "_id": {
    "$oid": "656d4c64a5ce939e3d699bd7"
  },
  "ProducesID": 190,
  "SongID": 190,
  "ArtistID": 2
},
{
  "_id": {
    "$oid": "656d4c64a5ce939e3d699bd8"
  },
  "ProducesID": 191,
  "SongID": 191,
  "ArtistID": 42
},
{
  "_id": {
    "$oid": "656d4c64a5ce939e3d699bd9"
  },
  "ProducesID": 192,
  "SongID": 192,
  "ArtistID": 19
},
{
  "_id": {
    "$oid": "656d4c64a5ce939e3d699bda"
  },
  "ProducesID": 193,
  "SongID": 193,
  "ArtistID": 48
},
{
  "_id": {
    "$oid": "656d4c64a5ce939e3d699bdb"
  },
  "ProducesID": 194,
  "SongID": 194,
  "ArtistID": 4
},
{
  "_id": {
    "$oid": "656d4c64a5ce939e3d699bdc"
  },
  "ProducesID": 195,
  "SongID": 195,
  "ArtistID": 17
},
{
  "_id": {
    "$oid": "656d4c64a5ce939e3d699bdd"
  },
  "ProducesID": 196,
  "SongID": 196,
  "ArtistID": 31
},
{
  "_id": {
    "$oid": "656d4c64a5ce939e3d699bde"
  },
  "ProducesID": 197,
  "SongID": 197,
  "ArtistID": 27
},
{
  "_id": {
    "$oid": "656d4c64a5ce939e3d699bdf"
  },
  "ProducesID": 198,
  "SongID": 198,
  "ArtistID": 34
},
{
  "_id": {
    "$oid": "656d4c64a5ce939e3d699be0"
  },
  "ProducesID": 199,
  "SongID": 199,
  "ArtistID": 40
},
{
  "_id": {
    "$oid": "656d4c64a5ce939e3d699be1"
  },
  "ProducesID": 200,
  "SongID": 200,
  "ArtistID": 39
},
{
  "_id": {
    "$oid": "656d4c64a5ce939e3d699be2"
  },
  "ProducesID": 201,
  "SongID": 201,
  "ArtistID": 47
},
{
  "_id": {
    "$oid": "656d4c64a5ce939e3d699be3"
  },
  "ProducesID": 202,
  "SongID": 202,
  "ArtistID": 24
},
{
  "_id": {
    "$oid": "656d4c64a5ce939e3d699be4"
  },
  "ProducesID": 203,
  "SongID": 203,
  "ArtistID": 38
},
{
  "_id": {
    "$oid": "656d4c64a5ce939e3d699be5"
  },
  "ProducesID": 204,
  "SongID": 204,
  "ArtistID": 5
},
{
  "_id": {
    "$oid": "656d4c64a5ce939e3d699be6"
  },
  "ProducesID": 205,
  "SongID": 205,
  "ArtistID": 3
},
{
  "_id": {
    "$oid": "656d4c64a5ce939e3d699be7"
  },
  "ProducesID": 206,
  "SongID": 206,
  "ArtistID": 17
},
{
  "_id": {
    "$oid": "656d4c64a5ce939e3d699be8"
  },
  "ProducesID": 207,
  "SongID": 207,
  "ArtistID": 9
},
{
  "_id": {
    "$oid": "656d4c64a5ce939e3d699be9"
  },
  "ProducesID": 208,
  "SongID": 208,
  "ArtistID": 26
},
{
  "_id": {
    "$oid": "656d4c64a5ce939e3d699bea"
  },
  "ProducesID": 209,
  "SongID": 209,
  "ArtistID": 40
},
{
  "_id": {
    "$oid": "656d4c64a5ce939e3d699beb"
  },
  "ProducesID": 210,
  "SongID": 210,
  "ArtistID": 46
},
{
  "_id": {
    "$oid": "656d4c64a5ce939e3d699bec"
  },
  "ProducesID": 211,
  "SongID": 211,
  "ArtistID": 21
},
{
  "_id": {
    "$oid": "656d4c64a5ce939e3d699bed"
  },
  "ProducesID": 212,
  "SongID": 212,
  "ArtistID": 19
},
{
  "_id": {
    "$oid": "656d4c64a5ce939e3d699bee"
  },
  "ProducesID": 213,
  "SongID": 213,
  "ArtistID": 35
},
{
  "_id": {
    "$oid": "656d4c64a5ce939e3d699bef"
  },
  "ProducesID": 214,
  "SongID": 214,
  "ArtistID": 1
},
{
  "_id": {
    "$oid": "656d4c64a5ce939e3d699bf0"
  },
  "ProducesID": 215,
  "SongID": 215,
  "ArtistID": 32
},
{
  "_id": {
    "$oid": "656d4c64a5ce939e3d699bf1"
  },
  "ProducesID": 216,
  "SongID": 216,
  "ArtistID": 33
},
{
  "_id": {
    "$oid": "656d4c64a5ce939e3d699bf2"
  },
  "ProducesID": 217,
  "SongID": 217,
  "ArtistID": 30
},
{
  "_id": {
    "$oid": "656d4c64a5ce939e3d699bf3"
  },
  "ProducesID": 218,
  "SongID": 218,
  "ArtistID": 43
},
{
  "_id": {
    "$oid": "656d4c64a5ce939e3d699bf4"
  },
  "ProducesID": 219,
  "SongID": 219,
  "ArtistID": 36
},
{
  "_id": {
    "$oid": "656d4c64a5ce939e3d699bf5"
  },
  "ProducesID": 220,
  "SongID": 220,
  "ArtistID": 18
},
{
  "_id": {
    "$oid": "656d4c64a5ce939e3d699bf6"
  },
  "ProducesID": 221,
  "SongID": 221,
  "ArtistID": 10
},
{
  "_id": {
    "$oid": "656d4c64a5ce939e3d699bf7"
  },
  "ProducesID": 222,
  "SongID": 222,
  "ArtistID": 13
},
{
  "_id": {
    "$oid": "656d4c64a5ce939e3d699bf8"
  },
  "ProducesID": 223,
  "SongID": 223,
  "ArtistID": 29
},
{
  "_id": {
    "$oid": "656d4c64a5ce939e3d699bf9"
  },
  "ProducesID": 224,
  "SongID": 224,
  "ArtistID": 42
},
{
  "_id": {
    "$oid": "656d4c64a5ce939e3d699bfa"
  },
  "ProducesID": 225,
  "SongID": 225,
  "ArtistID": 22
},
{
  "_id": {
    "$oid": "656d4c64a5ce939e3d699bfb"
  },
  "ProducesID": 226,
  "SongID": 226,
  "ArtistID": 11
},
{
  "_id": {
    "$oid": "656d4c64a5ce939e3d699bfc"
  },
  "ProducesID": 227,
  "SongID": 227,
  "ArtistID": 15
},
{
  "_id": {
    "$oid": "656d4c64a5ce939e3d699bfd"
  },
  "ProducesID": 228,
  "SongID": 228,
  "ArtistID": 28
},
{
  "_id": {
    "$oid": "656d4c64a5ce939e3d699bfe"
  },
  "ProducesID": 229,
  "SongID": 229,
  "ArtistID": 7
},
{
  "_id": {
    "$oid": "656d4c64a5ce939e3d699bff"
  },
  "ProducesID": 230,
  "SongID": 230,
  "ArtistID": 14
},
{
  "_id": {
    "$oid": "656d4c64a5ce939e3d699c00"
  },
  "ProducesID": 231,
  "SongID": 231,
  "ArtistID": 16
},
{
  "_id": {
    "$oid": "656d4c64a5ce939e3d699c01"
  },
  "ProducesID": 232,
  "SongID": 232,
  "ArtistID": 49
},
{
  "_id": {
    "$oid": "656d4c64a5ce939e3d699c02"
  },
  "ProducesID": 233,
  "SongID": 233,
  "ArtistID": 12
},
{
  "_id": {
    "$oid": "656d4c64a5ce939e3d699c03"
  },
  "ProducesID": 234,
  "SongID": 234,
  "ArtistID": 8
},
{
  "_id": {
    "$oid": "656d4c64a5ce939e3d699c04"
  },
  "ProducesID": 235,
  "SongID": 235,
  "ArtistID": 37
},
{
  "_id": {
    "$oid": "656d4c64a5ce939e3d699c05"
  },
  "ProducesID": 236,
  "SongID": 236,
  "ArtistID": 44
},
{
  "_id": {
    "$oid": "656d4c64a5ce939e3d699c06"
  },
  "ProducesID": 237,
  "SongID": 237,
  "ArtistID": 23
},
{
  "_id": {
    "$oid": "656d4c64a5ce939e3d699c07"
  },
  "ProducesID": 238,
  "SongID": 238,
  "ArtistID": 50
},
{
  "_id": {
    "$oid": "656d4c64a5ce939e3d699c08"
  },
  "ProducesID": 239,
  "SongID": 239,
  "ArtistID": 31
},
{
  "_id": {
    "$oid": "656d4c64a5ce939e3d699c09"
  },
  "ProducesID": 240,
  "SongID": 240,
  "ArtistID": 27
},
{
  "_id": {
    "$oid": "656d4c64a5ce939e3d699c0a"
  },
  "ProducesID": 241,
  "SongID": 241,
  "ArtistID": 4
},
{
  "_id": {
    "$oid": "656d4c64a5ce939e3d699c0b"
  },
  "ProducesID": 242,
  "SongID": 242,
  "ArtistID": 25
},
{
  "_id": {
    "$oid": "656d4c64a5ce939e3d699c0c"
  },
  "ProducesID": 243,
  "SongID": 243,
  "ArtistID": 2
},
{
  "_id": {
    "$oid": "656d4c64a5ce939e3d699c0d"
  },
  "ProducesID": 244,
  "SongID": 244,
  "ArtistID": 41
},
{
  "_id": {
    "$oid": "656d4c64a5ce939e3d699c0e"
  },
  "ProducesID": 245,
  "SongID": 245,
  "ArtistID": 6
},
{
  "_id": {
    "$oid": "656d4c64a5ce939e3d699c0f"
  },
  "ProducesID": 246,
  "SongID": 246,
  "ArtistID": 39
},
{
  "_id": {
    "$oid": "656d4c64a5ce939e3d699c10"
  },
  "ProducesID": 247,
  "SongID": 247,
  "ArtistID": 20
},
{
  "_id": {
    "$oid": "656d4c64a5ce939e3d699c11"
  },
  "ProducesID": 248,
  "SongID": 248,
  "ArtistID": 45
},
{
  "_id": {
    "$oid": "656d4c64a5ce939e3d699c12"
  },
  "ProducesID": 249,
  "SongID": 249,
  "ArtistID": 38
},
{
  "_id": {
    "$oid": "656d4c64a5ce939e3d699c13"
  },
  "ProducesID": 250,
  "SongID": 250,
  "ArtistID": 48
}]