[{
  "_id": {
    "$oid": "656d4c96a5ce939e3d699d10"
  },
  "UserPlayerID": 1,
  "UserID": 1,
  "MPSID": 1
},
{
  "_id": {
    "$oid": "656d4c96a5ce939e3d699d11"
  },
  "UserPlayerID": 2,
  "UserID": 2,
  "MPSID": 2
},
{
  "_id": {
    "$oid": "656d4c96a5ce939e3d699d12"
  },
  "UserPlayerID": 3,
  "UserID": 3,
  "MPSID": 3
},
{
  "_id": {
    "$oid": "656d4c96a5ce939e3d699d13"
  },
  "UserPlayerID": 4,
  "UserID": 4,
  "MPSID": 4
},
{
  "_id": {
    "$oid": "656d4c96a5ce939e3d699d14"
  },
  "UserPlayerID": 5,
  "UserID": 5,
  "MPSID": 5
},
{
  "_id": {
    "$oid": "656d4c96a5ce939e3d699d15"
  },
  "UserPlayerID": 6,
  "UserID": 6,
  "MPSID": 6
},
{
  "_id": {
    "$oid": "656d4c96a5ce939e3d699d16"
  },
  "UserPlayerID": 7,
  "UserID": 7,
  "MPSID": 1
},
{
  "_id": {
    "$oid": "656d4c96a5ce939e3d699d17"
  },
  "UserPlayerID": 8,
  "UserID": 8,
  "MPSID": 2
},
{
  "_id": {
    "$oid": "656d4c96a5ce939e3d699d18"
  },
  "UserPlayerID": 9,
  "UserID": 9,
  "MPSID": 3
},
{
  "_id": {
    "$oid": "656d4c96a5ce939e3d699d19"
  },
  "UserPlayerID": 10,
  "UserID": 10,
  "MPSID": 4
},
{
  "_id": {
    "$oid": "656d4c96a5ce939e3d699d1a"
  },
  "UserPlayerID": 11,
  "UserID": 11,
  "MPSID": 5
},
{
  "_id": {
    "$oid": "656d4c96a5ce939e3d699d1b"
  },
  "UserPlayerID": 12,
  "UserID": 12,
  "MPSID": 6
},
{
  "_id": {
    "$oid": "656d4c96a5ce939e3d699d1c"
  },
  "UserPlayerID": 13,
  "UserID": 13,
  "MPSID": 1
},
{
  "_id": {
    "$oid": "656d4c96a5ce939e3d699d1d"
  },
  "UserPlayerID": 14,
  "UserID": 14,
  "MPSID": 2
},
{
  "_id": {
    "$oid": "656d4c96a5ce939e3d699d1e"
  },
  "UserPlayerID": 15,
  "UserID": 15,
  "MPSID": 3
},
{
  "_id": {
    "$oid": "656d4c96a5ce939e3d699d1f"
  },
  "UserPlayerID": 16,
  "UserID": 16,
  "MPSID": 4
},
{
  "_id": {
    "$oid": "656d4c96a5ce939e3d699d20"
  },
  "UserPlayerID": 17,
  "UserID": 17,
  "MPSID": 5
},
{
  "_id": {
    "$oid": "656d4c96a5ce939e3d699d21"
  },
  "UserPlayerID": 18,
  "UserID": 18,
  "MPSID": 6
},
{
  "_id": {
    "$oid": "656d4c96a5ce939e3d699d22"
  },
  "UserPlayerID": 19,
  "UserID": 19,
  "MPSID": 1
},
{
  "_id": {
    "$oid": "656d4c96a5ce939e3d699d23"
  },
  "UserPlayerID": 20,
  "UserID": 20,
  "MPSID": 2
},
{
  "_id": {
    "$oid": "656d4c96a5ce939e3d699d24"
  },
  "UserPlayerID": 21,
  "UserID": 21,
  "MPSID": 3
},
{
  "_id": {
    "$oid": "656d4c96a5ce939e3d699d25"
  },
  "UserPlayerID": 22,
  "UserID": 22,
  "MPSID": 4
},
{
  "_id": {
    "$oid": "656d4c96a5ce939e3d699d26"
  },
  "UserPlayerID": 23,
  "UserID": 23,
  "MPSID": 5
},
{
  "_id": {
    "$oid": "656d4c96a5ce939e3d699d27"
  },
  "UserPlayerID": 24,
  "UserID": 24,
  "MPSID": 6
},
{
  "_id": {
    "$oid": "656d4c96a5ce939e3d699d28"
  },
  "UserPlayerID": 25,
  "UserID": 25,
  "MPSID": 1
},
{
  "_id": {
    "$oid": "656d4c96a5ce939e3d699d29"
  },
  "UserPlayerID": 26,
  "UserID": 26,
  "MPSID": 2
},
{
  "_id": {
    "$oid": "656d4c96a5ce939e3d699d2a"
  },
  "UserPlayerID": 27,
  "UserID": 27,
  "MPSID": 3
},
{
  "_id": {
    "$oid": "656d4c96a5ce939e3d699d2b"
  },
  "UserPlayerID": 28,
  "UserID": 28,
  "MPSID": 4
},
{
  "_id": {
    "$oid": "656d4c96a5ce939e3d699d2c"
  },
  "UserPlayerID": 29,
  "UserID": 29,
  "MPSID": 5
},
{
  "_id": {
    "$oid": "656d4c96a5ce939e3d699d2d"
  },
  "UserPlayerID": 30,
  "UserID": 30,
  "MPSID": 6
},
{
  "_id": {
    "$oid": "656d4c96a5ce939e3d699d2e"
  },
  "UserPlayerID": 31,
  "UserID": 31,
  "MPSID": 1
},
{
  "_id": {
    "$oid": "656d4c96a5ce939e3d699d2f"
  },
  "UserPlayerID": 32,
  "UserID": 32,
  "MPSID": 2
},
{
  "_id": {
    "$oid": "656d4c96a5ce939e3d699d30"
  },
  "UserPlayerID": 33,
  "UserID": 33,
  "MPSID": 3
},
{
  "_id": {
    "$oid": "656d4c96a5ce939e3d699d31"
  },
  "UserPlayerID": 34,
  "UserID": 34,
  "MPSID": 4
},
{
  "_id": {
    "$oid": "656d4c96a5ce939e3d699d32"
  },
  "UserPlayerID": 35,
  "UserID": 35,
  "MPSID": 5
},
{
  "_id": {
    "$oid": "656d4c96a5ce939e3d699d33"
  },
  "UserPlayerID": 36,
  "UserID": 36,
  "MPSID": 6
},
{
  "_id": {
    "$oid": "656d4c96a5ce939e3d699d34"
  },
  "UserPlayerID": 37,
  "UserID": 37,
  "MPSID": 1
},
{
  "_id": {
    "$oid": "656d4c96a5ce939e3d699d35"
  },
  "UserPlayerID": 38,
  "UserID": 38,
  "MPSID": 2
},
{
  "_id": {
    "$oid": "656d4c96a5ce939e3d699d36"
  },
  "UserPlayerID": 39,
  "UserID": 39,
  "MPSID": 3
},
{
  "_id": {
    "$oid": "656d4c96a5ce939e3d699d37"
  },
  "UserPlayerID": 40,
  "UserID": 40,
  "MPSID": 4
},
{
  "_id": {
    "$oid": "656d4c96a5ce939e3d699d38"
  },
  "UserPlayerID": 41,
  "UserID": 41,
  "MPSID": 5
},
{
  "_id": {
    "$oid": "656d4c96a5ce939e3d699d39"
  },
  "UserPlayerID": 42,
  "UserID": 42,
  "MPSID": 6
},
{
  "_id": {
    "$oid": "656d4c96a5ce939e3d699d3a"
  },
  "UserPlayerID": 43,
  "UserID": 43,
  "MPSID": 1
},
{
  "_id": {
    "$oid": "656d4c96a5ce939e3d699d3b"
  },
  "UserPlayerID": 44,
  "UserID": 44,
  "MPSID": 2
},
{
  "_id": {
    "$oid": "656d4c96a5ce939e3d699d3c"
  },
  "UserPlayerID": 45,
  "UserID": 45,
  "MPSID": 3
},
{
  "_id": {
    "$oid": "656d4c96a5ce939e3d699d3d"
  },
  "UserPlayerID": 46,
  "UserID": 46,
  "MPSID": 4
},
{
  "_id": {
    "$oid": "656d4c96a5ce939e3d699d3e"
  },
  "UserPlayerID": 47,
  "UserID": 47,
  "MPSID": 5
},
{
  "_id": {
    "$oid": "656d4c96a5ce939e3d699d3f"
  },
  "UserPlayerID": 48,
  "UserID": 48,
  "MPSID": 6
},
{
  "_id": {
    "$oid": "656d4c96a5ce939e3d699d40"
  },
  "UserPlayerID": 49,
  "UserID": 49,
  "MPSID": 1
},
{
  "_id": {
    "$oid": "656d4c96a5ce939e3d699d41"
  },
  "UserPlayerID": 50,
  "UserID": 50,
  "MPSID": 2
},
{
  "_id": {
    "$oid": "656d4c96a5ce939e3d699d42"
  },
  "UserPlayerID": 51,
  "UserID": 51,
  "MPSID": 3
},
{
  "_id": {
    "$oid": "656d4c96a5ce939e3d699d43"
  },
  "UserPlayerID": 52,
  "UserID": 52,
  "MPSID": 4
},
{
  "_id": {
    "$oid": "656d4c96a5ce939e3d699d44"
  },
  "UserPlayerID": 53,
  "UserID": 53,
  "MPSID": 5
},
{
  "_id": {
    "$oid": "656d4c96a5ce939e3d699d45"
  },
  "UserPlayerID": 54,
  "UserID": 54,
  "MPSID": 6
},
{
  "_id": {
    "$oid": "656d4c96a5ce939e3d699d46"
  },
  "UserPlayerID": 55,
  "UserID": 55,
  "MPSID": 1
},
{
  "_id": {
    "$oid": "656d4c96a5ce939e3d699d47"
  },
  "UserPlayerID": 56,
  "UserID": 56,
  "MPSID": 2
},
{
  "_id": {
    "$oid": "656d4c96a5ce939e3d699d48"
  },
  "UserPlayerID": 57,
  "UserID": 57,
  "MPSID": 3
},
{
  "_id": {
    "$oid": "656d4c96a5ce939e3d699d49"
  },
  "UserPlayerID": 58,
  "UserID": 58,
  "MPSID": 4
},
{
  "_id": {
    "$oid": "656d4c96a5ce939e3d699d4a"
  },
  "UserPlayerID": 59,
  "UserID": 59,
  "MPSID": 5
},
{
  "_id": {
    "$oid": "656d4c96a5ce939e3d699d4b"
  },
  "UserPlayerID": 60,
  "UserID": 60,
  "MPSID": 6
},
{
  "_id": {
    "$oid": "656d4c96a5ce939e3d699d4c"
  },
  "UserPlayerID": 61,
  "UserID": 61,
  "MPSID": 1
},
{
  "_id": {
    "$oid": "656d4c96a5ce939e3d699d4d"
  },
  "UserPlayerID": 62,
  "UserID": 62,
  "MPSID": 2
},
{
  "_id": {
    "$oid": "656d4c96a5ce939e3d699d4e"
  },
  "UserPlayerID": 63,
  "UserID": 63,
  "MPSID": 3
},
{
  "_id": {
    "$oid": "656d4c96a5ce939e3d699d4f"
  },
  "UserPlayerID": 64,
  "UserID": 64,
  "MPSID": 4
},
{
  "_id": {
    "$oid": "656d4c96a5ce939e3d699d50"
  },
  "UserPlayerID": 65,
  "UserID": 65,
  "MPSID": 5
},
{
  "_id": {
    "$oid": "656d4c96a5ce939e3d699d51"
  },
  "UserPlayerID": 66,
  "UserID": 66,
  "MPSID": 6
},
{
  "_id": {
    "$oid": "656d4c96a5ce939e3d699d52"
  },
  "UserPlayerID": 67,
  "UserID": 67,
  "MPSID": 1
},
{
  "_id": {
    "$oid": "656d4c96a5ce939e3d699d53"
  },
  "UserPlayerID": 68,
  "UserID": 68,
  "MPSID": 2
},
{
  "_id": {
    "$oid": "656d4c96a5ce939e3d699d54"
  },
  "UserPlayerID": 69,
  "UserID": 69,
  "MPSID": 3
},
{
  "_id": {
    "$oid": "656d4c96a5ce939e3d699d55"
  },
  "UserPlayerID": 70,
  "UserID": 70,
  "MPSID": 4
},
{
  "_id": {
    "$oid": "656d4c96a5ce939e3d699d56"
  },
  "UserPlayerID": 71,
  "UserID": 71,
  "MPSID": 5
},
{
  "_id": {
    "$oid": "656d4c96a5ce939e3d699d57"
  },
  "UserPlayerID": 72,
  "UserID": 72,
  "MPSID": 6
},
{
  "_id": {
    "$oid": "656d4c96a5ce939e3d699d58"
  },
  "UserPlayerID": 73,
  "UserID": 73,
  "MPSID": 1
},
{
  "_id": {
    "$oid": "656d4c96a5ce939e3d699d59"
  },
  "UserPlayerID": 74,
  "UserID": 74,
  "MPSID": 2
},
{
  "_id": {
    "$oid": "656d4c96a5ce939e3d699d5a"
  },
  "UserPlayerID": 75,
  "UserID": 75,
  "MPSID": 3
},
{
  "_id": {
    "$oid": "656d4c96a5ce939e3d699d5b"
  },
  "UserPlayerID": 76,
  "UserID": 76,
  "MPSID": 4
},
{
  "_id": {
    "$oid": "656d4c96a5ce939e3d699d5c"
  },
  "UserPlayerID": 77,
  "UserID": 77,
  "MPSID": 5
},
{
  "_id": {
    "$oid": "656d4c96a5ce939e3d699d5d"
  },
  "UserPlayerID": 78,
  "UserID": 78,
  "MPSID": 6
},
{
  "_id": {
    "$oid": "656d4c96a5ce939e3d699d5e"
  },
  "UserPlayerID": 79,
  "UserID": 79,
  "MPSID": 1
},
{
  "_id": {
    "$oid": "656d4c96a5ce939e3d699d5f"
  },
  "UserPlayerID": 80,
  "UserID": 80,
  "MPSID": 2
},
{
  "_id": {
    "$oid": "656d4c96a5ce939e3d699d60"
  },
  "UserPlayerID": 81,
  "UserID": 81,
  "MPSID": 3
},
{
  "_id": {
    "$oid": "656d4c96a5ce939e3d699d61"
  },
  "UserPlayerID": 82,
  "UserID": 82,
  "MPSID": 4
},
{
  "_id": {
    "$oid": "656d4c96a5ce939e3d699d62"
  },
  "UserPlayerID": 83,
  "UserID": 83,
  "MPSID": 5
},
{
  "_id": {
    "$oid": "656d4c96a5ce939e3d699d63"
  },
  "UserPlayerID": 84,
  "UserID": 84,
  "MPSID": 6
},
{
  "_id": {
    "$oid": "656d4c96a5ce939e3d699d64"
  },
  "UserPlayerID": 85,
  "UserID": 85,
  "MPSID": 1
},
{
  "_id": {
    "$oid": "656d4c96a5ce939e3d699d65"
  },
  "UserPlayerID": 86,
  "UserID": 86,
  "MPSID": 2
},
{
  "_id": {
    "$oid": "656d4c96a5ce939e3d699d66"
  },
  "UserPlayerID": 87,
  "UserID": 87,
  "MPSID": 3
},
{
  "_id": {
    "$oid": "656d4c96a5ce939e3d699d67"
  },
  "UserPlayerID": 88,
  "UserID": 88,
  "MPSID": 4
},
{
  "_id": {
    "$oid": "656d4c96a5ce939e3d699d68"
  },
  "UserPlayerID": 89,
  "UserID": 89,
  "MPSID": 5
},
{
  "_id": {
    "$oid": "656d4c96a5ce939e3d699d69"
  },
  "UserPlayerID": 90,
  "UserID": 90,
  "MPSID": 6
},
{
  "_id": {
    "$oid": "656d4c96a5ce939e3d699d6a"
  },
  "UserPlayerID": 91,
  "UserID": 91,
  "MPSID": 1
},
{
  "_id": {
    "$oid": "656d4c96a5ce939e3d699d6b"
  },
  "UserPlayerID": 92,
  "UserID": 92,
  "MPSID": 2
},
{
  "_id": {
    "$oid": "656d4c96a5ce939e3d699d6c"
  },
  "UserPlayerID": 93,
  "UserID": 93,
  "MPSID": 3
},
{
  "_id": {
    "$oid": "656d4c96a5ce939e3d699d6d"
  },
  "UserPlayerID": 94,
  "UserID": 94,
  "MPSID": 4
},
{
  "_id": {
    "$oid": "656d4c96a5ce939e3d699d6e"
  },
  "UserPlayerID": 95,
  "UserID": 95,
  "MPSID": 5
},
{
  "_id": {
    "$oid": "656d4c96a5ce939e3d699d6f"
  },
  "UserPlayerID": 96,
  "UserID": 96,
  "MPSID": 6
},
{
  "_id": {
    "$oid": "656d4c96a5ce939e3d699d70"
  },
  "UserPlayerID": 97,
  "UserID": 97,
  "MPSID": 1
},
{
  "_id": {
    "$oid": "656d4c96a5ce939e3d699d71"
  },
  "UserPlayerID": 98,
  "UserID": 98,
  "MPSID": 2
},
{
  "_id": {
    "$oid": "656d4c96a5ce939e3d699d72"
  },
  "UserPlayerID": 99,
  "UserID": 99,
  "MPSID": 3
},
{
  "_id": {
    "$oid": "656d4c96a5ce939e3d699d73"
  },
  "UserPlayerID": 100,
  "UserID": 100,
  "MPSID": 4
},
{
  "_id": {
    "$oid": "656d4c96a5ce939e3d699d74"
  },
  "UserPlayerID": 101,
  "UserID": 101,
  "MPSID": 5
},
{
  "_id": {
    "$oid": "656d4c96a5ce939e3d699d75"
  },
  "UserPlayerID": 102,
  "UserID": 102,
  "MPSID": 6
},
{
  "_id": {
    "$oid": "656d4c96a5ce939e3d699d76"
  },
  "UserPlayerID": 103,
  "UserID": 103,
  "MPSID": 1
},
{
  "_id": {
    "$oid": "656d4c96a5ce939e3d699d77"
  },
  "UserPlayerID": 104,
  "UserID": 104,
  "MPSID": 2
},
{
  "_id": {
    "$oid": "656d4c96a5ce939e3d699d78"
  },
  "UserPlayerID": 105,
  "UserID": 105,
  "MPSID": 3
},
{
  "_id": {
    "$oid": "656d4c96a5ce939e3d699d79"
  },
  "UserPlayerID": 106,
  "UserID": 106,
  "MPSID": 4
},
{
  "_id": {
    "$oid": "656d4c96a5ce939e3d699d7a"
  },
  "UserPlayerID": 107,
  "UserID": 107,
  "MPSID": 5
},
{
  "_id": {
    "$oid": "656d4c96a5ce939e3d699d7b"
  },
  "UserPlayerID": 108,
  "UserID": 108,
  "MPSID": 6
},
{
  "_id": {
    "$oid": "656d4c96a5ce939e3d699d7c"
  },
  "UserPlayerID": 109,
  "UserID": 109,
  "MPSID": 1
},
{
  "_id": {
    "$oid": "656d4c96a5ce939e3d699d7d"
  },
  "UserPlayerID": 110,
  "UserID": 110,
  "MPSID": 2
},
{
  "_id": {
    "$oid": "656d4c96a5ce939e3d699d7e"
  },
  "UserPlayerID": 111,
  "UserID": 111,
  "MPSID": 3
},
{
  "_id": {
    "$oid": "656d4c96a5ce939e3d699d7f"
  },
  "UserPlayerID": 112,
  "UserID": 112,
  "MPSID": 4
},
{
  "_id": {
    "$oid": "656d4c96a5ce939e3d699d80"
  },
  "UserPlayerID": 113,
  "UserID": 113,
  "MPSID": 5
},
{
  "_id": {
    "$oid": "656d4c96a5ce939e3d699d81"
  },
  "UserPlayerID": 114,
  "UserID": 114,
  "MPSID": 6
},
{
  "_id": {
    "$oid": "656d4c96a5ce939e3d699d82"
  },
  "UserPlayerID": 115,
  "UserID": 115,
  "MPSID": 1
},
{
  "_id": {
    "$oid": "656d4c96a5ce939e3d699d83"
  },
  "UserPlayerID": 116,
  "UserID": 116,
  "MPSID": 2
},
{
  "_id": {
    "$oid": "656d4c96a5ce939e3d699d84"
  },
  "UserPlayerID": 117,
  "UserID": 117,
  "MPSID": 3
},
{
  "_id": {
    "$oid": "656d4c96a5ce939e3d699d85"
  },
  "UserPlayerID": 118,
  "UserID": 118,
  "MPSID": 4
},
{
  "_id": {
    "$oid": "656d4c96a5ce939e3d699d86"
  },
  "UserPlayerID": 119,
  "UserID": 119,
  "MPSID": 5
},
{
  "_id": {
    "$oid": "656d4c96a5ce939e3d699d87"
  },
  "UserPlayerID": 120,
  "UserID": 120,
  "MPSID": 6
},
{
  "_id": {
    "$oid": "656d4c96a5ce939e3d699d88"
  },
  "UserPlayerID": 121,
  "UserID": 121,
  "MPSID": 1
},
{
  "_id": {
    "$oid": "656d4c96a5ce939e3d699d89"
  },
  "UserPlayerID": 122,
  "UserID": 122,
  "MPSID": 2
},
{
  "_id": {
    "$oid": "656d4c96a5ce939e3d699d8a"
  },
  "UserPlayerID": 123,
  "UserID": 123,
  "MPSID": 3
},
{
  "_id": {
    "$oid": "656d4c96a5ce939e3d699d8b"
  },
  "UserPlayerID": 124,
  "UserID": 124,
  "MPSID": 4
},
{
  "_id": {
    "$oid": "656d4c96a5ce939e3d699d8c"
  },
  "UserPlayerID": 125,
  "UserID": 125,
  "MPSID": 5
},
{
  "_id": {
    "$oid": "656d4c96a5ce939e3d699d8d"
  },
  "UserPlayerID": 126,
  "UserID": 126,
  "MPSID": 6
},
{
  "_id": {
    "$oid": "656d4c96a5ce939e3d699d8e"
  },
  "UserPlayerID": 127,
  "UserID": 127,
  "MPSID": 1
},
{
  "_id": {
    "$oid": "656d4c96a5ce939e3d699d8f"
  },
  "UserPlayerID": 128,
  "UserID": 128,
  "MPSID": 2
},
{
  "_id": {
    "$oid": "656d4c96a5ce939e3d699d90"
  },
  "UserPlayerID": 129,
  "UserID": 129,
  "MPSID": 3
},
{
  "_id": {
    "$oid": "656d4c96a5ce939e3d699d91"
  },
  "UserPlayerID": 130,
  "UserID": 130,
  "MPSID": 4
},
{
  "_id": {
    "$oid": "656d4c96a5ce939e3d699d92"
  },
  "UserPlayerID": 131,
  "UserID": 131,
  "MPSID": 5
},
{
  "_id": {
    "$oid": "656d4c96a5ce939e3d699d93"
  },
  "UserPlayerID": 132,
  "UserID": 132,
  "MPSID": 6
},
{
  "_id": {
    "$oid": "656d4c96a5ce939e3d699d94"
  },
  "UserPlayerID": 133,
  "UserID": 133,
  "MPSID": 1
},
{
  "_id": {
    "$oid": "656d4c96a5ce939e3d699d95"
  },
  "UserPlayerID": 134,
  "UserID": 134,
  "MPSID": 2
},
{
  "_id": {
    "$oid": "656d4c96a5ce939e3d699d96"
  },
  "UserPlayerID": 135,
  "UserID": 135,
  "MPSID": 3
},
{
  "_id": {
    "$oid": "656d4c96a5ce939e3d699d97"
  },
  "UserPlayerID": 136,
  "UserID": 136,
  "MPSID": 4
},
{
  "_id": {
    "$oid": "656d4c96a5ce939e3d699d98"
  },
  "UserPlayerID": 137,
  "UserID": 137,
  "MPSID": 5
},
{
  "_id": {
    "$oid": "656d4c96a5ce939e3d699d99"
  },
  "UserPlayerID": 138,
  "UserID": 138,
  "MPSID": 6
},
{
  "_id": {
    "$oid": "656d4c96a5ce939e3d699d9a"
  },
  "UserPlayerID": 139,
  "UserID": 139,
  "MPSID": 1
},
{
  "_id": {
    "$oid": "656d4c96a5ce939e3d699d9b"
  },
  "UserPlayerID": 140,
  "UserID": 140,
  "MPSID": 2
},
{
  "_id": {
    "$oid": "656d4c96a5ce939e3d699d9c"
  },
  "UserPlayerID": 141,
  "UserID": 141,
  "MPSID": 3
},
{
  "_id": {
    "$oid": "656d4c96a5ce939e3d699d9d"
  },
  "UserPlayerID": 142,
  "UserID": 142,
  "MPSID": 4
},
{
  "_id": {
    "$oid": "656d4c96a5ce939e3d699d9e"
  },
  "UserPlayerID": 143,
  "UserID": 143,
  "MPSID": 5
},
{
  "_id": {
    "$oid": "656d4c96a5ce939e3d699d9f"
  },
  "UserPlayerID": 144,
  "UserID": 144,
  "MPSID": 6
},
{
  "_id": {
    "$oid": "656d4c96a5ce939e3d699da0"
  },
  "UserPlayerID": 145,
  "UserID": 145,
  "MPSID": 1
},
{
  "_id": {
    "$oid": "656d4c96a5ce939e3d699da1"
  },
  "UserPlayerID": 146,
  "UserID": 146,
  "MPSID": 2
},
{
  "_id": {
    "$oid": "656d4c96a5ce939e3d699da2"
  },
  "UserPlayerID": 147,
  "UserID": 147,
  "MPSID": 3
},
{
  "_id": {
    "$oid": "656d4c96a5ce939e3d699da3"
  },
  "UserPlayerID": 148,
  "UserID": 148,
  "MPSID": 4
},
{
  "_id": {
    "$oid": "656d4c96a5ce939e3d699da4"
  },
  "UserPlayerID": 149,
  "UserID": 149,
  "MPSID": 5
},
{
  "_id": {
    "$oid": "656d4c96a5ce939e3d699da5"
  },
  "UserPlayerID": 150,
  "UserID": 150,
  "MPSID": 6
},
{
  "_id": {
    "$oid": "656d4c96a5ce939e3d699da6"
  },
  "UserPlayerID": 151,
  "UserID": 151,
  "MPSID": 3
},
{
  "_id": {
    "$oid": "656d4c96a5ce939e3d699da7"
  },
  "UserPlayerID": 152,
  "UserID": 152,
  "MPSID": 4
},
{
  "_id": {
    "$oid": "656d4c96a5ce939e3d699da8"
  },
  "UserPlayerID": 153,
  "UserID": 153,
  "MPSID": 5
},
{
  "_id": {
    "$oid": "656d4c96a5ce939e3d699da9"
  },
  "UserPlayerID": 154,
  "UserID": 154,
  "MPSID": 6
},
{
  "_id": {
    "$oid": "656d4c96a5ce939e3d699daa"
  },
  "UserPlayerID": 155,
  "UserID": 155,
  "MPSID": 1
},
{
  "_id": {
    "$oid": "656d4c96a5ce939e3d699dab"
  },
  "UserPlayerID": 156,
  "UserID": 156,
  "MPSID": 2
},
{
  "_id": {
    "$oid": "656d4c96a5ce939e3d699dac"
  },
  "UserPlayerID": 157,
  "UserID": 157,
  "MPSID": 3
},
{
  "_id": {
    "$oid": "656d4c96a5ce939e3d699dad"
  },
  "UserPlayerID": 158,
  "UserID": 158,
  "MPSID": 4
},
{
  "_id": {
    "$oid": "656d4c96a5ce939e3d699dae"
  },
  "UserPlayerID": 159,
  "UserID": 159,
  "MPSID": 5
},
{
  "_id": {
    "$oid": "656d4c96a5ce939e3d699daf"
  },
  "UserPlayerID": 160,
  "UserID": 160,
  "MPSID": 6
},
{
  "_id": {
    "$oid": "656d4c96a5ce939e3d699db0"
  },
  "UserPlayerID": 161,
  "UserID": 161,
  "MPSID": 1
},
{
  "_id": {
    "$oid": "656d4c96a5ce939e3d699db1"
  },
  "UserPlayerID": 162,
  "UserID": 162,
  "MPSID": 2
},
{
  "_id": {
    "$oid": "656d4c96a5ce939e3d699db2"
  },
  "UserPlayerID": 163,
  "UserID": 163,
  "MPSID": 3
},
{
  "_id": {
    "$oid": "656d4c96a5ce939e3d699db3"
  },
  "UserPlayerID": 164,
  "UserID": 164,
  "MPSID": 4
},
{
  "_id": {
    "$oid": "656d4c96a5ce939e3d699db4"
  },
  "UserPlayerID": 165,
  "UserID": 165,
  "MPSID": 5
},
{
  "_id": {
    "$oid": "656d4c96a5ce939e3d699db5"
  },
  "UserPlayerID": 166,
  "UserID": 166,
  "MPSID": 6
},
{
  "_id": {
    "$oid": "656d4c96a5ce939e3d699db6"
  },
  "UserPlayerID": 167,
  "UserID": 167,
  "MPSID": 1
},
{
  "_id": {
    "$oid": "656d4c96a5ce939e3d699db7"
  },
  "UserPlayerID": 168,
  "UserID": 168,
  "MPSID": 2
},
{
  "_id": {
    "$oid": "656d4c96a5ce939e3d699db8"
  },
  "UserPlayerID": 169,
  "UserID": 169,
  "MPSID": 3
},
{
  "_id": {
    "$oid": "656d4c96a5ce939e3d699db9"
  },
  "UserPlayerID": 170,
  "UserID": 170,
  "MPSID": 4
},
{
  "_id": {
    "$oid": "656d4c96a5ce939e3d699dba"
  },
  "UserPlayerID": 171,
  "UserID": 171,
  "MPSID": 5
},
{
  "_id": {
    "$oid": "656d4c96a5ce939e3d699dbb"
  },
  "UserPlayerID": 172,
  "UserID": 172,
  "MPSID": 6
},
{
  "_id": {
    "$oid": "656d4c96a5ce939e3d699dbc"
  },
  "UserPlayerID": 173,
  "UserID": 173,
  "MPSID": 1
},
{
  "_id": {
    "$oid": "656d4c96a5ce939e3d699dbd"
  },
  "UserPlayerID": 174,
  "UserID": 174,
  "MPSID": 2
},
{
  "_id": {
    "$oid": "656d4c96a5ce939e3d699dbe"
  },
  "UserPlayerID": 175,
  "UserID": 175,
  "MPSID": 3
},
{
  "_id": {
    "$oid": "656d4c96a5ce939e3d699dbf"
  },
  "UserPlayerID": 176,
  "UserID": 176,
  "MPSID": 4
},
{
  "_id": {
    "$oid": "656d4c96a5ce939e3d699dc0"
  },
  "UserPlayerID": 177,
  "UserID": 177,
  "MPSID": 5
},
{
  "_id": {
    "$oid": "656d4c96a5ce939e3d699dc1"
  },
  "UserPlayerID": 178,
  "UserID": 178,
  "MPSID": 6
},
{
  "_id": {
    "$oid": "656d4c96a5ce939e3d699dc2"
  },
  "UserPlayerID": 179,
  "UserID": 179,
  "MPSID": 1
},
{
  "_id": {
    "$oid": "656d4c96a5ce939e3d699dc3"
  },
  "UserPlayerID": 180,
  "UserID": 180,
  "MPSID": 2
},
{
  "_id": {
    "$oid": "656d4c96a5ce939e3d699dc4"
  },
  "UserPlayerID": 181,
  "UserID": 181,
  "MPSID": 3
},
{
  "_id": {
    "$oid": "656d4c96a5ce939e3d699dc5"
  },
  "UserPlayerID": 182,
  "UserID": 182,
  "MPSID": 4
},
{
  "_id": {
    "$oid": "656d4c96a5ce939e3d699dc6"
  },
  "UserPlayerID": 183,
  "UserID": 183,
  "MPSID": 5
},
{
  "_id": {
    "$oid": "656d4c96a5ce939e3d699dc7"
  },
  "UserPlayerID": 184,
  "UserID": 184,
  "MPSID": 6
},
{
  "_id": {
    "$oid": "656d4c96a5ce939e3d699dc8"
  },
  "UserPlayerID": 185,
  "UserID": 185,
  "MPSID": 1
},
{
  "_id": {
    "$oid": "656d4c96a5ce939e3d699dc9"
  },
  "UserPlayerID": 186,
  "UserID": 186,
  "MPSID": 2
},
{
  "_id": {
    "$oid": "656d4c96a5ce939e3d699dca"
  },
  "UserPlayerID": 187,
  "UserID": 187,
  "MPSID": 3
},
{
  "_id": {
    "$oid": "656d4c96a5ce939e3d699dcb"
  },
  "UserPlayerID": 188,
  "UserID": 188,
  "MPSID": 4
},
{
  "_id": {
    "$oid": "656d4c96a5ce939e3d699dcc"
  },
  "UserPlayerID": 189,
  "UserID": 189,
  "MPSID": 5
},
{
  "_id": {
    "$oid": "656d4c96a5ce939e3d699dcd"
  },
  "UserPlayerID": 190,
  "UserID": 190,
  "MPSID": 6
},
{
  "_id": {
    "$oid": "656d4c96a5ce939e3d699dce"
  },
  "UserPlayerID": 191,
  "UserID": 191,
  "MPSID": 1
},
{
  "_id": {
    "$oid": "656d4c96a5ce939e3d699dcf"
  },
  "UserPlayerID": 192,
  "UserID": 192,
  "MPSID": 2
},
{
  "_id": {
    "$oid": "656d4c96a5ce939e3d699dd0"
  },
  "UserPlayerID": 193,
  "UserID": 193,
  "MPSID": 3
},
{
  "_id": {
    "$oid": "656d4c96a5ce939e3d699dd1"
  },
  "UserPlayerID": 194,
  "UserID": 194,
  "MPSID": 4
},
{
  "_id": {
    "$oid": "656d4c96a5ce939e3d699dd2"
  },
  "UserPlayerID": 195,
  "UserID": 195,
  "MPSID": 5
},
{
  "_id": {
    "$oid": "656d4c96a5ce939e3d699dd3"
  },
  "UserPlayerID": 196,
  "UserID": 196,
  "MPSID": 6
},
{
  "_id": {
    "$oid": "656d4c96a5ce939e3d699dd4"
  },
  "UserPlayerID": 197,
  "UserID": 197,
  "MPSID": 1
},
{
  "_id": {
    "$oid": "656d4c96a5ce939e3d699dd5"
  },
  "UserPlayerID": 198,
  "UserID": 198,
  "MPSID": 2
},
{
  "_id": {
    "$oid": "656d4c96a5ce939e3d699dd6"
  },
  "UserPlayerID": 199,
  "UserID": 199,
  "MPSID": 3
},
{
  "_id": {
    "$oid": "656d4c96a5ce939e3d699dd7"
  },
  "UserPlayerID": 200,
  "UserID": 200,
  "MPSID": 4
},
{
  "_id": {
    "$oid": "656d4c96a5ce939e3d699dd8"
  },
  "UserPlayerID": 201,
  "UserID": 201,
  "MPSID": 5
},
{
  "_id": {
    "$oid": "656d4c96a5ce939e3d699dd9"
  },
  "UserPlayerID": 202,
  "UserID": 202,
  "MPSID": 6
},
{
  "_id": {
    "$oid": "656d4c96a5ce939e3d699dda"
  },
  "UserPlayerID": 203,
  "UserID": 203,
  "MPSID": 1
},
{
  "_id": {
    "$oid": "656d4c96a5ce939e3d699ddb"
  },
  "UserPlayerID": 204,
  "UserID": 204,
  "MPSID": 2
},
{
  "_id": {
    "$oid": "656d4c96a5ce939e3d699ddc"
  },
  "UserPlayerID": 205,
  "UserID": 205,
  "MPSID": 3
},
{
  "_id": {
    "$oid": "656d4c96a5ce939e3d699ddd"
  },
  "UserPlayerID": 206,
  "UserID": 206,
  "MPSID": 4
},
{
  "_id": {
    "$oid": "656d4c96a5ce939e3d699dde"
  },
  "UserPlayerID": 207,
  "UserID": 207,
  "MPSID": 5
},
{
  "_id": {
    "$oid": "656d4c96a5ce939e3d699ddf"
  },
  "UserPlayerID": 208,
  "UserID": 208,
  "MPSID": 6
},
{
  "_id": {
    "$oid": "656d4c96a5ce939e3d699de0"
  },
  "UserPlayerID": 209,
  "UserID": 209,
  "MPSID": 1
},
{
  "_id": {
    "$oid": "656d4c96a5ce939e3d699de1"
  },
  "UserPlayerID": 210,
  "UserID": 210,
  "MPSID": 2
},
{
  "_id": {
    "$oid": "656d4c96a5ce939e3d699de2"
  },
  "UserPlayerID": 211,
  "UserID": 211,
  "MPSID": 3
},
{
  "_id": {
    "$oid": "656d4c96a5ce939e3d699de3"
  },
  "UserPlayerID": 212,
  "UserID": 212,
  "MPSID": 4
},
{
  "_id": {
    "$oid": "656d4c96a5ce939e3d699de4"
  },
  "UserPlayerID": 213,
  "UserID": 213,
  "MPSID": 5
},
{
  "_id": {
    "$oid": "656d4c96a5ce939e3d699de5"
  },
  "UserPlayerID": 214,
  "UserID": 214,
  "MPSID": 6
},
{
  "_id": {
    "$oid": "656d4c96a5ce939e3d699de6"
  },
  "UserPlayerID": 215,
  "UserID": 215,
  "MPSID": 1
},
{
  "_id": {
    "$oid": "656d4c96a5ce939e3d699de7"
  },
  "UserPlayerID": 216,
  "UserID": 216,
  "MPSID": 2
},
{
  "_id": {
    "$oid": "656d4c96a5ce939e3d699de8"
  },
  "UserPlayerID": 217,
  "UserID": 217,
  "MPSID": 3
},
{
  "_id": {
    "$oid": "656d4c96a5ce939e3d699de9"
  },
  "UserPlayerID": 218,
  "UserID": 218,
  "MPSID": 4
},
{
  "_id": {
    "$oid": "656d4c96a5ce939e3d699dea"
  },
  "UserPlayerID": 219,
  "UserID": 219,
  "MPSID": 5
},
{
  "_id": {
    "$oid": "656d4c96a5ce939e3d699deb"
  },
  "UserPlayerID": 220,
  "UserID": 220,
  "MPSID": 6
},
{
  "_id": {
    "$oid": "656d4c96a5ce939e3d699dec"
  },
  "UserPlayerID": 221,
  "UserID": 221,
  "MPSID": 1
},
{
  "_id": {
    "$oid": "656d4c96a5ce939e3d699ded"
  },
  "UserPlayerID": 222,
  "UserID": 222,
  "MPSID": 2
},
{
  "_id": {
    "$oid": "656d4c96a5ce939e3d699dee"
  },
  "UserPlayerID": 223,
  "UserID": 223,
  "MPSID": 3
},
{
  "_id": {
    "$oid": "656d4c96a5ce939e3d699def"
  },
  "UserPlayerID": 224,
  "UserID": 224,
  "MPSID": 4
},
{
  "_id": {
    "$oid": "656d4c96a5ce939e3d699df0"
  },
  "UserPlayerID": 225,
  "UserID": 225,
  "MPSID": 5
},
{
  "_id": {
    "$oid": "656d4c96a5ce939e3d699df1"
  },
  "UserPlayerID": 226,
  "UserID": 226,
  "MPSID": 6
},
{
  "_id": {
    "$oid": "656d4c96a5ce939e3d699df2"
  },
  "UserPlayerID": 227,
  "UserID": 227,
  "MPSID": 1
},
{
  "_id": {
    "$oid": "656d4c96a5ce939e3d699df3"
  },
  "UserPlayerID": 228,
  "UserID": 228,
  "MPSID": 2
},
{
  "_id": {
    "$oid": "656d4c96a5ce939e3d699df4"
  },
  "UserPlayerID": 229,
  "UserID": 229,
  "MPSID": 3
},
{
  "_id": {
    "$oid": "656d4c96a5ce939e3d699df5"
  },
  "UserPlayerID": 230,
  "UserID": 230,
  "MPSID": 4
},
{
  "_id": {
    "$oid": "656d4c96a5ce939e3d699df6"
  },
  "UserPlayerID": 231,
  "UserID": 231,
  "MPSID": 5
},
{
  "_id": {
    "$oid": "656d4c96a5ce939e3d699df7"
  },
  "UserPlayerID": 232,
  "UserID": 232,
  "MPSID": 6
},
{
  "_id": {
    "$oid": "656d4c96a5ce939e3d699df8"
  },
  "UserPlayerID": 233,
  "UserID": 233,
  "MPSID": 1
},
{
  "_id": {
    "$oid": "656d4c96a5ce939e3d699df9"
  },
  "UserPlayerID": 234,
  "UserID": 234,
  "MPSID": 2
},
{
  "_id": {
    "$oid": "656d4c96a5ce939e3d699dfa"
  },
  "UserPlayerID": 235,
  "UserID": 235,
  "MPSID": 3
},
{
  "_id": {
    "$oid": "656d4c96a5ce939e3d699dfb"
  },
  "UserPlayerID": 236,
  "UserID": 236,
  "MPSID": 4
},
{
  "_id": {
    "$oid": "656d4c96a5ce939e3d699dfc"
  },
  "UserPlayerID": 237,
  "UserID": 237,
  "MPSID": 5
},
{
  "_id": {
    "$oid": "656d4c96a5ce939e3d699dfd"
  },
  "UserPlayerID": 238,
  "UserID": 238,
  "MPSID": 6
},
{
  "_id": {
    "$oid": "656d4c96a5ce939e3d699dfe"
  },
  "UserPlayerID": 239,
  "UserID": 239,
  "MPSID": 1
},
{
  "_id": {
    "$oid": "656d4c96a5ce939e3d699dff"
  },
  "UserPlayerID": 240,
  "UserID": 240,
  "MPSID": 2
},
{
  "_id": {
    "$oid": "656d4c96a5ce939e3d699e00"
  },
  "UserPlayerID": 241,
  "UserID": 241,
  "MPSID": 3
},
{
  "_id": {
    "$oid": "656d4c96a5ce939e3d699e01"
  },
  "UserPlayerID": 242,
  "UserID": 242,
  "MPSID": 4
},
{
  "_id": {
    "$oid": "656d4c96a5ce939e3d699e02"
  },
  "UserPlayerID": 243,
  "UserID": 243,
  "MPSID": 5
},
{
  "_id": {
    "$oid": "656d4c96a5ce939e3d699e03"
  },
  "UserPlayerID": 244,
  "UserID": 244,
  "MPSID": 6
},
{
  "_id": {
    "$oid": "656d4c96a5ce939e3d699e04"
  },
  "UserPlayerID": 245,
  "UserID": 245,
  "MPSID": 1
},
{
  "_id": {
    "$oid": "656d4c96a5ce939e3d699e05"
  },
  "UserPlayerID": 246,
  "UserID": 246,
  "MPSID": 2
},
{
  "_id": {
    "$oid": "656d4c96a5ce939e3d699e06"
  },
  "UserPlayerID": 247,
  "UserID": 247,
  "MPSID": 3
},
{
  "_id": {
    "$oid": "656d4c96a5ce939e3d699e07"
  },
  "UserPlayerID": 248,
  "UserID": 248,
  "MPSID": 4
},
{
  "_id": {
    "$oid": "656d4c96a5ce939e3d699e08"
  },
  "UserPlayerID": 249,
  "UserID": 249,
  "MPSID": 5
},
{
  "_id": {
    "$oid": "656d4c96a5ce939e3d699e09"
  },
  "UserPlayerID": 250,
  "UserID": 250,
  "MPSID": 6
},
{
  "_id": {
    "$oid": "656d4c96a5ce939e3d699e0a"
  },
  "UserPlayerID": 251,
  "UserID": 251,
  "MPSID": 3
},
{
  "_id": {
    "$oid": "656d4c96a5ce939e3d699e0b"
  },
  "UserPlayerID": 252,
  "UserID": 252,
  "MPSID": 4
},
{
  "_id": {
    "$oid": "656d4c96a5ce939e3d699e0c"
  },
  "UserPlayerID": 253,
  "UserID": 253,
  "MPSID": 5
},
{
  "_id": {
    "$oid": "656d4c96a5ce939e3d699e0d"
  },
  "UserPlayerID": 254,
  "UserID": 254,
  "MPSID": 6
},
{
  "_id": {
    "$oid": "656d4c96a5ce939e3d699e0e"
  },
  "UserPlayerID": 255,
  "UserID": 255,
  "MPSID": 1
},
{
  "_id": {
    "$oid": "656d4c96a5ce939e3d699e0f"
  },
  "UserPlayerID": 256,
  "UserID": 256,
  "MPSID": 2
},
{
  "_id": {
    "$oid": "656d4c96a5ce939e3d699e10"
  },
  "UserPlayerID": 257,
  "UserID": 257,
  "MPSID": 3
},
{
  "_id": {
    "$oid": "656d4c96a5ce939e3d699e11"
  },
  "UserPlayerID": 258,
  "UserID": 258,
  "MPSID": 4
},
{
  "_id": {
    "$oid": "656d4c96a5ce939e3d699e12"
  },
  "UserPlayerID": 259,
  "UserID": 259,
  "MPSID": 5
},
{
  "_id": {
    "$oid": "656d4c96a5ce939e3d699e13"
  },
  "UserPlayerID": 260,
  "UserID": 260,
  "MPSID": 6
},
{
  "_id": {
    "$oid": "656d4c96a5ce939e3d699e14"
  },
  "UserPlayerID": 261,
  "UserID": 261,
  "MPSID": 1
},
{
  "_id": {
    "$oid": "656d4c96a5ce939e3d699e15"
  },
  "UserPlayerID": 262,
  "UserID": 262,
  "MPSID": 2
},
{
  "_id": {
    "$oid": "656d4c96a5ce939e3d699e16"
  },
  "UserPlayerID": 263,
  "UserID": 263,
  "MPSID": 3
},
{
  "_id": {
    "$oid": "656d4c96a5ce939e3d699e17"
  },
  "UserPlayerID": 264,
  "UserID": 264,
  "MPSID": 4
},
{
  "_id": {
    "$oid": "656d4c96a5ce939e3d699e18"
  },
  "UserPlayerID": 265,
  "UserID": 265,
  "MPSID": 5
},
{
  "_id": {
    "$oid": "656d4c96a5ce939e3d699e19"
  },
  "UserPlayerID": 266,
  "UserID": 266,
  "MPSID": 6
},
{
  "_id": {
    "$oid": "656d4c96a5ce939e3d699e1a"
  },
  "UserPlayerID": 267,
  "UserID": 267,
  "MPSID": 1
},
{
  "_id": {
    "$oid": "656d4c96a5ce939e3d699e1b"
  },
  "UserPlayerID": 268,
  "UserID": 268,
  "MPSID": 2
},
{
  "_id": {
    "$oid": "656d4c96a5ce939e3d699e1c"
  },
  "UserPlayerID": 269,
  "UserID": 269,
  "MPSID": 3
},
{
  "_id": {
    "$oid": "656d4c96a5ce939e3d699e1d"
  },
  "UserPlayerID": 270,
  "UserID": 270,
  "MPSID": 4
},
{
  "_id": {
    "$oid": "656d4c96a5ce939e3d699e1e"
  },
  "UserPlayerID": 271,
  "UserID": 271,
  "MPSID": 5
},
{
  "_id": {
    "$oid": "656d4c96a5ce939e3d699e1f"
  },
  "UserPlayerID": 272,
  "UserID": 272,
  "MPSID": 6
},
{
  "_id": {
    "$oid": "656d4c96a5ce939e3d699e20"
  },
  "UserPlayerID": 273,
  "UserID": 273,
  "MPSID": 1
},
{
  "_id": {
    "$oid": "656d4c96a5ce939e3d699e21"
  },
  "UserPlayerID": 274,
  "UserID": 274,
  "MPSID": 2
},
{
  "_id": {
    "$oid": "656d4c96a5ce939e3d699e22"
  },
  "UserPlayerID": 275,
  "UserID": 275,
  "MPSID": 3
},
{
  "_id": {
    "$oid": "656d4c96a5ce939e3d699e23"
  },
  "UserPlayerID": 276,
  "UserID": 276,
  "MPSID": 4
},
{
  "_id": {
    "$oid": "656d4c96a5ce939e3d699e24"
  },
  "UserPlayerID": 277,
  "UserID": 277,
  "MPSID": 5
},
{
  "_id": {
    "$oid": "656d4c96a5ce939e3d699e25"
  },
  "UserPlayerID": 278,
  "UserID": 278,
  "MPSID": 6
},
{
  "_id": {
    "$oid": "656d4c96a5ce939e3d699e26"
  },
  "UserPlayerID": 279,
  "UserID": 279,
  "MPSID": 1
},
{
  "_id": {
    "$oid": "656d4c96a5ce939e3d699e27"
  },
  "UserPlayerID": 280,
  "UserID": 280,
  "MPSID": 2
},
{
  "_id": {
    "$oid": "656d4c96a5ce939e3d699e28"
  },
  "UserPlayerID": 281,
  "UserID": 281,
  "MPSID": 3
},
{
  "_id": {
    "$oid": "656d4c96a5ce939e3d699e29"
  },
  "UserPlayerID": 282,
  "UserID": 282,
  "MPSID": 4
},
{
  "_id": {
    "$oid": "656d4c96a5ce939e3d699e2a"
  },
  "UserPlayerID": 283,
  "UserID": 283,
  "MPSID": 5
},
{
  "_id": {
    "$oid": "656d4c96a5ce939e3d699e2b"
  },
  "UserPlayerID": 284,
  "UserID": 284,
  "MPSID": 6
},
{
  "_id": {
    "$oid": "656d4c96a5ce939e3d699e2c"
  },
  "UserPlayerID": 285,
  "UserID": 285,
  "MPSID": 1
},
{
  "_id": {
    "$oid": "656d4c96a5ce939e3d699e2d"
  },
  "UserPlayerID": 286,
  "UserID": 286,
  "MPSID": 2
},
{
  "_id": {
    "$oid": "656d4c96a5ce939e3d699e2e"
  },
  "UserPlayerID": 287,
  "UserID": 287,
  "MPSID": 3
},
{
  "_id": {
    "$oid": "656d4c96a5ce939e3d699e2f"
  },
  "UserPlayerID": 288,
  "UserID": 288,
  "MPSID": 4
},
{
  "_id": {
    "$oid": "656d4c96a5ce939e3d699e30"
  },
  "UserPlayerID": 289,
  "UserID": 289,
  "MPSID": 5
},
{
  "_id": {
    "$oid": "656d4c96a5ce939e3d699e31"
  },
  "UserPlayerID": 290,
  "UserID": 290,
  "MPSID": 6
},
{
  "_id": {
    "$oid": "656d4c96a5ce939e3d699e32"
  },
  "UserPlayerID": 291,
  "UserID": 291,
  "MPSID": 1
},
{
  "_id": {
    "$oid": "656d4c96a5ce939e3d699e33"
  },
  "UserPlayerID": 292,
  "UserID": 292,
  "MPSID": 2
},
{
  "_id": {
    "$oid": "656d4c96a5ce939e3d699e34"
  },
  "UserPlayerID": 293,
  "UserID": 293,
  "MPSID": 3
},
{
  "_id": {
    "$oid": "656d4c96a5ce939e3d699e35"
  },
  "UserPlayerID": 294,
  "UserID": 294,
  "MPSID": 4
},
{
  "_id": {
    "$oid": "656d4c96a5ce939e3d699e36"
  },
  "UserPlayerID": 295,
  "UserID": 295,
  "MPSID": 5
},
{
  "_id": {
    "$oid": "656d4c96a5ce939e3d699e37"
  },
  "UserPlayerID": 296,
  "UserID": 296,
  "MPSID": 6
},
{
  "_id": {
    "$oid": "656d4c96a5ce939e3d699e38"
  },
  "UserPlayerID": 297,
  "UserID": 297,
  "MPSID": 1
},
{
  "_id": {
    "$oid": "656d4c96a5ce939e3d699e39"
  },
  "UserPlayerID": 298,
  "UserID": 298,
  "MPSID": 2
},
{
  "_id": {
    "$oid": "656d4c96a5ce939e3d699e3a"
  },
  "UserPlayerID": 299,
  "UserID": 299,
  "MPSID": 3
},
{
  "_id": {
    "$oid": "656d4c96a5ce939e3d699e3b"
  },
  "UserPlayerID": 300,
  "UserID": 300,
  "MPSID": 4
},
{
  "_id": {
    "$oid": "656d4c96a5ce939e3d699e3c"
  },
  "UserPlayerID": 301,
  "UserID": 301,
  "MPSID": 5
},
{
  "_id": {
    "$oid": "656d4c96a5ce939e3d699e3d"
  },
  "UserPlayerID": 302,
  "UserID": 302,
  "MPSID": 6
},
{
  "_id": {
    "$oid": "656d4c96a5ce939e3d699e3e"
  },
  "UserPlayerID": 303,
  "UserID": 303,
  "MPSID": 1
},
{
  "_id": {
    "$oid": "656d4c96a5ce939e3d699e3f"
  },
  "UserPlayerID": 304,
  "UserID": 304,
  "MPSID": 2
},
{
  "_id": {
    "$oid": "656d4c96a5ce939e3d699e40"
  },
  "UserPlayerID": 305,
  "UserID": 305,
  "MPSID": 3
},
{
  "_id": {
    "$oid": "656d4c96a5ce939e3d699e41"
  },
  "UserPlayerID": 306,
  "UserID": 306,
  "MPSID": 4
},
{
  "_id": {
    "$oid": "656d4c96a5ce939e3d699e42"
  },
  "UserPlayerID": 307,
  "UserID": 307,
  "MPSID": 5
},
{
  "_id": {
    "$oid": "656d4c96a5ce939e3d699e43"
  },
  "UserPlayerID": 308,
  "UserID": 308,
  "MPSID": 6
},
{
  "_id": {
    "$oid": "656d4c96a5ce939e3d699e44"
  },
  "UserPlayerID": 309,
  "UserID": 309,
  "MPSID": 1
},
{
  "_id": {
    "$oid": "656d4c96a5ce939e3d699e45"
  },
  "UserPlayerID": 310,
  "UserID": 310,
  "MPSID": 2
},
{
  "_id": {
    "$oid": "656d4c96a5ce939e3d699e46"
  },
  "UserPlayerID": 311,
  "UserID": 311,
  "MPSID": 3
},
{
  "_id": {
    "$oid": "656d4c96a5ce939e3d699e47"
  },
  "UserPlayerID": 312,
  "UserID": 312,
  "MPSID": 4
},
{
  "_id": {
    "$oid": "656d4c96a5ce939e3d699e48"
  },
  "UserPlayerID": 313,
  "UserID": 313,
  "MPSID": 5
},
{
  "_id": {
    "$oid": "656d4c96a5ce939e3d699e49"
  },
  "UserPlayerID": 314,
  "UserID": 314,
  "MPSID": 6
},
{
  "_id": {
    "$oid": "656d4c96a5ce939e3d699e4a"
  },
  "UserPlayerID": 315,
  "UserID": 315,
  "MPSID": 1
},
{
  "_id": {
    "$oid": "656d4c96a5ce939e3d699e4b"
  },
  "UserPlayerID": 316,
  "UserID": 316,
  "MPSID": 2
},
{
  "_id": {
    "$oid": "656d4c96a5ce939e3d699e4c"
  },
  "UserPlayerID": 317,
  "UserID": 317,
  "MPSID": 3
},
{
  "_id": {
    "$oid": "656d4c96a5ce939e3d699e4d"
  },
  "UserPlayerID": 318,
  "UserID": 318,
  "MPSID": 4
},
{
  "_id": {
    "$oid": "656d4c96a5ce939e3d699e4e"
  },
  "UserPlayerID": 319,
  "UserID": 319,
  "MPSID": 5
},
{
  "_id": {
    "$oid": "656d4c96a5ce939e3d699e4f"
  },
  "UserPlayerID": 320,
  "UserID": 320,
  "MPSID": 6
},
{
  "_id": {
    "$oid": "656d4c96a5ce939e3d699e50"
  },
  "UserPlayerID": 321,
  "UserID": 321,
  "MPSID": 1
},
{
  "_id": {
    "$oid": "656d4c96a5ce939e3d699e51"
  },
  "UserPlayerID": 322,
  "UserID": 322,
  "MPSID": 2
},
{
  "_id": {
    "$oid": "656d4c96a5ce939e3d699e52"
  },
  "UserPlayerID": 323,
  "UserID": 323,
  "MPSID": 3
},
{
  "_id": {
    "$oid": "656d4c96a5ce939e3d699e53"
  },
  "UserPlayerID": 324,
  "UserID": 324,
  "MPSID": 4
},
{
  "_id": {
    "$oid": "656d4c96a5ce939e3d699e54"
  },
  "UserPlayerID": 325,
  "UserID": 325,
  "MPSID": 5
},
{
  "_id": {
    "$oid": "656d4c96a5ce939e3d699e55"
  },
  "UserPlayerID": 326,
  "UserID": 326,
  "MPSID": 6
},
{
  "_id": {
    "$oid": "656d4c96a5ce939e3d699e56"
  },
  "UserPlayerID": 327,
  "UserID": 327,
  "MPSID": 1
},
{
  "_id": {
    "$oid": "656d4c96a5ce939e3d699e57"
  },
  "UserPlayerID": 328,
  "UserID": 328,
  "MPSID": 2
},
{
  "_id": {
    "$oid": "656d4c96a5ce939e3d699e58"
  },
  "UserPlayerID": 329,
  "UserID": 329,
  "MPSID": 3
},
{
  "_id": {
    "$oid": "656d4c96a5ce939e3d699e59"
  },
  "UserPlayerID": 330,
  "UserID": 330,
  "MPSID": 4
},
{
  "_id": {
    "$oid": "656d4c96a5ce939e3d699e5a"
  },
  "UserPlayerID": 331,
  "UserID": 331,
  "MPSID": 5
},
{
  "_id": {
    "$oid": "656d4c96a5ce939e3d699e5b"
  },
  "UserPlayerID": 332,
  "UserID": 332,
  "MPSID": 6
},
{
  "_id": {
    "$oid": "656d4c96a5ce939e3d699e5c"
  },
  "UserPlayerID": 333,
  "UserID": 333,
  "MPSID": 1
},
{
  "_id": {
    "$oid": "656d4c96a5ce939e3d699e5d"
  },
  "UserPlayerID": 334,
  "UserID": 334,
  "MPSID": 2
},
{
  "_id": {
    "$oid": "656d4c96a5ce939e3d699e5e"
  },
  "UserPlayerID": 335,
  "UserID": 335,
  "MPSID": 3
},
{
  "_id": {
    "$oid": "656d4c96a5ce939e3d699e5f"
  },
  "UserPlayerID": 336,
  "UserID": 336,
  "MPSID": 4
},
{
  "_id": {
    "$oid": "656d4c96a5ce939e3d699e60"
  },
  "UserPlayerID": 337,
  "UserID": 337,
  "MPSID": 5
},
{
  "_id": {
    "$oid": "656d4c96a5ce939e3d699e61"
  },
  "UserPlayerID": 338,
  "UserID": 338,
  "MPSID": 6
},
{
  "_id": {
    "$oid": "656d4c96a5ce939e3d699e62"
  },
  "UserPlayerID": 339,
  "UserID": 339,
  "MPSID": 1
},
{
  "_id": {
    "$oid": "656d4c96a5ce939e3d699e63"
  },
  "UserPlayerID": 340,
  "UserID": 340,
  "MPSID": 2
},
{
  "_id": {
    "$oid": "656d4c96a5ce939e3d699e64"
  },
  "UserPlayerID": 341,
  "UserID": 341,
  "MPSID": 3
},
{
  "_id": {
    "$oid": "656d4c96a5ce939e3d699e65"
  },
  "UserPlayerID": 342,
  "UserID": 342,
  "MPSID": 4
},
{
  "_id": {
    "$oid": "656d4c96a5ce939e3d699e66"
  },
  "UserPlayerID": 343,
  "UserID": 343,
  "MPSID": 5
},
{
  "_id": {
    "$oid": "656d4c96a5ce939e3d699e67"
  },
  "UserPlayerID": 344,
  "UserID": 344,
  "MPSID": 6
},
{
  "_id": {
    "$oid": "656d4c96a5ce939e3d699e68"
  },
  "UserPlayerID": 345,
  "UserID": 345,
  "MPSID": 1
},
{
  "_id": {
    "$oid": "656d4c96a5ce939e3d699e69"
  },
  "UserPlayerID": 346,
  "UserID": 346,
  "MPSID": 2
},
{
  "_id": {
    "$oid": "656d4c96a5ce939e3d699e6a"
  },
  "UserPlayerID": 347,
  "UserID": 347,
  "MPSID": 3
},
{
  "_id": {
    "$oid": "656d4c96a5ce939e3d699e6b"
  },
  "UserPlayerID": 348,
  "UserID": 348,
  "MPSID": 4
},
{
  "_id": {
    "$oid": "656d4c96a5ce939e3d699e6c"
  },
  "UserPlayerID": 349,
  "UserID": 349,
  "MPSID": 5
},
{
  "_id": {
    "$oid": "656d4c96a5ce939e3d699e6d"
  },
  "UserPlayerID": 350,
  "UserID": 350,
  "MPSID": 6
},
{
  "_id": {
    "$oid": "656d4c96a5ce939e3d699e6e"
  },
  "UserPlayerID": 351,
  "UserID": 351,
  "MPSID": 1
},
{
  "_id": {
    "$oid": "656d4c96a5ce939e3d699e6f"
  },
  "UserPlayerID": 352,
  "UserID": 352,
  "MPSID": 2
},
{
  "_id": {
    "$oid": "656d4c96a5ce939e3d699e70"
  },
  "UserPlayerID": 353,
  "UserID": 353,
  "MPSID": 3
},
{
  "_id": {
    "$oid": "656d4c96a5ce939e3d699e71"
  },
  "UserPlayerID": 354,
  "UserID": 354,
  "MPSID": 4
},
{
  "_id": {
    "$oid": "656d4c96a5ce939e3d699e72"
  },
  "UserPlayerID": 355,
  "UserID": 355,
  "MPSID": 5
},
{
  "_id": {
    "$oid": "656d4c96a5ce939e3d699e73"
  },
  "UserPlayerID": 356,
  "UserID": 356,
  "MPSID": 6
},
{
  "_id": {
    "$oid": "656d4c96a5ce939e3d699e74"
  },
  "UserPlayerID": 357,
  "UserID": 357,
  "MPSID": 1
},
{
  "_id": {
    "$oid": "656d4c96a5ce939e3d699e75"
  },
  "UserPlayerID": 358,
  "UserID": 358,
  "MPSID": 2
},
{
  "_id": {
    "$oid": "656d4c96a5ce939e3d699e76"
  },
  "UserPlayerID": 359,
  "UserID": 359,
  "MPSID": 3
},
{
  "_id": {
    "$oid": "656d4c96a5ce939e3d699e77"
  },
  "UserPlayerID": 360,
  "UserID": 360,
  "MPSID": 4
},
{
  "_id": {
    "$oid": "656d4c96a5ce939e3d699e78"
  },
  "UserPlayerID": 361,
  "UserID": 361,
  "MPSID": 5
},
{
  "_id": {
    "$oid": "656d4c96a5ce939e3d699e79"
  },
  "UserPlayerID": 362,
  "UserID": 362,
  "MPSID": 6
},
{
  "_id": {
    "$oid": "656d4c96a5ce939e3d699e7a"
  },
  "UserPlayerID": 363,
  "UserID": 363,
  "MPSID": 1
}]