[{
  "_id": {
    "$oid": "656d48eca5ce939e3d699466"
  },
  "PlaylistID": 39,
  "UserID": 11
},
{
  "_id": {
    "$oid": "656d48eca5ce939e3d699467"
  },
  "PlaylistID": 89,
  "UserID": 11
},
{
  "_id": {
    "$oid": "656d48eca5ce939e3d699468"
  },
  "PlaylistID": 139,
  "UserID": 11
},
{
  "_id": {
    "$oid": "656d48eca5ce939e3d699469"
  },
  "PlaylistID": 189,
  "UserID": 11
},
{
  "_id": {
    "$oid": "656d48eca5ce939e3d69946a"
  },
  "PlaylistID": 289,
  "UserID": 11
},
{
  "_id": {
    "$oid": "656d48eca5ce939e3d69946b"
  },
  "PlaylistID": 339,
  "UserID": 11
},
{
  "_id": {
    "$oid": "656d48eca5ce939e3d69946c"
  },
  "PlaylistID": 389,
  "UserID": 11
},
{
  "_id": {
    "$oid": "656d48eca5ce939e3d69946d"
  },
  "PlaylistID": 439,
  "UserID": 11
},
{
  "_id": {
    "$oid": "656d48eca5ce939e3d69946e"
  },
  "PlaylistID": 489,
  "UserID": 11
},
{
  "_id": {
    "$oid": "656d48eca5ce939e3d69946f"
  },
  "PlaylistID": 36,
  "UserID": 14
},
{
  "_id": {
    "$oid": "656d48eca5ce939e3d699470"
  },
  "PlaylistID": 86,
  "UserID": 14
},
{
  "_id": {
    "$oid": "656d48eca5ce939e3d699471"
  },
  "PlaylistID": 136,
  "UserID": 14
},
{
  "_id": {
    "$oid": "656d48eca5ce939e3d699472"
  },
  "PlaylistID": 186,
  "UserID": 14
},
{
  "_id": {
    "$oid": "656d48eca5ce939e3d699473"
  },
  "PlaylistID": 286,
  "UserID": 14
},
{
  "_id": {
    "$oid": "656d48eca5ce939e3d699474"
  },
  "PlaylistID": 336,
  "UserID": 14
},
{
  "_id": {
    "$oid": "656d48eca5ce939e3d699475"
  },
  "PlaylistID": 386,
  "UserID": 14
},
{
  "_id": {
    "$oid": "656d48eca5ce939e3d699476"
  },
  "PlaylistID": 436,
  "UserID": 14
},
{
  "_id": {
    "$oid": "656d48eca5ce939e3d699477"
  },
  "PlaylistID": 486,
  "UserID": 14
},
{
  "_id": {
    "$oid": "656d48eca5ce939e3d699478"
  },
  "PlaylistID": 20,
  "UserID": 16
},
{
  "_id": {
    "$oid": "656d48eca5ce939e3d699479"
  },
  "PlaylistID": 70,
  "UserID": 16
},
{
  "_id": {
    "$oid": "656d48eca5ce939e3d69947a"
  },
  "PlaylistID": 120,
  "UserID": 16
},
{
  "_id": {
    "$oid": "656d48eca5ce939e3d69947b"
  },
  "PlaylistID": 170,
  "UserID": 16
},
{
  "_id": {
    "$oid": "656d48eca5ce939e3d69947c"
  },
  "PlaylistID": 270,
  "UserID": 16
},
{
  "_id": {
    "$oid": "656d48eca5ce939e3d69947d"
  },
  "PlaylistID": 320,
  "UserID": 16
},
{
  "_id": {
    "$oid": "656d48eca5ce939e3d69947e"
  },
  "PlaylistID": 370,
  "UserID": 16
},
{
  "_id": {
    "$oid": "656d48eca5ce939e3d69947f"
  },
  "PlaylistID": 420,
  "UserID": 16
},
{
  "_id": {
    "$oid": "656d48eca5ce939e3d699480"
  },
  "PlaylistID": 470,
  "UserID": 16
},
{
  "_id": {
    "$oid": "656d48eca5ce939e3d699481"
  },
  "PlaylistID": 28,
  "UserID": 27
},
{
  "_id": {
    "$oid": "656d48eca5ce939e3d699482"
  },
  "PlaylistID": 78,
  "UserID": 27
},
{
  "_id": {
    "$oid": "656d48eca5ce939e3d699483"
  },
  "PlaylistID": 128,
  "UserID": 27
},
{
  "_id": {
    "$oid": "656d48eca5ce939e3d699484"
  },
  "PlaylistID": 178,
  "UserID": 27
},
{
  "_id": {
    "$oid": "656d48eca5ce939e3d699485"
  },
  "PlaylistID": 278,
  "UserID": 27
},
{
  "_id": {
    "$oid": "656d48eca5ce939e3d699486"
  },
  "PlaylistID": 328,
  "UserID": 27
},
{
  "_id": {
    "$oid": "656d48eca5ce939e3d699487"
  },
  "PlaylistID": 378,
  "UserID": 27
},
{
  "_id": {
    "$oid": "656d48eca5ce939e3d699488"
  },
  "PlaylistID": 428,
  "UserID": 27
},
{
  "_id": {
    "$oid": "656d48eca5ce939e3d699489"
  },
  "PlaylistID": 478,
  "UserID": 27
},
{
  "_id": {
    "$oid": "656d48eca5ce939e3d69948a"
  },
  "PlaylistID": 47,
  "UserID": 35
},
{
  "_id": {
    "$oid": "656d48eca5ce939e3d69948b"
  },
  "PlaylistID": 97,
  "UserID": 35
},
{
  "_id": {
    "$oid": "656d48eca5ce939e3d69948c"
  },
  "PlaylistID": 147,
  "UserID": 35
},
{
  "_id": {
    "$oid": "656d48eca5ce939e3d69948d"
  },
  "PlaylistID": 197,
  "UserID": 35
},
{
  "_id": {
    "$oid": "656d48eca5ce939e3d69948e"
  },
  "PlaylistID": 297,
  "UserID": 35
},
{
  "_id": {
    "$oid": "656d48eca5ce939e3d69948f"
  },
  "PlaylistID": 347,
  "UserID": 35
},
{
  "_id": {
    "$oid": "656d48eca5ce939e3d699490"
  },
  "PlaylistID": 397,
  "UserID": 35
},
{
  "_id": {
    "$oid": "656d48eca5ce939e3d699491"
  },
  "PlaylistID": 447,
  "UserID": 35
},
{
  "_id": {
    "$oid": "656d48eca5ce939e3d699492"
  },
  "PlaylistID": 497,
  "UserID": 35
},
{
  "_id": {
    "$oid": "656d48eca5ce939e3d699493"
  },
  "PlaylistID": 12,
  "UserID": 44
},
{
  "_id": {
    "$oid": "656d48eca5ce939e3d699494"
  },
  "PlaylistID": 62,
  "UserID": 44
},
{
  "_id": {
    "$oid": "656d48eca5ce939e3d699495"
  },
  "PlaylistID": 112,
  "UserID": 44
},
{
  "_id": {
    "$oid": "656d48eca5ce939e3d699496"
  },
  "PlaylistID": 162,
  "UserID": 44
},
{
  "_id": {
    "$oid": "656d48eca5ce939e3d699497"
  },
  "PlaylistID": 262,
  "UserID": 44
},
{
  "_id": {
    "$oid": "656d48eca5ce939e3d699498"
  },
  "PlaylistID": 312,
  "UserID": 44
},
{
  "_id": {
    "$oid": "656d48eca5ce939e3d699499"
  },
  "PlaylistID": 362,
  "UserID": 44
},
{
  "_id": {
    "$oid": "656d48eca5ce939e3d69949a"
  },
  "PlaylistID": 412,
  "UserID": 44
},
{
  "_id": {
    "$oid": "656d48eca5ce939e3d69949b"
  },
  "PlaylistID": 462,
  "UserID": 44
},
{
  "_id": {
    "$oid": "656d48eca5ce939e3d69949c"
  },
  "PlaylistID": 1,
  "UserID": 47
},
{
  "_id": {
    "$oid": "656d48eca5ce939e3d69949d"
  },
  "PlaylistID": 51,
  "UserID": 47
},
{
  "_id": {
    "$oid": "656d48eca5ce939e3d69949e"
  },
  "PlaylistID": 101,
  "UserID": 47
},
{
  "_id": {
    "$oid": "656d48eca5ce939e3d69949f"
  },
  "PlaylistID": 151,
  "UserID": 47
},
{
  "_id": {
    "$oid": "656d48eca5ce939e3d6994a0"
  },
  "PlaylistID": 251,
  "UserID": 47
},
{
  "_id": {
    "$oid": "656d48eca5ce939e3d6994a1"
  },
  "PlaylistID": 301,
  "UserID": 47
},
{
  "_id": {
    "$oid": "656d48eca5ce939e3d6994a2"
  },
  "PlaylistID": 351,
  "UserID": 47
},
{
  "_id": {
    "$oid": "656d48eca5ce939e3d6994a3"
  },
  "PlaylistID": 401,
  "UserID": 47
},
{
  "_id": {
    "$oid": "656d48eca5ce939e3d6994a4"
  },
  "PlaylistID": 451,
  "UserID": 47
},
{
  "_id": {
    "$oid": "656d48eca5ce939e3d6994a5"
  },
  "PlaylistID": 33,
  "UserID": 52
},
{
  "_id": {
    "$oid": "656d48eca5ce939e3d6994a6"
  },
  "PlaylistID": 83,
  "UserID": 52
},
{
  "_id": {
    "$oid": "656d48eca5ce939e3d6994a7"
  },
  "PlaylistID": 133,
  "UserID": 52
},
{
  "_id": {
    "$oid": "656d48eca5ce939e3d6994a8"
  },
  "PlaylistID": 183,
  "UserID": 52
},
{
  "_id": {
    "$oid": "656d48eca5ce939e3d6994a9"
  },
  "PlaylistID": 283,
  "UserID": 52
},
{
  "_id": {
    "$oid": "656d48eca5ce939e3d6994aa"
  },
  "PlaylistID": 333,
  "UserID": 52
},
{
  "_id": {
    "$oid": "656d48eca5ce939e3d6994ab"
  },
  "PlaylistID": 383,
  "UserID": 52
},
{
  "_id": {
    "$oid": "656d48eca5ce939e3d6994ac"
  },
  "PlaylistID": 433,
  "UserID": 52
},
{
  "_id": {
    "$oid": "656d48eca5ce939e3d6994ad"
  },
  "PlaylistID": 483,
  "UserID": 52
},
{
  "_id": {
    "$oid": "656d48eca5ce939e3d6994ae"
  },
  "PlaylistID": 7,
  "UserID": 56
},
{
  "_id": {
    "$oid": "656d48eca5ce939e3d6994af"
  },
  "PlaylistID": 57,
  "UserID": 56
},
{
  "_id": {
    "$oid": "656d48eca5ce939e3d6994b0"
  },
  "PlaylistID": 107,
  "UserID": 56
},
{
  "_id": {
    "$oid": "656d48eca5ce939e3d6994b1"
  },
  "PlaylistID": 157,
  "UserID": 56
},
{
  "_id": {
    "$oid": "656d48eca5ce939e3d6994b2"
  },
  "PlaylistID": 257,
  "UserID": 56
},
{
  "_id": {
    "$oid": "656d48eca5ce939e3d6994b3"
  },
  "PlaylistID": 307,
  "UserID": 56
},
{
  "_id": {
    "$oid": "656d48eca5ce939e3d6994b4"
  },
  "PlaylistID": 357,
  "UserID": 56
},
{
  "_id": {
    "$oid": "656d48eca5ce939e3d6994b5"
  },
  "PlaylistID": 407,
  "UserID": 56
},
{
  "_id": {
    "$oid": "656d48eca5ce939e3d6994b6"
  },
  "PlaylistID": 457,
  "UserID": 56
},
{
  "_id": {
    "$oid": "656d48eca5ce939e3d6994b7"
  },
  "PlaylistID": 18,
  "UserID": 75
},
{
  "_id": {
    "$oid": "656d48eca5ce939e3d6994b8"
  },
  "PlaylistID": 68,
  "UserID": 75
},
{
  "_id": {
    "$oid": "656d48eca5ce939e3d6994b9"
  },
  "PlaylistID": 118,
  "UserID": 75
},
{
  "_id": {
    "$oid": "656d48eca5ce939e3d6994ba"
  },
  "PlaylistID": 168,
  "UserID": 75
},
{
  "_id": {
    "$oid": "656d48eca5ce939e3d6994bb"
  },
  "PlaylistID": 268,
  "UserID": 75
},
{
  "_id": {
    "$oid": "656d48eca5ce939e3d6994bc"
  },
  "PlaylistID": 318,
  "UserID": 75
},
{
  "_id": {
    "$oid": "656d48eca5ce939e3d6994bd"
  },
  "PlaylistID": 368,
  "UserID": 75
},
{
  "_id": {
    "$oid": "656d48eca5ce939e3d6994be"
  },
  "PlaylistID": 418,
  "UserID": 75
},
{
  "_id": {
    "$oid": "656d48eca5ce939e3d6994bf"
  },
  "PlaylistID": 468,
  "UserID": 75
},
{
  "_id": {
    "$oid": "656d48eca5ce939e3d6994c0"
  },
  "PlaylistID": 32,
  "UserID": 80
},
{
  "_id": {
    "$oid": "656d48eca5ce939e3d6994c1"
  },
  "PlaylistID": 82,
  "UserID": 80
},
{
  "_id": {
    "$oid": "656d48eca5ce939e3d6994c2"
  },
  "PlaylistID": 132,
  "UserID": 80
},
{
  "_id": {
    "$oid": "656d48eca5ce939e3d6994c3"
  },
  "PlaylistID": 182,
  "UserID": 80
},
{
  "_id": {
    "$oid": "656d48eca5ce939e3d6994c4"
  },
  "PlaylistID": 282,
  "UserID": 80
},
{
  "_id": {
    "$oid": "656d48eca5ce939e3d6994c5"
  },
  "PlaylistID": 332,
  "UserID": 80
},
{
  "_id": {
    "$oid": "656d48eca5ce939e3d6994c6"
  },
  "PlaylistID": 382,
  "UserID": 80
},
{
  "_id": {
    "$oid": "656d48eca5ce939e3d6994c7"
  },
  "PlaylistID": 432,
  "UserID": 80
},
{
  "_id": {
    "$oid": "656d48eca5ce939e3d6994c8"
  },
  "PlaylistID": 482,
  "UserID": 80
},
{
  "_id": {
    "$oid": "656d48eca5ce939e3d6994c9"
  },
  "PlaylistID": 44,
  "UserID": 82
},
{
  "_id": {
    "$oid": "656d48eca5ce939e3d6994ca"
  },
  "PlaylistID": 94,
  "UserID": 82
},
{
  "_id": {
    "$oid": "656d48eca5ce939e3d6994cb"
  },
  "PlaylistID": 144,
  "UserID": 82
},
{
  "_id": {
    "$oid": "656d48eca5ce939e3d6994cc"
  },
  "PlaylistID": 194,
  "UserID": 82
},
{
  "_id": {
    "$oid": "656d48eca5ce939e3d6994cd"
  },
  "PlaylistID": 294,
  "UserID": 82
},
{
  "_id": {
    "$oid": "656d48eca5ce939e3d6994ce"
  },
  "PlaylistID": 344,
  "UserID": 82
},
{
  "_id": {
    "$oid": "656d48eca5ce939e3d6994cf"
  },
  "PlaylistID": 394,
  "UserID": 82
},
{
  "_id": {
    "$oid": "656d48eca5ce939e3d6994d0"
  },
  "PlaylistID": 444,
  "UserID": 82
},
{
  "_id": {
    "$oid": "656d48eca5ce939e3d6994d1"
  },
  "PlaylistID": 494,
  "UserID": 82
},
{
  "_id": {
    "$oid": "656d48eca5ce939e3d6994d2"
  },
  "PlaylistID": 40,
  "UserID": 90
},
{
  "_id": {
    "$oid": "656d48eca5ce939e3d6994d3"
  },
  "PlaylistID": 90,
  "UserID": 90
},
{
  "_id": {
    "$oid": "656d48eca5ce939e3d6994d4"
  },
  "PlaylistID": 140,
  "UserID": 90
},
{
  "_id": {
    "$oid": "656d48eca5ce939e3d6994d5"
  },
  "PlaylistID": 190,
  "UserID": 90
},
{
  "_id": {
    "$oid": "656d48eca5ce939e3d6994d6"
  },
  "PlaylistID": 290,
  "UserID": 90
},
{
  "_id": {
    "$oid": "656d48eca5ce939e3d6994d7"
  },
  "PlaylistID": 340,
  "UserID": 90
},
{
  "_id": {
    "$oid": "656d48eca5ce939e3d6994d8"
  },
  "PlaylistID": 390,
  "UserID": 90
},
{
  "_id": {
    "$oid": "656d48eca5ce939e3d6994d9"
  },
  "PlaylistID": 440,
  "UserID": 90
},
{
  "_id": {
    "$oid": "656d48eca5ce939e3d6994da"
  },
  "PlaylistID": 490,
  "UserID": 90
},
{
  "_id": {
    "$oid": "656d48eca5ce939e3d6994db"
  },
  "PlaylistID": 15,
  "UserID": 99
},
{
  "_id": {
    "$oid": "656d48eca5ce939e3d6994dc"
  },
  "PlaylistID": 65,
  "UserID": 99
},
{
  "_id": {
    "$oid": "656d48eca5ce939e3d6994dd"
  },
  "PlaylistID": 115,
  "UserID": 99
},
{
  "_id": {
    "$oid": "656d48eca5ce939e3d6994de"
  },
  "PlaylistID": 165,
  "UserID": 99
},
{
  "_id": {
    "$oid": "656d48eca5ce939e3d6994df"
  },
  "PlaylistID": 265,
  "UserID": 99
},
{
  "_id": {
    "$oid": "656d48eca5ce939e3d6994e0"
  },
  "PlaylistID": 315,
  "UserID": 99
},
{
  "_id": {
    "$oid": "656d48eca5ce939e3d6994e1"
  },
  "PlaylistID": 365,
  "UserID": 99
},
{
  "_id": {
    "$oid": "656d48eca5ce939e3d6994e2"
  },
  "PlaylistID": 415,
  "UserID": 99
},
{
  "_id": {
    "$oid": "656d48eca5ce939e3d6994e3"
  },
  "PlaylistID": 465,
  "UserID": 99
},
{
  "_id": {
    "$oid": "656d48eca5ce939e3d6994e4"
  },
  "PlaylistID": 9,
  "UserID": 113
},
{
  "_id": {
    "$oid": "656d48eca5ce939e3d6994e5"
  },
  "PlaylistID": 59,
  "UserID": 113
},
{
  "_id": {
    "$oid": "656d48eca5ce939e3d6994e6"
  },
  "PlaylistID": 109,
  "UserID": 113
},
{
  "_id": {
    "$oid": "656d48eca5ce939e3d6994e7"
  },
  "PlaylistID": 159,
  "UserID": 113
},
{
  "_id": {
    "$oid": "656d48eca5ce939e3d6994e8"
  },
  "PlaylistID": 259,
  "UserID": 113
},
{
  "_id": {
    "$oid": "656d48eca5ce939e3d6994e9"
  },
  "PlaylistID": 309,
  "UserID": 113
},
{
  "_id": {
    "$oid": "656d48eca5ce939e3d6994ea"
  },
  "PlaylistID": 359,
  "UserID": 113
},
{
  "_id": {
    "$oid": "656d48eca5ce939e3d6994eb"
  },
  "PlaylistID": 409,
  "UserID": 113
},
{
  "_id": {
    "$oid": "656d48eca5ce939e3d6994ec"
  },
  "PlaylistID": 459,
  "UserID": 113
},
{
  "_id": {
    "$oid": "656d48eca5ce939e3d6994ed"
  },
  "PlaylistID": 50,
  "UserID": 114
},
{
  "_id": {
    "$oid": "656d48eca5ce939e3d6994ee"
  },
  "PlaylistID": 100,
  "UserID": 114
},
{
  "_id": {
    "$oid": "656d48eca5ce939e3d6994ef"
  },
  "PlaylistID": 150,
  "UserID": 114
},
{
  "_id": {
    "$oid": "656d48eca5ce939e3d6994f0"
  },
  "PlaylistID": 200,
  "UserID": 114
},
{
  "_id": {
    "$oid": "656d48eca5ce939e3d6994f1"
  },
  "PlaylistID": 300,
  "UserID": 114
},
{
  "_id": {
    "$oid": "656d48eca5ce939e3d6994f2"
  },
  "PlaylistID": 350,
  "UserID": 114
},
{
  "_id": {
    "$oid": "656d48eca5ce939e3d6994f3"
  },
  "PlaylistID": 400,
  "UserID": 114
},
{
  "_id": {
    "$oid": "656d48eca5ce939e3d6994f4"
  },
  "PlaylistID": 450,
  "UserID": 114
},
{
  "_id": {
    "$oid": "656d48eca5ce939e3d6994f5"
  },
  "PlaylistID": 500,
  "UserID": 114
},
{
  "_id": {
    "$oid": "656d48eca5ce939e3d6994f6"
  },
  "PlaylistID": 3,
  "UserID": 123
},
{
  "_id": {
    "$oid": "656d48eca5ce939e3d6994f7"
  },
  "PlaylistID": 53,
  "UserID": 123
},
{
  "_id": {
    "$oid": "656d48eca5ce939e3d6994f8"
  },
  "PlaylistID": 103,
  "UserID": 123
},
{
  "_id": {
    "$oid": "656d48eca5ce939e3d6994f9"
  },
  "PlaylistID": 153,
  "UserID": 123
},
{
  "_id": {
    "$oid": "656d48eca5ce939e3d6994fa"
  },
  "PlaylistID": 253,
  "UserID": 123
},
{
  "_id": {
    "$oid": "656d48eca5ce939e3d6994fb"
  },
  "PlaylistID": 303,
  "UserID": 123
},
{
  "_id": {
    "$oid": "656d48eca5ce939e3d6994fc"
  },
  "PlaylistID": 353,
  "UserID": 123
},
{
  "_id": {
    "$oid": "656d48eca5ce939e3d6994fd"
  },
  "PlaylistID": 403,
  "UserID": 123
},
{
  "_id": {
    "$oid": "656d48eca5ce939e3d6994fe"
  },
  "PlaylistID": 453,
  "UserID": 123
},
{
  "_id": {
    "$oid": "656d48eca5ce939e3d6994ff"
  },
  "PlaylistID": 19,
  "UserID": 134
},
{
  "_id": {
    "$oid": "656d48eca5ce939e3d699500"
  },
  "PlaylistID": 69,
  "UserID": 134
},
{
  "_id": {
    "$oid": "656d48eca5ce939e3d699501"
  },
  "PlaylistID": 119,
  "UserID": 134
},
{
  "_id": {
    "$oid": "656d48eca5ce939e3d699502"
  },
  "PlaylistID": 169,
  "UserID": 134
},
{
  "_id": {
    "$oid": "656d48eca5ce939e3d699503"
  },
  "PlaylistID": 269,
  "UserID": 134
},
{
  "_id": {
    "$oid": "656d48eca5ce939e3d699504"
  },
  "PlaylistID": 319,
  "UserID": 134
},
{
  "_id": {
    "$oid": "656d48eca5ce939e3d699505"
  },
  "PlaylistID": 369,
  "UserID": 134
},
{
  "_id": {
    "$oid": "656d48eca5ce939e3d699506"
  },
  "PlaylistID": 419,
  "UserID": 134
},
{
  "_id": {
    "$oid": "656d48eca5ce939e3d699507"
  },
  "PlaylistID": 469,
  "UserID": 134
},
{
  "_id": {
    "$oid": "656d48eca5ce939e3d699508"
  },
  "PlaylistID": 42,
  "UserID": 146
},
{
  "_id": {
    "$oid": "656d48eca5ce939e3d699509"
  },
  "PlaylistID": 92,
  "UserID": 146
},
{
  "_id": {
    "$oid": "656d48eca5ce939e3d69950a"
  },
  "PlaylistID": 142,
  "UserID": 146
},
{
  "_id": {
    "$oid": "656d48eca5ce939e3d69950b"
  },
  "PlaylistID": 192,
  "UserID": 146
},
{
  "_id": {
    "$oid": "656d48eca5ce939e3d69950c"
  },
  "PlaylistID": 292,
  "UserID": 146
},
{
  "_id": {
    "$oid": "656d48eca5ce939e3d69950d"
  },
  "PlaylistID": 342,
  "UserID": 146
},
{
  "_id": {
    "$oid": "656d48eca5ce939e3d69950e"
  },
  "PlaylistID": 392,
  "UserID": 146
},
{
  "_id": {
    "$oid": "656d48eca5ce939e3d69950f"
  },
  "PlaylistID": 442,
  "UserID": 146
},
{
  "_id": {
    "$oid": "656d48eca5ce939e3d699510"
  },
  "PlaylistID": 492,
  "UserID": 146
},
{
  "_id": {
    "$oid": "656d48eca5ce939e3d699511"
  },
  "PlaylistID": 25,
  "UserID": 150
},
{
  "_id": {
    "$oid": "656d48eca5ce939e3d699512"
  },
  "PlaylistID": 75,
  "UserID": 150
},
{
  "_id": {
    "$oid": "656d48eca5ce939e3d699513"
  },
  "PlaylistID": 125,
  "UserID": 150
},
{
  "_id": {
    "$oid": "656d48eca5ce939e3d699514"
  },
  "PlaylistID": 175,
  "UserID": 150
},
{
  "_id": {
    "$oid": "656d48eca5ce939e3d699515"
  },
  "PlaylistID": 275,
  "UserID": 150
},
{
  "_id": {
    "$oid": "656d48eca5ce939e3d699516"
  },
  "PlaylistID": 325,
  "UserID": 150
},
{
  "_id": {
    "$oid": "656d48eca5ce939e3d699517"
  },
  "PlaylistID": 375,
  "UserID": 150
},
{
  "_id": {
    "$oid": "656d48eca5ce939e3d699518"
  },
  "PlaylistID": 425,
  "UserID": 150
},
{
  "_id": {
    "$oid": "656d48eca5ce939e3d699519"
  },
  "PlaylistID": 475,
  "UserID": 150
},
{
  "_id": {
    "$oid": "656d48eca5ce939e3d69951a"
  },
  "PlaylistID": 10,
  "UserID": 162
},
{
  "_id": {
    "$oid": "656d48eca5ce939e3d69951b"
  },
  "PlaylistID": 60,
  "UserID": 162
},
{
  "_id": {
    "$oid": "656d48eca5ce939e3d69951c"
  },
  "PlaylistID": 110,
  "UserID": 162
},
{
  "_id": {
    "$oid": "656d48eca5ce939e3d69951d"
  },
  "PlaylistID": 160,
  "UserID": 162
},
{
  "_id": {
    "$oid": "656d48eca5ce939e3d69951e"
  },
  "PlaylistID": 260,
  "UserID": 162
},
{
  "_id": {
    "$oid": "656d48eca5ce939e3d69951f"
  },
  "PlaylistID": 310,
  "UserID": 162
},
{
  "_id": {
    "$oid": "656d48eca5ce939e3d699520"
  },
  "PlaylistID": 360,
  "UserID": 162
},
{
  "_id": {
    "$oid": "656d48eca5ce939e3d699521"
  },
  "PlaylistID": 410,
  "UserID": 162
},
{
  "_id": {
    "$oid": "656d48eca5ce939e3d699522"
  },
  "PlaylistID": 460,
  "UserID": 162
},
{
  "_id": {
    "$oid": "656d48eca5ce939e3d699523"
  },
  "PlaylistID": 6,
  "UserID": 178
},
{
  "_id": {
    "$oid": "656d48eca5ce939e3d699524"
  },
  "PlaylistID": 56,
  "UserID": 178
},
{
  "_id": {
    "$oid": "656d48eca5ce939e3d699525"
  },
  "PlaylistID": 106,
  "UserID": 178
},
{
  "_id": {
    "$oid": "656d48eca5ce939e3d699526"
  },
  "PlaylistID": 156,
  "UserID": 178
},
{
  "_id": {
    "$oid": "656d48eca5ce939e3d699527"
  },
  "PlaylistID": 256,
  "UserID": 178
},
{
  "_id": {
    "$oid": "656d48eca5ce939e3d699528"
  },
  "PlaylistID": 306,
  "UserID": 178
},
{
  "_id": {
    "$oid": "656d48eca5ce939e3d699529"
  },
  "PlaylistID": 356,
  "UserID": 178
},
{
  "_id": {
    "$oid": "656d48eca5ce939e3d69952a"
  },
  "PlaylistID": 406,
  "UserID": 178
},
{
  "_id": {
    "$oid": "656d48eca5ce939e3d69952b"
  },
  "PlaylistID": 456,
  "UserID": 178
},
{
  "_id": {
    "$oid": "656d48eca5ce939e3d69952c"
  },
  "PlaylistID": 13,
  "UserID": 190
},
{
  "_id": {
    "$oid": "656d48eca5ce939e3d69952d"
  },
  "PlaylistID": 63,
  "UserID": 190
},
{
  "_id": {
    "$oid": "656d48eca5ce939e3d69952e"
  },
  "PlaylistID": 113,
  "UserID": 190
},
{
  "_id": {
    "$oid": "656d48eca5ce939e3d69952f"
  },
  "PlaylistID": 163,
  "UserID": 190
},
{
  "_id": {
    "$oid": "656d48eca5ce939e3d699530"
  },
  "PlaylistID": 263,
  "UserID": 190
},
{
  "_id": {
    "$oid": "656d48eca5ce939e3d699531"
  },
  "PlaylistID": 313,
  "UserID": 190
},
{
  "_id": {
    "$oid": "656d48eca5ce939e3d699532"
  },
  "PlaylistID": 363,
  "UserID": 190
},
{
  "_id": {
    "$oid": "656d48eca5ce939e3d699533"
  },
  "PlaylistID": 413,
  "UserID": 190
},
{
  "_id": {
    "$oid": "656d48eca5ce939e3d699534"
  },
  "PlaylistID": 463,
  "UserID": 190
},
{
  "_id": {
    "$oid": "656d48eca5ce939e3d699535"
  },
  "PlaylistID": 48,
  "UserID": 193
},
{
  "_id": {
    "$oid": "656d48eca5ce939e3d699536"
  },
  "PlaylistID": 98,
  "UserID": 193
},
{
  "_id": {
    "$oid": "656d48eca5ce939e3d699537"
  },
  "PlaylistID": 148,
  "UserID": 193
},
{
  "_id": {
    "$oid": "656d48eca5ce939e3d699538"
  },
  "PlaylistID": 198,
  "UserID": 193
},
{
  "_id": {
    "$oid": "656d48eca5ce939e3d699539"
  },
  "PlaylistID": 298,
  "UserID": 193
},
{
  "_id": {
    "$oid": "656d48eca5ce939e3d69953a"
  },
  "PlaylistID": 348,
  "UserID": 193
},
{
  "_id": {
    "$oid": "656d48eca5ce939e3d69953b"
  },
  "PlaylistID": 398,
  "UserID": 193
},
{
  "_id": {
    "$oid": "656d48eca5ce939e3d69953c"
  },
  "PlaylistID": 448,
  "UserID": 193
},
{
  "_id": {
    "$oid": "656d48eca5ce939e3d69953d"
  },
  "PlaylistID": 498,
  "UserID": 193
},
{
  "_id": {
    "$oid": "656d48eca5ce939e3d69953e"
  },
  "PlaylistID": 2,
  "UserID": 205
},
{
  "_id": {
    "$oid": "656d48eca5ce939e3d69953f"
  },
  "PlaylistID": 52,
  "UserID": 205
},
{
  "_id": {
    "$oid": "656d48eca5ce939e3d699540"
  },
  "PlaylistID": 102,
  "UserID": 205
},
{
  "_id": {
    "$oid": "656d48eca5ce939e3d699541"
  },
  "PlaylistID": 152,
  "UserID": 205
},
{
  "_id": {
    "$oid": "656d48eca5ce939e3d699542"
  },
  "PlaylistID": 252,
  "UserID": 205
},
{
  "_id": {
    "$oid": "656d48eca5ce939e3d699543"
  },
  "PlaylistID": 302,
  "UserID": 205
},
{
  "_id": {
    "$oid": "656d48eca5ce939e3d699544"
  },
  "PlaylistID": 352,
  "UserID": 205
},
{
  "_id": {
    "$oid": "656d48eca5ce939e3d699545"
  },
  "PlaylistID": 402,
  "UserID": 205
},
{
  "_id": {
    "$oid": "656d48eca5ce939e3d699546"
  },
  "PlaylistID": 452,
  "UserID": 205
},
{
  "_id": {
    "$oid": "656d48eca5ce939e3d699547"
  },
  "PlaylistID": 35,
  "UserID": 207
},
{
  "_id": {
    "$oid": "656d48eca5ce939e3d699548"
  },
  "PlaylistID": 85,
  "UserID": 207
},
{
  "_id": {
    "$oid": "656d48eca5ce939e3d699549"
  },
  "PlaylistID": 135,
  "UserID": 207
},
{
  "_id": {
    "$oid": "656d48eca5ce939e3d69954a"
  },
  "PlaylistID": 185,
  "UserID": 207
},
{
  "_id": {
    "$oid": "656d48eca5ce939e3d69954b"
  },
  "PlaylistID": 285,
  "UserID": 207
},
{
  "_id": {
    "$oid": "656d48eca5ce939e3d69954c"
  },
  "PlaylistID": 335,
  "UserID": 207
},
{
  "_id": {
    "$oid": "656d48eca5ce939e3d69954d"
  },
  "PlaylistID": 385,
  "UserID": 207
},
{
  "_id": {
    "$oid": "656d48eca5ce939e3d69954e"
  },
  "PlaylistID": 435,
  "UserID": 207
},
{
  "_id": {
    "$oid": "656d48eca5ce939e3d69954f"
  },
  "PlaylistID": 485,
  "UserID": 207
},
{
  "_id": {
    "$oid": "656d48eca5ce939e3d699550"
  },
  "PlaylistID": 23,
  "UserID": 213
},
{
  "_id": {
    "$oid": "656d48eca5ce939e3d699551"
  },
  "PlaylistID": 73,
  "UserID": 213
},
{
  "_id": {
    "$oid": "656d48eca5ce939e3d699552"
  },
  "PlaylistID": 123,
  "UserID": 213
},
{
  "_id": {
    "$oid": "656d48eca5ce939e3d699553"
  },
  "PlaylistID": 173,
  "UserID": 213
},
{
  "_id": {
    "$oid": "656d48eca5ce939e3d699554"
  },
  "PlaylistID": 273,
  "UserID": 213
},
{
  "_id": {
    "$oid": "656d48eca5ce939e3d699555"
  },
  "PlaylistID": 323,
  "UserID": 213
},
{
  "_id": {
    "$oid": "656d48eca5ce939e3d699556"
  },
  "PlaylistID": 373,
  "UserID": 213
},
{
  "_id": {
    "$oid": "656d48eca5ce939e3d699557"
  },
  "PlaylistID": 423,
  "UserID": 213
},
{
  "_id": {
    "$oid": "656d48eca5ce939e3d699558"
  },
  "PlaylistID": 473,
  "UserID": 213
},
{
  "_id": {
    "$oid": "656d48eca5ce939e3d699559"
  },
  "PlaylistID": 30,
  "UserID": 219
},
{
  "_id": {
    "$oid": "656d48eca5ce939e3d69955a"
  },
  "PlaylistID": 80,
  "UserID": 219
},
{
  "_id": {
    "$oid": "656d48eca5ce939e3d69955b"
  },
  "PlaylistID": 130,
  "UserID": 219
},
{
  "_id": {
    "$oid": "656d48eca5ce939e3d69955c"
  },
  "PlaylistID": 180,
  "UserID": 219
},
{
  "_id": {
    "$oid": "656d48eca5ce939e3d69955d"
  },
  "PlaylistID": 280,
  "UserID": 219
},
{
  "_id": {
    "$oid": "656d48eca5ce939e3d69955e"
  },
  "PlaylistID": 330,
  "UserID": 219
},
{
  "_id": {
    "$oid": "656d48eca5ce939e3d69955f"
  },
  "PlaylistID": 380,
  "UserID": 219
},
{
  "_id": {
    "$oid": "656d48eca5ce939e3d699560"
  },
  "PlaylistID": 430,
  "UserID": 219
},
{
  "_id": {
    "$oid": "656d48eca5ce939e3d699561"
  },
  "PlaylistID": 480,
  "UserID": 219
},
{
  "_id": {
    "$oid": "656d48eca5ce939e3d699562"
  },
  "PlaylistID": 41,
  "UserID": 228
},
{
  "_id": {
    "$oid": "656d48eca5ce939e3d699563"
  },
  "PlaylistID": 91,
  "UserID": 228
},
{
  "_id": {
    "$oid": "656d48eca5ce939e3d699564"
  },
  "PlaylistID": 141,
  "UserID": 228
},
{
  "_id": {
    "$oid": "656d48eca5ce939e3d699565"
  },
  "PlaylistID": 191,
  "UserID": 228
},
{
  "_id": {
    "$oid": "656d48eca5ce939e3d699566"
  },
  "PlaylistID": 291,
  "UserID": 228
},
{
  "_id": {
    "$oid": "656d48eca5ce939e3d699567"
  },
  "PlaylistID": 341,
  "UserID": 228
},
{
  "_id": {
    "$oid": "656d48eca5ce939e3d699568"
  },
  "PlaylistID": 391,
  "UserID": 228
},
{
  "_id": {
    "$oid": "656d48eca5ce939e3d699569"
  },
  "PlaylistID": 441,
  "UserID": 228
},
{
  "_id": {
    "$oid": "656d48eca5ce939e3d69956a"
  },
  "PlaylistID": 491,
  "UserID": 228
},
{
  "_id": {
    "$oid": "656d48eca5ce939e3d69956b"
  },
  "PlaylistID": 46,
  "UserID": 240
},
{
  "_id": {
    "$oid": "656d48eca5ce939e3d69956c"
  },
  "PlaylistID": 96,
  "UserID": 240
},
{
  "_id": {
    "$oid": "656d48eca5ce939e3d69956d"
  },
  "PlaylistID": 146,
  "UserID": 240
},
{
  "_id": {
    "$oid": "656d48eca5ce939e3d69956e"
  },
  "PlaylistID": 196,
  "UserID": 240
},
{
  "_id": {
    "$oid": "656d48eca5ce939e3d69956f"
  },
  "PlaylistID": 296,
  "UserID": 240
},
{
  "_id": {
    "$oid": "656d48eca5ce939e3d699570"
  },
  "PlaylistID": 346,
  "UserID": 240
},
{
  "_id": {
    "$oid": "656d48eca5ce939e3d699571"
  },
  "PlaylistID": 396,
  "UserID": 240
},
{
  "_id": {
    "$oid": "656d48eca5ce939e3d699572"
  },
  "PlaylistID": 446,
  "UserID": 240
},
{
  "_id": {
    "$oid": "656d48eca5ce939e3d699573"
  },
  "PlaylistID": 496,
  "UserID": 240
},
{
  "_id": {
    "$oid": "656d48eca5ce939e3d699574"
  },
  "PlaylistID": 16,
  "UserID": 248
},
{
  "_id": {
    "$oid": "656d48eca5ce939e3d699575"
  },
  "PlaylistID": 66,
  "UserID": 248
},
{
  "_id": {
    "$oid": "656d48eca5ce939e3d699576"
  },
  "PlaylistID": 116,
  "UserID": 248
},
{
  "_id": {
    "$oid": "656d48eca5ce939e3d699577"
  },
  "PlaylistID": 166,
  "UserID": 248
},
{
  "_id": {
    "$oid": "656d48eca5ce939e3d699578"
  },
  "PlaylistID": 266,
  "UserID": 248
},
{
  "_id": {
    "$oid": "656d48eca5ce939e3d699579"
  },
  "PlaylistID": 316,
  "UserID": 248
},
{
  "_id": {
    "$oid": "656d48eca5ce939e3d69957a"
  },
  "PlaylistID": 366,
  "UserID": 248
},
{
  "_id": {
    "$oid": "656d48eca5ce939e3d69957b"
  },
  "PlaylistID": 416,
  "UserID": 248
},
{
  "_id": {
    "$oid": "656d48eca5ce939e3d69957c"
  },
  "PlaylistID": 466,
  "UserID": 248
},
{
  "_id": {
    "$oid": "656d48eca5ce939e3d69957d"
  },
  "PlaylistID": 49,
  "UserID": 251
},
{
  "_id": {
    "$oid": "656d48eca5ce939e3d69957e"
  },
  "PlaylistID": 99,
  "UserID": 251
},
{
  "_id": {
    "$oid": "656d48eca5ce939e3d69957f"
  },
  "PlaylistID": 149,
  "UserID": 251
},
{
  "_id": {
    "$oid": "656d48eca5ce939e3d699580"
  },
  "PlaylistID": 199,
  "UserID": 251
},
{
  "_id": {
    "$oid": "656d48eca5ce939e3d699581"
  },
  "PlaylistID": 299,
  "UserID": 251
},
{
  "_id": {
    "$oid": "656d48eca5ce939e3d699582"
  },
  "PlaylistID": 349,
  "UserID": 251
},
{
  "_id": {
    "$oid": "656d48eca5ce939e3d699583"
  },
  "PlaylistID": 399,
  "UserID": 251
},
{
  "_id": {
    "$oid": "656d48eca5ce939e3d699584"
  },
  "PlaylistID": 449,
  "UserID": 251
},
{
  "_id": {
    "$oid": "656d48eca5ce939e3d699585"
  },
  "PlaylistID": 499,
  "UserID": 251
},
{
  "_id": {
    "$oid": "656d48eca5ce939e3d699586"
  },
  "PlaylistID": 37,
  "UserID": 253
},
{
  "_id": {
    "$oid": "656d48eca5ce939e3d699587"
  },
  "PlaylistID": 87,
  "UserID": 253
},
{
  "_id": {
    "$oid": "656d48eca5ce939e3d699588"
  },
  "PlaylistID": 137,
  "UserID": 253
},
{
  "_id": {
    "$oid": "656d48eca5ce939e3d699589"
  },
  "PlaylistID": 187,
  "UserID": 253
},
{
  "_id": {
    "$oid": "656d48eca5ce939e3d69958a"
  },
  "PlaylistID": 287,
  "UserID": 253
},
{
  "_id": {
    "$oid": "656d48eca5ce939e3d69958b"
  },
  "PlaylistID": 337,
  "UserID": 253
},
{
  "_id": {
    "$oid": "656d48eca5ce939e3d69958c"
  },
  "PlaylistID": 387,
  "UserID": 253
},
{
  "_id": {
    "$oid": "656d48eca5ce939e3d69958d"
  },
  "PlaylistID": 437,
  "UserID": 253
},
{
  "_id": {
    "$oid": "656d48eca5ce939e3d69958e"
  },
  "PlaylistID": 487,
  "UserID": 253
},
{
  "_id": {
    "$oid": "656d48eca5ce939e3d69958f"
  },
  "PlaylistID": 8,
  "UserID": 259
},
{
  "_id": {
    "$oid": "656d48eca5ce939e3d699590"
  },
  "PlaylistID": 58,
  "UserID": 259
},
{
  "_id": {
    "$oid": "656d48eca5ce939e3d699591"
  },
  "PlaylistID": 108,
  "UserID": 259
},
{
  "_id": {
    "$oid": "656d48eca5ce939e3d699592"
  },
  "PlaylistID": 158,
  "UserID": 259
},
{
  "_id": {
    "$oid": "656d48eca5ce939e3d699593"
  },
  "PlaylistID": 258,
  "UserID": 259
},
{
  "_id": {
    "$oid": "656d48eca5ce939e3d699594"
  },
  "PlaylistID": 308,
  "UserID": 259
},
{
  "_id": {
    "$oid": "656d48eca5ce939e3d699595"
  },
  "PlaylistID": 358,
  "UserID": 259
},
{
  "_id": {
    "$oid": "656d48eca5ce939e3d699596"
  },
  "PlaylistID": 408,
  "UserID": 259
},
{
  "_id": {
    "$oid": "656d48eca5ce939e3d699597"
  },
  "PlaylistID": 458,
  "UserID": 259
},
{
  "_id": {
    "$oid": "656d48eca5ce939e3d699598"
  },
  "PlaylistID": 21,
  "UserID": 263
},
{
  "_id": {
    "$oid": "656d48eca5ce939e3d699599"
  },
  "PlaylistID": 71,
  "UserID": 263
},
{
  "_id": {
    "$oid": "656d48eca5ce939e3d69959a"
  },
  "PlaylistID": 121,
  "UserID": 263
},
{
  "_id": {
    "$oid": "656d48eca5ce939e3d69959b"
  },
  "PlaylistID": 171,
  "UserID": 263
},
{
  "_id": {
    "$oid": "656d48eca5ce939e3d69959c"
  },
  "PlaylistID": 271,
  "UserID": 263
},
{
  "_id": {
    "$oid": "656d48eca5ce939e3d69959d"
  },
  "PlaylistID": 321,
  "UserID": 263
},
{
  "_id": {
    "$oid": "656d48eca5ce939e3d69959e"
  },
  "PlaylistID": 371,
  "UserID": 263
},
{
  "_id": {
    "$oid": "656d48eca5ce939e3d69959f"
  },
  "PlaylistID": 421,
  "UserID": 263
},
{
  "_id": {
    "$oid": "656d48eca5ce939e3d6995a0"
  },
  "PlaylistID": 471,
  "UserID": 263
},
{
  "_id": {
    "$oid": "656d48eca5ce939e3d6995a1"
  },
  "PlaylistID": 34,
  "UserID": 271
},
{
  "_id": {
    "$oid": "656d48eca5ce939e3d6995a2"
  },
  "PlaylistID": 84,
  "UserID": 271
},
{
  "_id": {
    "$oid": "656d48eca5ce939e3d6995a3"
  },
  "PlaylistID": 134,
  "UserID": 271
},
{
  "_id": {
    "$oid": "656d48eca5ce939e3d6995a4"
  },
  "PlaylistID": 184,
  "UserID": 271
},
{
  "_id": {
    "$oid": "656d48eca5ce939e3d6995a5"
  },
  "PlaylistID": 284,
  "UserID": 271
},
{
  "_id": {
    "$oid": "656d48eca5ce939e3d6995a6"
  },
  "PlaylistID": 334,
  "UserID": 271
},
{
  "_id": {
    "$oid": "656d48eca5ce939e3d6995a7"
  },
  "PlaylistID": 384,
  "UserID": 271
},
{
  "_id": {
    "$oid": "656d48eca5ce939e3d6995a8"
  },
  "PlaylistID": 434,
  "UserID": 271
},
{
  "_id": {
    "$oid": "656d48eca5ce939e3d6995a9"
  },
  "PlaylistID": 484,
  "UserID": 271
},
{
  "_id": {
    "$oid": "656d48eca5ce939e3d6995aa"
  },
  "PlaylistID": 45,
  "UserID": 277
},
{
  "_id": {
    "$oid": "656d48eca5ce939e3d6995ab"
  },
  "PlaylistID": 95,
  "UserID": 277
},
{
  "_id": {
    "$oid": "656d48eca5ce939e3d6995ac"
  },
  "PlaylistID": 145,
  "UserID": 277
},
{
  "_id": {
    "$oid": "656d48eca5ce939e3d6995ad"
  },
  "PlaylistID": 195,
  "UserID": 277
},
{
  "_id": {
    "$oid": "656d48eca5ce939e3d6995ae"
  },
  "PlaylistID": 295,
  "UserID": 277
},
{
  "_id": {
    "$oid": "656d48eca5ce939e3d6995af"
  },
  "PlaylistID": 345,
  "UserID": 277
},
{
  "_id": {
    "$oid": "656d48eca5ce939e3d6995b0"
  },
  "PlaylistID": 395,
  "UserID": 277
},
{
  "_id": {
    "$oid": "656d48eca5ce939e3d6995b1"
  },
  "PlaylistID": 445,
  "UserID": 277
},
{
  "_id": {
    "$oid": "656d48eca5ce939e3d6995b2"
  },
  "PlaylistID": 495,
  "UserID": 277
},
{
  "_id": {
    "$oid": "656d48eca5ce939e3d6995b3"
  },
  "PlaylistID": 22,
  "UserID": 278
},
{
  "_id": {
    "$oid": "656d48eca5ce939e3d6995b4"
  },
  "PlaylistID": 72,
  "UserID": 278
},
{
  "_id": {
    "$oid": "656d48eca5ce939e3d6995b5"
  },
  "PlaylistID": 122,
  "UserID": 278
},
{
  "_id": {
    "$oid": "656d48eca5ce939e3d6995b6"
  },
  "PlaylistID": 172,
  "UserID": 278
},
{
  "_id": {
    "$oid": "656d48eca5ce939e3d6995b7"
  },
  "PlaylistID": 272,
  "UserID": 278
},
{
  "_id": {
    "$oid": "656d48eca5ce939e3d6995b8"
  },
  "PlaylistID": 322,
  "UserID": 278
},
{
  "_id": {
    "$oid": "656d48eca5ce939e3d6995b9"
  },
  "PlaylistID": 372,
  "UserID": 278
},
{
  "_id": {
    "$oid": "656d48eca5ce939e3d6995ba"
  },
  "PlaylistID": 422,
  "UserID": 278
},
{
  "_id": {
    "$oid": "656d48eca5ce939e3d6995bb"
  },
  "PlaylistID": 472,
  "UserID": 278
},
{
  "_id": {
    "$oid": "656d48eca5ce939e3d6995bc"
  },
  "PlaylistID": 11,
  "UserID": 291
},
{
  "_id": {
    "$oid": "656d48eca5ce939e3d6995bd"
  },
  "PlaylistID": 61,
  "UserID": 291
},
{
  "_id": {
    "$oid": "656d48eca5ce939e3d6995be"
  },
  "PlaylistID": 111,
  "UserID": 291
},
{
  "_id": {
    "$oid": "656d48eca5ce939e3d6995bf"
  },
  "PlaylistID": 161,
  "UserID": 291
},
{
  "_id": {
    "$oid": "656d48eca5ce939e3d6995c0"
  },
  "PlaylistID": 261,
  "UserID": 291
},
{
  "_id": {
    "$oid": "656d48eca5ce939e3d6995c1"
  },
  "PlaylistID": 311,
  "UserID": 291
},
{
  "_id": {
    "$oid": "656d48eca5ce939e3d6995c2"
  },
  "PlaylistID": 361,
  "UserID": 291
},
{
  "_id": {
    "$oid": "656d48eca5ce939e3d6995c3"
  },
  "PlaylistID": 411,
  "UserID": 291
},
{
  "_id": {
    "$oid": "656d48eca5ce939e3d6995c4"
  },
  "PlaylistID": 461,
  "UserID": 291
},
{
  "_id": {
    "$oid": "656d48eca5ce939e3d6995c5"
  },
  "PlaylistID": 4,
  "UserID": 294
},
{
  "_id": {
    "$oid": "656d48eca5ce939e3d6995c6"
  },
  "PlaylistID": 54,
  "UserID": 294
},
{
  "_id": {
    "$oid": "656d48eca5ce939e3d6995c7"
  },
  "PlaylistID": 104,
  "UserID": 294
},
{
  "_id": {
    "$oid": "656d48eca5ce939e3d6995c8"
  },
  "PlaylistID": 154,
  "UserID": 294
},
{
  "_id": {
    "$oid": "656d48eca5ce939e3d6995c9"
  },
  "PlaylistID": 254,
  "UserID": 294
},
{
  "_id": {
    "$oid": "656d48eca5ce939e3d6995ca"
  },
  "PlaylistID": 304,
  "UserID": 294
},
{
  "_id": {
    "$oid": "656d48eca5ce939e3d6995cb"
  },
  "PlaylistID": 354,
  "UserID": 294
},
{
  "_id": {
    "$oid": "656d48eca5ce939e3d6995cc"
  },
  "PlaylistID": 404,
  "UserID": 294
},
{
  "_id": {
    "$oid": "656d48eca5ce939e3d6995cd"
  },
  "PlaylistID": 454,
  "UserID": 294
},
{
  "_id": {
    "$oid": "656d48eca5ce939e3d6995ce"
  },
  "PlaylistID": 31,
  "UserID": 298
},
{
  "_id": {
    "$oid": "656d48eca5ce939e3d6995cf"
  },
  "PlaylistID": 81,
  "UserID": 298
},
{
  "_id": {
    "$oid": "656d48eca5ce939e3d6995d0"
  },
  "PlaylistID": 131,
  "UserID": 298
},
{
  "_id": {
    "$oid": "656d48eca5ce939e3d6995d1"
  },
  "PlaylistID": 181,
  "UserID": 298
},
{
  "_id": {
    "$oid": "656d48eca5ce939e3d6995d2"
  },
  "PlaylistID": 281,
  "UserID": 298
},
{
  "_id": {
    "$oid": "656d48eca5ce939e3d6995d3"
  },
  "PlaylistID": 331,
  "UserID": 298
},
{
  "_id": {
    "$oid": "656d48eca5ce939e3d6995d4"
  },
  "PlaylistID": 381,
  "UserID": 298
},
{
  "_id": {
    "$oid": "656d48eca5ce939e3d6995d5"
  },
  "PlaylistID": 431,
  "UserID": 298
},
{
  "_id": {
    "$oid": "656d48eca5ce939e3d6995d6"
  },
  "PlaylistID": 481,
  "UserID": 298
},
{
  "_id": {
    "$oid": "656d48eca5ce939e3d6995d7"
  },
  "PlaylistID": 38,
  "UserID": 306
},
{
  "_id": {
    "$oid": "656d48eca5ce939e3d6995d8"
  },
  "PlaylistID": 88,
  "UserID": 306
},
{
  "_id": {
    "$oid": "656d48eca5ce939e3d6995d9"
  },
  "PlaylistID": 138,
  "UserID": 306
},
{
  "_id": {
    "$oid": "656d48eca5ce939e3d6995da"
  },
  "PlaylistID": 188,
  "UserID": 306
},
{
  "_id": {
    "$oid": "656d48eca5ce939e3d6995db"
  },
  "PlaylistID": 288,
  "UserID": 306
},
{
  "_id": {
    "$oid": "656d48eca5ce939e3d6995dc"
  },
  "PlaylistID": 338,
  "UserID": 306
},
{
  "_id": {
    "$oid": "656d48eca5ce939e3d6995dd"
  },
  "PlaylistID": 388,
  "UserID": 306
},
{
  "_id": {
    "$oid": "656d48eca5ce939e3d6995de"
  },
  "PlaylistID": 438,
  "UserID": 306
},
{
  "_id": {
    "$oid": "656d48eca5ce939e3d6995df"
  },
  "PlaylistID": 488,
  "UserID": 306
},
{
  "_id": {
    "$oid": "656d48eca5ce939e3d6995e0"
  },
  "PlaylistID": 27,
  "UserID": 308
},
{
  "_id": {
    "$oid": "656d48eca5ce939e3d6995e1"
  },
  "PlaylistID": 77,
  "UserID": 308
},
{
  "_id": {
    "$oid": "656d48eca5ce939e3d6995e2"
  },
  "PlaylistID": 127,
  "UserID": 308
},
{
  "_id": {
    "$oid": "656d48eca5ce939e3d6995e3"
  },
  "PlaylistID": 177,
  "UserID": 308
},
{
  "_id": {
    "$oid": "656d48eca5ce939e3d6995e4"
  },
  "PlaylistID": 277,
  "UserID": 308
},
{
  "_id": {
    "$oid": "656d48eca5ce939e3d6995e5"
  },
  "PlaylistID": 327,
  "UserID": 308
},
{
  "_id": {
    "$oid": "656d48eca5ce939e3d6995e6"
  },
  "PlaylistID": 377,
  "UserID": 308
},
{
  "_id": {
    "$oid": "656d48eca5ce939e3d6995e7"
  },
  "PlaylistID": 427,
  "UserID": 308
},
{
  "_id": {
    "$oid": "656d48eca5ce939e3d6995e8"
  },
  "PlaylistID": 477,
  "UserID": 308
},
{
  "_id": {
    "$oid": "656d48eca5ce939e3d6995e9"
  },
  "PlaylistID": 5,
  "UserID": 312
},
{
  "_id": {
    "$oid": "656d48eca5ce939e3d6995ea"
  },
  "PlaylistID": 55,
  "UserID": 312
},
{
  "_id": {
    "$oid": "656d48eca5ce939e3d6995eb"
  },
  "PlaylistID": 105,
  "UserID": 312
},
{
  "_id": {
    "$oid": "656d48eca5ce939e3d6995ec"
  },
  "PlaylistID": 155,
  "UserID": 312
},
{
  "_id": {
    "$oid": "656d48eca5ce939e3d6995ed"
  },
  "PlaylistID": 255,
  "UserID": 312
},
{
  "_id": {
    "$oid": "656d48eca5ce939e3d6995ee"
  },
  "PlaylistID": 305,
  "UserID": 312
},
{
  "_id": {
    "$oid": "656d48eca5ce939e3d6995ef"
  },
  "PlaylistID": 355,
  "UserID": 312
},
{
  "_id": {
    "$oid": "656d48eca5ce939e3d6995f0"
  },
  "PlaylistID": 405,
  "UserID": 312
},
{
  "_id": {
    "$oid": "656d48eca5ce939e3d6995f1"
  },
  "PlaylistID": 455,
  "UserID": 312
},
{
  "_id": {
    "$oid": "656d48eca5ce939e3d6995f2"
  },
  "PlaylistID": 26,
  "UserID": 318
},
{
  "_id": {
    "$oid": "656d48eca5ce939e3d6995f3"
  },
  "PlaylistID": 76,
  "UserID": 318
},
{
  "_id": {
    "$oid": "656d48eca5ce939e3d6995f4"
  },
  "PlaylistID": 126,
  "UserID": 318
},
{
  "_id": {
    "$oid": "656d48eca5ce939e3d6995f5"
  },
  "PlaylistID": 176,
  "UserID": 318
},
{
  "_id": {
    "$oid": "656d48eca5ce939e3d6995f6"
  },
  "PlaylistID": 276,
  "UserID": 318
},
{
  "_id": {
    "$oid": "656d48eca5ce939e3d6995f7"
  },
  "PlaylistID": 326,
  "UserID": 318
},
{
  "_id": {
    "$oid": "656d48eca5ce939e3d6995f8"
  },
  "PlaylistID": 376,
  "UserID": 318
},
{
  "_id": {
    "$oid": "656d48eca5ce939e3d6995f9"
  },
  "PlaylistID": 426,
  "UserID": 318
},
{
  "_id": {
    "$oid": "656d48eca5ce939e3d6995fa"
  },
  "PlaylistID": 476,
  "UserID": 318
},
{
  "_id": {
    "$oid": "656d48eca5ce939e3d6995fb"
  },
  "PlaylistID": 14,
  "UserID": 320
},
{
  "_id": {
    "$oid": "656d48eca5ce939e3d6995fc"
  },
  "PlaylistID": 64,
  "UserID": 320
},
{
  "_id": {
    "$oid": "656d48eca5ce939e3d6995fd"
  },
  "PlaylistID": 114,
  "UserID": 320
},
{
  "_id": {
    "$oid": "656d48eca5ce939e3d6995fe"
  },
  "PlaylistID": 164,
  "UserID": 320
},
{
  "_id": {
    "$oid": "656d48eca5ce939e3d6995ff"
  },
  "PlaylistID": 264,
  "UserID": 320
},
{
  "_id": {
    "$oid": "656d48eca5ce939e3d699600"
  },
  "PlaylistID": 314,
  "UserID": 320
},
{
  "_id": {
    "$oid": "656d48eca5ce939e3d699601"
  },
  "PlaylistID": 364,
  "UserID": 320
},
{
  "_id": {
    "$oid": "656d48eca5ce939e3d699602"
  },
  "PlaylistID": 414,
  "UserID": 320
},
{
  "_id": {
    "$oid": "656d48eca5ce939e3d699603"
  },
  "PlaylistID": 464,
  "UserID": 320
},
{
  "_id": {
    "$oid": "656d48eca5ce939e3d699604"
  },
  "PlaylistID": 17,
  "UserID": 321
},
{
  "_id": {
    "$oid": "656d48eca5ce939e3d699605"
  },
  "PlaylistID": 43,
  "UserID": 321
},
{
  "_id": {
    "$oid": "656d48eca5ce939e3d699606"
  },
  "PlaylistID": 67,
  "UserID": 321
},
{
  "_id": {
    "$oid": "656d48eca5ce939e3d699607"
  },
  "PlaylistID": 93,
  "UserID": 321
},
{
  "_id": {
    "$oid": "656d48eca5ce939e3d699608"
  },
  "PlaylistID": 117,
  "UserID": 321
},
{
  "_id": {
    "$oid": "656d48eca5ce939e3d699609"
  },
  "PlaylistID": 143,
  "UserID": 321
},
{
  "_id": {
    "$oid": "656d48eca5ce939e3d69960a"
  },
  "PlaylistID": 167,
  "UserID": 321
},
{
  "_id": {
    "$oid": "656d48eca5ce939e3d69960b"
  },
  "PlaylistID": 193,
  "UserID": 321
},
{
  "_id": {
    "$oid": "656d48eca5ce939e3d69960c"
  },
  "PlaylistID": 267,
  "UserID": 321
},
{
  "_id": {
    "$oid": "656d48eca5ce939e3d69960d"
  },
  "PlaylistID": 293,
  "UserID": 321
},
{
  "_id": {
    "$oid": "656d48eca5ce939e3d69960e"
  },
  "PlaylistID": 317,
  "UserID": 321
},
{
  "_id": {
    "$oid": "656d48eca5ce939e3d69960f"
  },
  "PlaylistID": 343,
  "UserID": 321
},
{
  "_id": {
    "$oid": "656d48eca5ce939e3d699610"
  },
  "PlaylistID": 367,
  "UserID": 321
},
{
  "_id": {
    "$oid": "656d48eca5ce939e3d699611"
  },
  "PlaylistID": 393,
  "UserID": 321
},
{
  "_id": {
    "$oid": "656d48eca5ce939e3d699612"
  },
  "PlaylistID": 417,
  "UserID": 321
},
{
  "_id": {
    "$oid": "656d48eca5ce939e3d699613"
  },
  "PlaylistID": 443,
  "UserID": 321
},
{
  "_id": {
    "$oid": "656d48eca5ce939e3d699614"
  },
  "PlaylistID": 467,
  "UserID": 321
},
{
  "_id": {
    "$oid": "656d48eca5ce939e3d699615"
  },
  "PlaylistID": 493,
  "UserID": 321
},
{
  "_id": {
    "$oid": "656d48eca5ce939e3d699616"
  },
  "PlaylistID": 29,
  "UserID": 335
},
{
  "_id": {
    "$oid": "656d48eca5ce939e3d699617"
  },
  "PlaylistID": 79,
  "UserID": 335
},
{
  "_id": {
    "$oid": "656d48eca5ce939e3d699618"
  },
  "PlaylistID": 129,
  "UserID": 335
},
{
  "_id": {
    "$oid": "656d48eca5ce939e3d699619"
  },
  "PlaylistID": 179,
  "UserID": 335
},
{
  "_id": {
    "$oid": "656d48eca5ce939e3d69961a"
  },
  "PlaylistID": 279,
  "UserID": 335
},
{
  "_id": {
    "$oid": "656d48eca5ce939e3d69961b"
  },
  "PlaylistID": 329,
  "UserID": 335
},
{
  "_id": {
    "$oid": "656d48eca5ce939e3d69961c"
  },
  "PlaylistID": 379,
  "UserID": 335
},
{
  "_id": {
    "$oid": "656d48eca5ce939e3d69961d"
  },
  "PlaylistID": 429,
  "UserID": 335
},
{
  "_id": {
    "$oid": "656d48eca5ce939e3d69961e"
  },
  "PlaylistID": 479,
  "UserID": 335
},
{
  "_id": {
    "$oid": "656d48eca5ce939e3d69961f"
  },
  "PlaylistID": 24,
  "UserID": 346
},
{
  "_id": {
    "$oid": "656d48eca5ce939e3d699620"
  },
  "PlaylistID": 74,
  "UserID": 346
},
{
  "_id": {
    "$oid": "656d48eca5ce939e3d699621"
  },
  "PlaylistID": 124,
  "UserID": 346
},
{
  "_id": {
    "$oid": "656d48eca5ce939e3d699622"
  },
  "PlaylistID": 174,
  "UserID": 346
},
{
  "_id": {
    "$oid": "656d48eca5ce939e3d699623"
  },
  "PlaylistID": 274,
  "UserID": 346
},
{
  "_id": {
    "$oid": "656d48eca5ce939e3d699624"
  },
  "PlaylistID": 324,
  "UserID": 346
},
{
  "_id": {
    "$oid": "656d48eca5ce939e3d699625"
  },
  "PlaylistID": 374,
  "UserID": 346
},
{
  "_id": {
    "$oid": "656d48eca5ce939e3d699626"
  },
  "PlaylistID": 424,
  "UserID": 346
},
{
  "_id": {
    "$oid": "656d48eca5ce939e3d699627"
  },
  "PlaylistID": 474,
  "UserID": 346
}]