AlbumID,AlbumName,SongID
1,"Greatest Hits",1
2,"Love Songs",5
3,"Best of 90s",12
4,"Classic Rock Anthems",8
5,"Acoustic Favorites",15
6,"Pop Extravaganza",21
7,"Summer Vibes",28
8,"Indie Showcase",33
9,"Hip Hop Classics",40
10,"Jazz Standards",45
11,"EDM Party Mix",50
12,"Country Road Trip",2
13,"Rock Legends",7
14,"R&B Soulful Sounds",14
15,"Reggae Roots",20
16,"Metal Mayhem",26
17,"Folk Fables",32
18,"Blues Chronicles",39
19,"Latin Beats Fiesta",44
20,"Classical Masterpieces",49
21,"Electronic Odyssey",3
22,"Alternative Universe",9
23,"Piano Serenity",16
24,"Guitar Shredders",23
25,"Chillhop Lounge",29
26,"Ska Madness",35
27,"Dancehall Grooves",41
28,"Funk Fusion",46
29,"Gospel Inspirations",1
30,"World Music Journey",6
31,"Experimental Beats",11
32,"Ambient Reflections",17
33,"Synthwave Dreams",24
34,"Trap Heat",30
35,"K-Pop Sensations",36
36,"Soulful Ballads",42
37,"Bluegrass Bliss",47
38,"Salsa Fiesta",2
39,"Baroque Elegance",8
40,"Techno Storm",13
41,"Gothic Melodies",19
42,"Hardcore Punk Riot",25
43,"Motown Magic",31
44,"Nu Jazz Grooves",37
45,"Post-Rock Explorations",43
46,"Surf Rock Adventure",48
47,"Psychedelic Wonderland",4
48,"Chiptune Odyssey",10
49,"Grime Revolution",16
50,"Irish Folk Tales",22
