id,Developer_ID,"Joined Date",Role,PID
1,1,"Jan 21, 2021","System Architect/Designer",1
2,2,"Sep 13, 2022","System Architect/Designer",2
3,3,"Jul 29, 2023","DevOps Engineer",3
4,4,"Aug 11, 2022","Business Analyst",4
5,5,"Aug 2, 2022","Quality Assurance (QA) Engineer/Tester",5
6,6,"Feb 7, 2020","Support and Maintenance",6
7,7,"Nov 5, 2021",Developers/Programmers,7
8,8,"Apr 2, 2020",Developers/Programmers,8
9,9,"Mar 5, 2022","Quality Assurance (QA) Engineer/Tester",9
10,10,"Jun 26, 2022","Business Analyst",10
11,11,"Apr 12, 2020","Business Analyst",11
12,12,"Apr 5, 2020","Quality Assurance (QA) Engineer/Tester",12
13,13,"Apr 25, 2023","Database Administrator (DBA)",13
14,14,"Jun 10, 2022","System Architect/Designer",14
15,15,"Nov 25, 2019","System Architect/Designer",15
16,16,"Jul 9, 2021","Database Administrator (DBA)",16
17,17,"Sep 24, 2020","User Experience (UX) Designer",17
18,18,"Sep 8, 2020","Technical Writer",18
19,19,"Jan 28, 2023","Quality Assurance (QA) Engineer/Tester",19
20,20,"Mar 12, 2022","Database Administrator (DBA)",20
21,21,"Jul 10, 2023",Developers/Programmers,21
22,22,"Jan 30, 2022","Support and Maintenance",22
23,23,"Dec 15, 2019","System Architect/Designer",23
24,24,"Feb 2, 2023","User Experience (UX) Designer",24
25,25,"Jan 19, 2023","System Architect/Designer",25
26,26,"Feb 1, 2021","DevOps Engineer",26
27,27,"Jun 9, 2022","Database Administrator (DBA)",27
28,28,"Sep 3, 2021","Quality Assurance (QA) Engineer/Tester",28
29,29,"Sep 7, 2022","System Architect/Designer",29
30,30,"Apr 17, 2023","Support and Maintenance",30
31,31,"Oct 25, 2022","Database Administrator (DBA)",31
32,32,"May 6, 2021","Quality Assurance (QA) Engineer/Tester",32
33,33,"Feb 4, 2021","Quality Assurance (QA) Engineer/Tester",33
34,34,"May 28, 2021","Business Analyst",34
35,35,"May 5, 2022",Developers/Programmers,35
36,36,"Feb 11, 2021",Developers/Programmers,36
37,37,"Jul 28, 2022","System Architect/Designer",37
38,38,"Aug 15, 2021","Project Manager",38
39,39,"May 25, 2020","Business Analyst",39
40,40,"May 8, 2022","Database Administrator (DBA)",40
41,41,"Aug 3, 2022","Database Administrator (DBA)",41
42,42,"Mar 14, 2021","Support and Maintenance",42
43,43,"Oct 12, 2020","Quality Assurance (QA) Engineer/Tester",43
44,44,"Sep 10, 2023","Business Analyst",44
45,45,"Aug 1, 2021","Database Administrator (DBA)",45
46,46,"Jun 16, 2022","Technical Writer",46
47,47,"Feb 1, 2023","DevOps Engineer",47
48,48,"Dec 23, 2021","System Architect/Designer",48
49,49,"Oct 21, 2020","Quality Assurance (QA) Engineer/Tester",49
50,50,"Sep 11, 2022","DevOps Engineer",50
51,51,"Aug 30, 2020","Database Administrator (DBA)",51
52,52,"Jan 5, 2023","Business Analyst",52
53,53,"Apr 11, 2020",Developers/Programmers,53
54,54,"Jan 12, 2020","DevOps Engineer",54
55,55,"Jan 5, 2020","Database Administrator (DBA)",55
56,56,"Jul 15, 2023","User Experience (UX) Designer",56
57,57,"Mar 11, 2022","System Architect/Designer",57
58,58,"Dec 26, 2022","Database Administrator (DBA)",58
59,59,"Jul 9, 2021","Database Administrator (DBA)",59
60,60,"Jul 15, 2022","Support and Maintenance",60
61,61,"Jan 25, 2023","System Architect/Designer",61
62,62,"Dec 24, 2019","Business Analyst",62
63,63,"Jun 27, 2023","Quality Assurance (QA) Engineer/Tester",63
64,64,"Aug 10, 2020","Support and Maintenance",64
65,65,"Feb 13, 2020",Developers/Programmers,65
66,66,"Aug 26, 2021","DevOps Engineer",66
67,67,"Nov 17, 2021","Database Administrator (DBA)",67
68,68,"Dec 23, 2020","Database Administrator (DBA)",68
69,69,"Jun 1, 2022","Database Administrator (DBA)",69
70,70,"Jul 23, 2022","System Architect/Designer",70
71,71,"May 29, 2022","DevOps Engineer",71
72,72,"May 7, 2022","Technical Writer",72
73,73,"Nov 2, 2020","Database Administrator (DBA)",73
74,74,"Jan 30, 2022","Quality Assurance (QA) Engineer/Tester",74
75,75,"Sep 4, 2022",Developers/Programmers,75
76,76,"Dec 9, 2021","System Architect/Designer",76
77,77,"Jun 15, 2022","Technical Writer",77
78,78,"Sep 22, 2020","Project Manager",78
79,79,"Aug 19, 2023",Developers/Programmers,79
80,80,"Feb 3, 2021","Database Administrator (DBA)",80
81,81,"Oct 9, 2023","System Architect/Designer",81
82,82,"Nov 1, 2023","Support and Maintenance",82
83,83,"Aug 31, 2023","Support and Maintenance",83
84,84,"May 21, 2022","Technical Writer",84
85,85,"Sep 28, 2021",Developers/Programmers,85
86,86,"Apr 15, 2023","System Architect/Designer",86
87,87,"Jan 26, 2020","Project Manager",87
