ID,ProductName,Features
1,"Mobile Music Player","On-the-go music experience, Portable design, Seamless synchronization"
2,"TV Audio Console","Home entertainment hub, High-quality audio output, Smart TV integration"
3,"Computer Sound System","Desktop music powerhouse, Customizable equalizer, Multi-app support"
4,"Tablet Audio Device","Large screen display, Touch interface, Multi-app integration"
5,"Web Browser Player","Online music streaming, Cross-platform access, Playlist synchronization"
6,"Gaming Console Audio Hub","Immersive gaming audio, Entertainment center integration, Voice command compatibility"
