id,PID,Name,Gender,Age,phone,address
1,1,"Marsden Levine",Female,19,1-336-250-9427,"Ap #492-6962 Curae Road"
2,2,"Shelly Flores",Male,50,1-884-637-2487,"Ap #623-4803 Ligula. Rd."
3,3,"Blossom Evans",Male,23,1-995-746-8709,"Ap #263-9754 Dui. Ave"
4,4,"Colt Blackburn",Female,70,1-411-343-7518,"Ap #995-9999 Interdum. Road"
5,5,"Dorian Schwartz",Male,56,1-648-824-1731,"Ap #627-1497 Et, Road"
6,6,"Leo Poole",Male,59,1-188-980-6441,"8750 Et, Rd."
7,7,"Lois Sparks",Male,51,1-756-772-1377,"3202 Id, Avenue"
8,8,"Lester Berger",Female,40,1-776-679-3394,"233-9513 Euismod St."
9,9,"Echo Hill",Female,27,1-535-868-4721,"864-6283 Integer St."
10,10,"Wesley Gallagher",Male,45,1-607-135-4688,"Ap #846-7668 Tristique Rd."
11,11,"Myra Gregory",Female,68,1-405-726-2566,"P.O. Box 779, 9358 Morbi Road"
12,12,"Scarlett Mccray",Female,31,1-761-708-1731,"P.O. Box 945, 715 Magna Rd."
13,13,"Aiko Norman",Male,26,1-141-670-3418,"Ap #134-463 Sem, Road"
14,14,"Cedric Powell",Male,30,1-642-783-0153,"Ap #190-6396 Nonummy Ave"
15,15,"Cruz Davidson",Male,39,1-844-613-6816,"Ap #823-5290 Placerat, Street"
16,16,"Branden Pearson",Female,64,1-818-956-0830,"2780 Metus. Av."
17,17,"Georgia Palmer",Male,20,1-961-279-2645,"P.O. Box 548, 3756 Purus Ave"
18,18,"Blythe Greer",Female,36,1-358-792-4087,"5302 Sapien. Av."
19,19,"Ruth Mcguire",Male,72,1-210-888-6579,"125-2407 Sollicitudin Ave"
20,20,"Samuel Cervantes",Male,42,1-167-423-9615,"9526 Nam Avenue"
21,21,"Brianna Dunn",Male,47,1-665-927-2673,"P.O. Box 618, 8827 Dui. St."
22,22,"Uta Eaton",Female,46,1-242-385-2595,"P.O. Box 952, 5908 Suspendisse Avenue"
23,23,"Thomas Porter",Female,65,1-633-561-5576,"Ap #110-8235 Nunc Rd."
24,24,"Joel Bentley",Male,51,1-636-536-1150,"172-3655 Nunc Rd."
25,25,"Chantale Benson",Female,79,1-861-599-1358,"3591 Tellus. St."
26,26,"Kyla Roach",Male,62,1-963-781-6106,"P.O. Box 175, 4348 Fringilla Rd."
27,27,"Yuli Fletcher",Female,61,1-777-938-1555,"Ap #868-4529 Nunc Avenue"
28,28,"Hashim Copeland",Female,72,1-594-143-6932,"Ap #550-6475 Interdum. Rd."
29,29,"Anjolie O'donnell",Female,47,1-424-764-2073,"110-7982 Duis St."
30,30,"Irene Bruce",Male,39,1-414-909-2462,"998-1112 Metus Avenue"
31,31,"Maxine Warner",Female,41,1-622-692-9145,"Ap #778-1317 Accumsan St."
32,32,"Clare Hinton",Female,30,1-921-534-8521,"P.O. Box 529, 4162 Molestie Rd."
33,33,"Mercedes Lamb",Female,44,1-513-899-7454,"Ap #924-1435 Eu St."
34,34,"Patience Pratt",Male,21,1-788-719-2856,"107-2028 In St."
35,35,"Ivory Cummings",Female,31,1-808-463-6174,"483-6392 Ligula. St."
36,36,"Ezekiel Blackburn",Male,79,1-573-578-8324,"P.O. Box 148, 6128 Tellus. Rd."
37,37,"Carter Solomon",Female,17,1-341-412-5789,"381-858 Rhoncus. St."
38,38,"Brenden Chambers",Male,24,1-327-502-2545,"863-6513 Nisi Avenue"
39,39,"Denton Savage",Male,56,1-234-837-3237,"Ap #986-4606 Consectetuer Street"
40,40,"Dai Farrell",Female,30,1-287-216-2153,"P.O. Box 244, 680 Convallis St."
41,41,"Roth Raymond",Female,58,1-657-365-8804,"Ap #518-8051 A Ave"
42,42,"Eaton Hyde",Male,62,1-211-857-4416,"Ap #112-7614 Tincidunt Rd."
43,43,"Zephr Graves",Female,36,1-716-232-0170,"P.O. Box 956, 6440 Sociis Road"
44,44,"Mark Levy",Male,37,1-525-707-3168,"2704 At, Rd."
45,45,"Samson Stephenson",Female,76,1-325-235-8579,"127-8941 Dictum Av."
46,46,"Amal Jefferson",Female,55,1-718-366-2223,"P.O. Box 343, 1338 Id, Street"
47,47,"Craig Soto",Male,35,1-582-461-4744,"Ap #743-5671 Dictum Avenue"
48,48,"Kieran Rowland",Male,68,1-966-349-7632,"754-6677 Velit. Rd."
49,49,"Graiden Freeman",Female,65,1-778-112-4851,"Ap #665-667 Et, Rd."
50,50,"Aurelia Miles",Female,46,1-784-984-7748,"1744 Duis St."
51,51,"Lysandra Dotson",Male,68,1-314-438-3657,"P.O. Box 283, 6212 Magna. Rd."
52,52,"Montana Cardenas",Female,59,1-761-181-6338,"Ap #848-1612 Ac St."
53,53,"Denton Cash",Female,18,1-474-653-0769,"247-4397 Sit Ave"
54,54,"Jael Dixon",Female,28,1-423-415-6444,"2961 Enim Ave"
55,55,"Macon Adams",Female,48,1-522-230-1152,"Ap #596-8754 Ante St."
56,56,"Colt Moody",Female,32,1-803-421-0585,"753-2853 Donec St."
57,57,"TaShya Burris",Male,78,1-878-254-1750,"813-7162 Vitae, St."
58,58,"April Allen",Male,54,1-573-277-3816,"841-6398 Aliquet Road"
59,59,"Zorita Garner",Male,57,1-881-359-4696,"541-282 Aliquam Ave"
60,60,"Byron Mcclain",Female,49,1-535-457-5515,"Ap #711-6093 Dolor. Road"
61,61,"Honorato Velazquez",Female,44,1-561-341-0258,"P.O. Box 449, 1898 Nec St."
62,62,"Wang Tyson",Male,33,1-434-202-2784,"P.O. Box 296, 8561 Turpis Rd."
63,63,"Hamish Thornton",Female,32,1-486-557-4882,"Ap #336-5639 Mauris St."
64,64,"Brock Mckenzie",Male,36,1-259-836-2471,"Ap #765-2828 Mauris Av."
65,65,"Kyra House",Female,62,1-602-454-2137,"170-3233 Auctor St."
66,66,"Nehru Velasquez",Male,41,1-771-493-1677,"P.O. Box 901, 4190 Velit Av."
67,67,"Fredericka Barlow",Female,68,1-867-605-4817,"Ap #616-4704 Lacus. Ave"
68,68,"Ryder Clements",Female,33,1-826-219-8143,"Ap #696-1285 Ullamcorper, Ave"
69,69,"Tiger Baxter",Female,72,1-742-414-1821,"Ap #181-6633 Auctor Street"
70,70,"Bradley Hendricks",Male,46,1-137-256-2243,"P.O. Box 547, 897 Donec Av."
71,71,"Dawn Sloan",Male,30,1-674-664-1457,"P.O. Box 202, 5222 Sollicitudin Av."
72,72,"Knox Schultz",Female,32,1-284-361-5369,"Ap #940-6968 Viverra. Road"
73,73,"Azalia Trujillo",Female,67,1-191-812-3343,"206-1209 Nam Road"
74,74,"Judah Shannon",Female,56,1-897-852-5363,"P.O. Box 397, 3986 Dis Street"
75,75,"Phoebe Summers",Female,80,1-245-772-5375,"P.O. Box 267, 1220 Sagittis Avenue"
76,76,"Ivana Flowers",Female,77,1-591-203-3669,"Ap #633-8283 Ipsum Av."
77,77,"Griffin Crane",Female,58,1-321-218-3273,"Ap #250-3835 Nunc Rd."
78,78,"Dorothy Gomez",Female,13,1-641-385-3666,"434-990 Non Street"
79,79,"Jack Reilly",Female,30,1-312-981-6410,"P.O. Box 665, 1292 Consequat St."
80,80,"Meghan Sampson",Female,35,1-527-113-0617,"Ap #105-6940 Sit Road"
81,81,"Rosalyn Powers",Female,62,1-492-802-1588,"6196 A, Rd."
82,82,"Adrian Deleon",Female,59,1-744-300-0487,"833-8391 Nulla Road"
83,83,"Hedwig Fowler",Female,22,1-253-872-7600,"6053 Ad St."
84,84,"Yardley Edwards",Male,78,1-896-565-8855,"Ap #646-2856 In, Rd."
85,85,"Colette Ball",Female,66,1-388-434-7825,"Ap #425-1058 In Avenue"
86,86,"Rosalyn Chen",Male,32,1-979-427-5463,"Ap #204-478 Metus Rd."
87,87,"Ursa Branch",Female,27,1-338-346-6107,"P.O. Box 956, 5141 Purus. Street"
88,88,"Orli Montoya",Female,16,1-680-315-4671,"Ap #776-204 Sed, Rd."
89,89,"Acton Kerr",Male,63,1-264-683-8789,"Ap #834-7624 Lacinia. St."
90,90,"Michelle Kidd",Female,21,1-516-881-4269,"Ap #835-7404 Ac Av."
91,91,"Mercedes Townsend",Female,46,1-753-622-4851,"Ap #996-1706 Et St."
92,92,"Derek Webster",Female,26,1-621-664-9419,"Ap #962-7385 Pellentesque Rd."
93,93,"Iona Sampson",Male,58,1-445-561-8978,"889-7212 Tortor Av."
94,94,"Maggie Mclaughlin",Female,53,1-372-255-4150,"P.O. Box 596, 9470 Lobortis St."
95,95,"Akeem Walker",Male,29,1-956-633-4467,"570 Magnis Av."
96,96,"Fiona Everett",Male,26,1-388-478-0666,"856-7407 Tristique Rd."
97,97,"Zenia Hunt",Female,32,1-974-429-3675,"650-2748 Montes, St."
98,98,"Valentine Henderson",Female,23,1-316-695-5500,"5702 In Road"
99,99,"Jerry Warner",Female,24,1-687-618-2483,"P.O. Box 559, 9064 Dolor St."
100,100,"Beck Blake",Female,75,1-644-766-3263,"914-9352 Faucibus Rd."
101,101,"Harrison Fuller",Male,33,1-761-838-6649,"646-5276 Mauris. Ave"
102,102,"Murphy Haynes",Female,54,1-399-531-2725,"255-9864 Auctor Rd."
103,103,"Jonas Le",Female,61,1-415-813-3282,"6071 In St."
104,104,"Hu Thomas",Male,45,1-866-577-3744,"P.O. Box 518, 2776 Rutrum St."
105,105,"Octavius Roman",Male,26,1-614-689-4339,"P.O. Box 403, 8526 Et Road"
106,106,"Solomon Ellison",Female,36,1-830-232-7034,"P.O. Box 313, 8081 Fringilla. Ave"
107,107,"Yolanda Cannon",Male,45,1-330-451-5684,"Ap #378-6655 Tincidunt Rd."
108,108,"Chaim Dudley",Female,55,1-488-485-7945,"P.O. Box 698, 6359 Id Ave"
109,109,"Hop Gutierrez",Male,34,1-371-582-1182,"Ap #329-2587 Quis Av."
110,110,"Griffin Chapman",Male,15,1-266-648-9857,"P.O. Box 753, 8956 Nunc Avenue"
111,111,"Winter Velez",Male,34,1-284-533-7543,"791-333 Nulla Avenue"
112,112,"Sopoline Bradford",Male,15,1-942-442-4412,"132 Donec Rd."
113,113,"Priscilla Montoya",Male,64,1-623-416-2483,"P.O. Box 736, 1244 Aliquam Rd."
114,114,"Alea Fitzgerald",Female,66,1-598-672-8526,"951-3901 Turpis Av."
115,115,"Yasir Bradley",Male,63,1-446-487-2375,"Ap #161-5960 Dui. Av."
116,116,"Pearl Bush",Male,49,1-591-707-7078,"417-3404 Enim Street"
117,117,"Blossom Vargas",Female,77,1-811-479-8222,"Ap #850-9592 Faucibus Avenue"
118,118,"Hiram Keller",Male,46,1-313-594-7886,"Ap #622-767 Leo, Ave"
119,119,"Allistair Sweeney",Male,19,1-473-213-3351,"Ap #454-1424 Egestas St."
120,120,"Dean Ingram",Female,50,1-378-873-8075,"4728 Venenatis Rd."
121,121,"Ian Daugherty",Male,31,1-374-428-6667,"Ap #443-8561 In St."
122,122,"Germane Carpenter",Female,63,1-796-438-5948,"P.O. Box 596, 5703 Eu, Road"
123,123,"Zephania Cantrell",Female,69,1-669-135-9727,"Ap #895-3072 Non Rd."
124,124,"Inez Lloyd",Female,29,1-310-875-1561,"Ap #777-6898 Tristique St."
125,125,"Elizabeth Beasley",Male,32,1-505-439-4138,"846-9531 Lacinia. Road"
126,126,"Jordan Hardy",Female,65,1-324-938-7166,"619-6710 Et St."
127,127,"Tamara Holland",Male,23,1-206-184-4431,"P.O. Box 620, 1990 Orci Avenue"
128,128,"Chancellor Whitney",Male,30,1-297-545-1348,"Ap #822-9094 At St."
129,129,"Acton Sanford",Female,47,1-230-447-6286,"Ap #895-9778 Malesuada Street"
130,130,"Nyssa Chaney",Male,63,1-353-343-6727,"245-3972 Cras St."
131,131,"Howard English",Male,60,1-245-430-1738,"4646 Ligula. Road"
132,132,"Maya Mathews",Female,16,1-230-236-0483,"6391 Vel St."
133,133,"Francesca Mercado",Female,71,1-603-762-2489,"Ap #265-8766 Donec Road"
134,134,"Camden Lewis",Male,79,1-264-723-1874,"Ap #404-9518 Nec, Rd."
135,135,"Samuel Mayo",Female,54,1-326-109-1406,"564-3798 Aenean Ave"
136,136,"Cameron Carey",Female,42,1-843-545-8985,"1796 Augue. Road"
137,137,"Desiree Branch",Male,46,1-828-961-3948,"121-5343 Nascetur St."
138,138,"Lacy Mullen",Female,37,1-858-487-0130,"367-1928 Duis Ave"
139,139,"Orli Perry",Male,54,1-542-828-9188,"Ap #121-8632 Magna St."
140,140,"Boris Bailey",Male,35,1-459-827-1885,"P.O. Box 581, 4890 Mus. Street"
141,141,"Wyoming Sosa",Female,77,1-584-320-1786,"7913 Mollis. Rd."
142,142,"Sydnee Rutledge",Male,52,1-556-719-2478,"Ap #445-9179 Sed Street"
143,143,"Geraldine Brooks",Male,24,1-554-647-8743,"Ap #121-5117 Orci, St."
144,144,"Joy Barton",Female,50,1-133-852-5063,"9032 Sit Ave"
145,145,"Jin Roth",Female,63,1-134-229-0174,"P.O. Box 306, 1182 Nisl Road"
146,146,"Fleur Mayo",Female,63,1-618-623-8198,"787 Sit Rd."
147,147,"Driscoll Shaffer",Male,78,1-699-752-4968,"Ap #806-4595 Ridiculus St."
148,148,"Freya Herman",Male,44,1-728-776-3542,"Ap #259-4065 Ut, St."
149,149,"Phoebe Morales",Male,41,1-422-337-5614,"Ap #255-8592 Non, Street"
150,150,"Rashad Mcneil",Female,71,1-815-205-1478,"9007 Donec Street"
151,151,"Iris Moon",Male,42,1-862-919-5153,"5889 Dapibus Avenue"
152,152,"Stephen Johns",Female,14,1-828-135-7972,"110-2246 Urna St."
153,153,"Timon Shelton",Male,57,1-462-953-3444,"416-5059 Purus. Avenue"
154,154,"Jermaine Downs",Male,65,1-273-218-9871,"Ap #241-8970 Augue, St."
155,155,"Kai Ratliff",Male,57,1-415-411-8086,"887-659 Libero Av."
156,156,"Kelly Browning",Female,35,1-297-715-3940,"P.O. Box 968, 278 Urna St."
157,157,"Christopher Dotson",Male,45,1-964-156-1316,"337-2755 Magna. Rd."
158,158,"Porter Frazier",Female,59,1-323-498-8261,"7422 Fusce Road"
159,159,"Oleg Vang",Female,45,1-136-617-9597,"7138 Varius Road"
160,160,"Reece Fulton",Female,24,1-144-352-2866,"Ap #412-7102 Egestas. Avenue"
161,161,"Griffin Moran",Female,64,1-261-482-1264,"P.O. Box 148, 6420 Est St."
162,162,"Nevada Peterson",Female,34,1-954-831-4530,"2058 Magna. Street"
163,163,"Kirestin Gardner",Male,62,1-538-250-1476,"514-7425 Enim St."
164,164,"Charles Patrick",Female,14,1-657-442-2986,"P.O. Box 111, 8604 Ipsum. Road"
165,165,"Maya Bond",Male,59,1-664-746-9266,"P.O. Box 243, 9861 In Avenue"
166,166,"Orlando Johns",Male,41,1-806-698-8532,"6495 Nonummy St."
167,167,"Brett Moses",Male,52,1-215-347-8166,"Ap #984-6529 Ornare. Rd."
168,168,"Bevis O'donnell",Female,69,1-352-662-8382,"Ap #646-4618 Ac Rd."
169,169,"Arden Hart",Female,54,1-546-852-3031,"Ap #154-8009 Mus. Ave"
170,170,"Keelie Williams",Female,35,1-853-328-7895,"145-4303 Interdum. St."
171,171,"Nathan Curry",Female,14,1-862-614-4486,"605-6333 Orci, St."
172,172,"Christine Sargent",Female,66,1-367-619-9577,"Ap #801-5160 Imperdiet Street"
173,173,"Yolanda Bernard",Male,14,1-862-397-4712,"Ap #807-6974 Quisque Avenue"
174,174,"Carolyn Ray",Female,71,1-831-524-6679,"Ap #773-3985 At, Rd."
175,175,"Simone Haynes",Female,53,1-964-477-8611,"286-441 Euismod St."
176,176,"Tarik Page",Male,51,1-316-466-0273,"Ap #567-713 Risus. Rd."
177,177,"Jack Cantrell",Male,50,1-483-755-4728,"2095 Morbi Avenue"
178,178,"Sierra Joyner",Female,28,1-318-126-5163,"280-1665 Ipsum Av."
179,179,"Nita Puckett",Female,37,1-587-578-1778,"Ap #997-4319 Consequat Av."
180,180,"Courtney Weaver",Male,67,1-667-424-4517,"P.O. Box 794, 3619 Metus. Rd."
181,181,"Mariam Wallace",Male,19,1-728-587-0028,"Ap #872-5132 Fringilla St."
182,182,"Chloe Frank",Male,16,1-159-658-8723,"722-9743 Tellus Road"
183,183,"Briar Leach",Male,59,1-546-141-8864,"Ap #584-8635 Bibendum Avenue"
184,184,"Ursula Cook",Male,17,1-462-727-4685,"Ap #514-2455 Tellus Avenue"
185,185,"Bree Burnett",Male,80,1-802-756-1148,"Ap #556-9227 Mauris St."
186,186,"Barclay Castillo",Male,14,1-527-130-8451,"Ap #181-6082 Duis Av."
187,187,"Avye Mcmillan",Male,36,1-144-645-8013,"936-6587 Commodo Avenue"
188,188,"Rinah Armstrong",Female,78,1-984-104-8167,"P.O. Box 359, 8692 Arcu. Street"
189,189,"Malcolm Gallegos",Male,61,1-848-199-7631,"P.O. Box 399, 7706 Molestie Rd."
190,190,"Madison Stephenson",Female,24,1-872-966-7845,"2166 Sapien. Rd."
191,191,"Aladdin Harrington",Female,75,1-226-563-7171,"Ap #589-5737 Massa. Ave"
192,192,"Cruz Stein",Female,22,1-516-651-1326,"830-6915 Vel Road"
193,193,"Vaughan Salinas",Female,24,1-624-874-7463,"Ap #684-4318 Leo. Street"
194,194,"Marah Shelton",Male,63,1-951-752-8202,"169-8477 Vehicula St."
195,195,"Kylynn Mason",Male,80,1-352-892-5274,"P.O. Box 947, 561 Ridiculus Rd."
196,196,"Wendy Middleton",Male,22,1-587-237-6632,"Ap #943-9950 Senectus St."
197,197,"Ina Hardin",Male,28,1-567-812-3933,"442-3890 Eros Street"
198,198,"Jelani Davis",Female,15,1-846-183-4717,"P.O. Box 399, 8817 Id St."
199,199,"Abdul Walters",Female,20,1-341-375-2727,"P.O. Box 209, 7283 Sem Rd."
200,200,"Elmo Pearson",Female,18,1-879-346-3863,"Ap #749-9067 Sed St."
201,201,"Jerry Short",Female,45,1-682-877-1711,"7149 Arcu. St."
202,202,"Drake Waller",Male,35,1-575-583-4118,"975-3987 Odio. Avenue"
203,203,"Sylvia Mccormick",Male,60,1-778-441-8877,"6536 Rutrum, Rd."
204,204,"Akeem Graves",Female,55,1-923-773-1511,"P.O. Box 473, 8432 Libero St."
205,205,"Arthur Noble",Male,47,1-916-854-3402,"Ap #310-7279 Tristique Street"
206,206,"Guy Maynard",Female,57,1-815-343-4450,"P.O. Box 423, 3416 Sapien. St."
207,207,"Brenda Mcdowell",Male,25,1-887-236-3452,"118-7418 Mauris Avenue"
208,208,"Damon Conrad",Male,25,1-349-894-6143,"P.O. Box 399, 9937 Interdum. St."
209,209,"Eve Spence",Female,17,1-361-251-2987,"Ap #599-295 Risus St."
210,210,"Candace Fitzgerald",Male,57,1-117-266-4703,"115-1051 Est Rd."
211,211,"Francesca Glass",Female,37,1-322-245-2995,"Ap #872-806 Ad Avenue"
212,212,"Ciara Paul",Male,38,1-588-725-3463,"3861 Donec Rd."
213,213,"Jermaine Chen",Female,57,1-623-561-5121,"9440 Sit Ave"
214,214,"Hamilton Sweet",Female,73,1-547-532-6645,"216-6455 Neque. Rd."
215,215,"Halla Duran",Female,53,1-517-333-9117,"Ap #653-129 Tempus Av."
216,216,"Jack Bridges",Female,30,1-586-888-4530,"4640 Nec Road"
217,217,"Leilani Briggs",Female,70,1-255-865-6248,"119-7954 Elit Rd."
218,218,"Caldwell Clements",Female,51,1-124-971-8078,"P.O. Box 179, 519 Neque Rd."
219,219,"Dahlia Beard",Male,53,1-742-788-1595,"Ap #426-6732 Blandit Rd."
220,220,"Jack Clements",Male,63,1-843-762-6555,"6338 In St."
221,221,"Maisie Conley",Male,57,1-721-736-3304,"1835 Ante Avenue"
222,222,"Peter Freeman",Male,73,1-342-685-7230,"753-8091 Proin Ave"
223,223,"Indira Dudley",Female,79,1-749-823-2142,"P.O. Box 140, 5291 Nunc St."
224,224,"Wade Wilder",Male,40,1-665-796-7758,"Ap #698-8459 Molestie. Street"
225,225,"Gail Eaton",Female,22,1-583-866-1243,"395-1021 Erat Rd."
226,226,"Valentine Flores",Female,57,1-802-782-0746,"P.O. Box 556, 1621 Sapien, St."
227,227,"Hillary Davidson",Female,75,1-893-110-8559,"Ap #876-4528 Eu, St."
228,228,"Allistair Meadows",Female,46,1-222-375-7046,"3348 At Avenue"
229,229,"Kyla Hampton",Male,43,1-298-336-8687,"1501 Orci Street"
230,230,"Jacqueline Hodge",Female,79,1-272-753-7462,"4785 Vestibulum. Road"
231,231,"Judith Stafford",Female,24,1-470-163-7366,"P.O. Box 269, 875 Dui. Ave"
232,232,"Nadine Benson",Female,56,1-269-287-1482,"4846 Risus. Rd."
233,233,"Gillian Herring",Female,18,1-428-259-6478,"Ap #514-8355 Velit. Rd."
234,234,"Christian Yang",Male,67,1-547-553-3134,"Ap #656-8258 Pellentesque St."
235,235,"Uriah Tanner",Female,24,1-282-718-5592,"P.O. Box 617, 689 Eros St."
236,236,"Quintessa Wilcox",Female,20,1-373-621-1370,"5452 Mauris Rd."
237,237,"Arsenio Winters",Female,65,1-461-384-7255,"469 Libero. Road"
238,238,"Jenette Arnold",Female,38,1-111-128-4812,"8430 Fringilla. Av."
239,239,"Astra Murray",Male,23,1-561-635-6589,"290-2880 Aliquam St."
240,240,"Garth Flores",Male,41,1-571-721-6972,"P.O. Box 569, 5187 Fringilla St."
241,241,"Travis Alford",Male,31,1-322-286-8630,"526-6618 Sem Road"
242,242,"Catherine Avery",Female,67,1-713-503-7771,"255-6738 Id, Rd."
243,243,"Xavier Greer",Female,75,1-686-657-5006,"524-8047 Pede Street"
244,244,"Lillith Witt",Female,62,1-356-913-5103,"9743 Dolor St."
245,245,"Basia Dudley",Female,78,1-732-354-8870,"P.O. Box 819, 5905 Mauris Rd."
246,246,"Jameson Schroeder",Female,48,1-865-614-1632,"Ap #525-7490 Lacus. St."
247,247,"Leonard Fowler",Female,26,1-705-360-4522,"653-333 Arcu Street"
248,248,"Ori Pittman",Female,16,1-335-775-9228,"251 Integer Street"
249,249,"Stephanie Hansen",Female,14,1-704-986-5412,"Ap #648-8295 Est, Rd."
250,250,"Michelle Stephens",Male,26,1-772-448-8819,"4872 Consectetuer Street"
251,251,"Dana Doyle",Male,77,1-343-375-7580,"P.O. Box 605, 1787 Purus Road"
252,252,"Heather Schneider",Female,74,1-406-201-4187,"Ap #908-9085 Ipsum Ave"
253,253,"Latifah Guerra",Male,64,1-756-126-4587,"2019 Sed Road"
254,254,"Aphrodite Puckett",Female,51,1-137-239-4267,"Ap #575-3206 Est. St."
255,255,"Rosalyn Franks",Male,39,1-871-268-2268,"Ap #851-5720 Ultricies St."
256,256,"Isabelle O'Neill",Male,67,1-301-155-2233,"650-1532 Vitae, St."
257,257,"Benedict Solis",Female,79,1-975-837-7374,"Ap #638-4757 Morbi Avenue"
258,258,"Kelsie Carlson",Male,26,1-858-417-7579,"853 Enim. Avenue"
259,259,"Trevor Morrison",Female,76,1-645-367-8405,"Ap #857-8026 Ornare Av."
260,260,"Hayes Davenport",Female,79,1-772-865-1693,"Ap #678-2600 Placerat, St."
261,261,"Serena Farrell",Male,63,1-923-288-8312,"Ap #793-1911 Nulla. Av."
262,262,"Quemby Cervantes",Male,30,1-188-293-8278,"906-3037 Adipiscing Street"
263,263,"Allegra Cervantes",Female,52,1-535-816-0721,"5090 Eu Av."
264,264,"Dennis Diaz",Female,22,1-528-556-6615,"788-242 Sodales Av."
265,265,"Hedwig Herring",Female,45,1-351-565-3387,"Ap #277-4888 Semper Av."
266,266,"Tanner Herring",Male,43,1-573-413-9862,"688-9437 Amet Av."
267,267,"Iliana Hendricks",Female,65,1-573-641-0913,"Ap #778-3410 Quis Rd."
268,268,"Maite Harrison",Male,42,1-682-527-3624,"P.O. Box 340, 867 Odio Av."
269,269,"Abigail Scott",Male,39,1-222-215-1994,"2524 Malesuada. Avenue"
270,270,"Devin Trujillo",Female,20,1-872-365-5197,"540-1402 A, St."
271,271,"Mason Waters",Female,60,1-317-647-2222,"Ap #292-6731 Nunc, Ave"
272,272,"Slade Nicholson",Female,42,1-449-440-5886,"Ap #150-3471 Sed, St."
273,273,"Ulla Riggs",Male,52,1-528-867-7529,"P.O. Box 950, 3448 Mauris Rd."
274,274,"Aurelia Walters",Male,61,1-385-668-4203,"953-8289 Aliquet Ave"
275,275,"Aileen Gonzales",Male,18,1-541-494-7638,"345-7235 Lectus St."
276,276,"Karen Hayden",Male,58,1-372-896-0184,"539-9624 Sodales St."
277,277,"Carson Parrish",Male,32,1-383-546-2269,"P.O. Box 449, 9663 Augue Avenue"
278,278,"Jocelyn Lucas",Male,39,1-636-681-2461,"Ap #951-3817 Volutpat. St."
279,279,"Emerson William",Male,64,1-778-418-9197,"Ap #514-4138 Proin St."
280,280,"Aladdin Davidson",Female,26,1-618-882-4889,"3687 Enim. Rd."
281,281,"Brenden Cummings",Male,55,1-865-886-6815,"5171 Egestas Rd."
282,282,"Kyle Simpson",Female,23,1-412-931-2767,"214-2298 Quisque Avenue"
283,283,"Basil Marsh",Female,36,1-250-293-4745,"864-3559 Mauris Rd."
284,284,"Dustin Buckley",Male,16,1-265-129-8238,"740-8382 Purus Street"
285,285,"Farrah Williamson",Male,14,1-641-838-8155,"358-5607 Et Av."
286,286,"Dillon Le",Male,48,1-118-482-2821,"Ap #685-5608 Et Rd."
287,287,"Colby Sweeney",Female,75,1-846-154-4371,"384-9052 Nec, Avenue"
288,288,"MacKenzie Sharp",Male,44,1-739-218-3476,"P.O. Box 306, 7157 Conubia Ave"
289,289,"Demetrius Montgomery",Female,77,1-528-916-4945,"P.O. Box 574, 9747 Odio. Ave"
290,290,"Reece Leach",Female,25,1-717-262-2453,"Ap #102-8475 Suspendisse Rd."
291,291,"Kibo Farley",Male,51,1-334-198-0313,"2777 Vestibulum Avenue"
292,292,"Wesley Hughes",Male,46,1-711-931-5536,"988-1956 Eu Rd."
293,293,"Belle Patel",Male,46,1-255-771-8313,"Ap #149-5602 Interdum. St."
294,294,"Charlotte Mcdowell",Female,76,1-681-518-2347,"Ap #260-3191 Sed Av."
295,295,"Myles Hanson",Female,44,1-881-588-0622,"P.O. Box 878, 1929 Nunc Ave"
296,296,"Marah Lawson",Male,43,1-462-751-5768,"858-2550 Lectus St."
297,297,"Brent Cruz",Female,23,1-627-338-3513,"5850 Non St."
298,298,"Freya Middleton",Male,69,1-412-438-8831,"350-201 Vel Road"
299,299,"Dora Waller",Female,20,1-215-682-8234,"2702 In St."
300,300,"Chancellor Howe",Male,47,1-583-124-3764,"197-8267 Porttitor Ave"
301,301,"Lareina Strickland",Female,14,1-305-436-3561,"Ap #254-710 Ornare, Avenue"
302,302,"Tucker Justice",Female,58,1-578-489-6264,"P.O. Box 441, 7921 Purus. Road"
303,303,"Amela Todd",Female,56,1-764-278-1321,"Ap #436-9382 Dapibus Street"
304,304,"Francis Williams",Male,57,1-521-391-3212,"993-8859 Convallis Rd."
305,305,"Rebekah Pena",Male,41,1-768-499-6677,"P.O. Box 891, 5124 In Ave"
306,306,"John Mayer",Male,79,1-446-877-8482,"Ap #873-2415 Suspendisse Av."
307,307,"Ebony Humphrey",Male,60,1-686-362-3754,"3543 At Rd."
308,308,"Yoshio Montoya",Male,18,1-558-448-1398,"P.O. Box 566, 8522 Curae Rd."
309,309,"Tatum Haynes",Female,36,1-612-473-4326,"Ap #528-9293 Aenean Road"
310,310,"Giselle Pierce",Female,54,1-256-511-7127,"Ap #859-4200 Molestie St."
311,311,"Amir Gibbs",Female,54,1-352-678-3156,"456-3734 Mus. Rd."
312,312,"Adrienne Black",Male,44,1-621-172-0588,"925-8350 Lorem St."
313,313,"Logan Blake",Male,74,1-408-325-8782,"7788 Aliquet. St."
314,314,"Linus Potts",Female,19,1-397-282-8957,"Ap #783-1670 Sed St."
315,315,"Zoe Wade",Male,61,1-145-168-7010,"560-5136 Erat St."
316,316,"Felicia Marshall",Female,71,1-919-945-4886,"5318 Ante. St."
317,317,"Murphy Fuller",Female,28,1-262-673-5822,"617-4762 Leo, Avenue"
318,318,"Marshall Pate",Female,20,1-947-322-5972,"995-9757 Purus. Avenue"
319,319,"Phelan Lang",Female,57,1-358-158-0753,"5590 Non, Rd."
320,320,"Ivor Sanders",Male,53,1-894-500-5611,"8262 Porttitor Road"
321,321,"Jack Prince",Female,70,1-766-777-0044,"Ap #963-7410 Enim. Road"
322,322,"Wing Kim",Male,33,1-265-933-9135,"Ap #364-5882 A Avenue"
323,323,"Beverly Best",Female,19,1-944-882-9873,"Ap #577-7364 Aliquet Av."
324,324,"Samuel Peterson",Male,78,1-263-263-7448,"Ap #818-7850 Iaculis Rd."
325,325,"Lewis Stephens",Male,69,1-503-210-2765,"114-3242 Aliquet St."
326,326,"Thaddeus Stanton",Female,14,1-671-727-8548,"237-8773 Nunc St."
327,327,"Tatum Mann",Male,66,1-482-295-5214,"P.O. Box 332, 2531 Aenean Street"
328,328,"Mason Glenn",Male,13,1-415-768-4601,"227-7511 Leo. St."
329,329,"Quyn Knight",Female,45,1-366-756-0236,"2139 Per St."
330,330,"Oliver Berg",Male,37,1-776-804-6076,"P.O. Box 159, 355 Quisque Rd."
331,331,"Lance Hester",Male,20,1-177-737-7865,"Ap #397-1320 Tristique Street"
332,332,"Rebecca Acosta",Male,16,1-555-510-7336,"707 Dictum Rd."
333,333,"Angela Long",Male,16,1-830-308-7267,"248-3306 Magnis Street"
334,334,"Breanna Delacruz",Male,55,1-777-251-5278,"1111 Dis Rd."
335,335,"Risa Gibson",Female,52,1-124-232-8540,"4417 Neque Rd."
336,336,"Hanna Rogers",Male,32,1-656-766-4532,"P.O. Box 619, 843 Id Av."
337,337,"Patrick Allen",Male,67,1-372-578-5895,"P.O. Box 567, 1547 Libero Road"
338,338,"Meghan Fitzgerald",Male,35,1-285-949-1350,"Ap #664-356 Iaculis Av."
339,339,"Philip Harper",Female,41,1-415-984-8201,"614-1426 Rutrum Avenue"
340,340,"Jermaine Dalton",Female,32,1-115-851-5863,"209-8967 In Av."
341,341,"Sade Cline",Male,78,1-511-235-2152,"308-4711 Turpis Avenue"
342,342,"Astra Hammond",Female,48,1-578-314-2463,"Ap #947-5916 Amet Avenue"
343,343,"Irene Rich",Male,43,1-267-912-6217,"Ap #215-4225 Amet Street"
344,344,"Shoshana Bright",Female,66,1-280-664-4717,"5269 Malesuada Rd."
345,345,"Chase Higgins",Female,52,1-357-884-2283,"228 Eu Rd."
346,346,"Carly Shannon",Male,75,1-556-576-8866,"Ap #601-7105 Non, Avenue"
347,347,"Merritt Freeman",Male,73,1-853-792-7466,"367-4801 Velit. Street"
348,348,"Leslie Huber",Male,19,1-217-561-8653,"P.O. Box 841, 4304 Vitae Ave"
349,349,"Jenna Whitfield",Male,21,1-713-235-4276,"5014 Non, Ave"
350,350,"Phillip Blackwell",Female,50,1-503-332-4251,"9354 Commodo Street"
351,351,"Emily Medina",Female,79,1-498-652-3616,"227-242 Amet, St."
352,352,"Abel Campbell",Female,52,1-812-476-7399,"P.O. Box 562, 2525 Eget Rd."
353,353,"Daryl Sweeney",Female,15,1-355-251-7844,"Ap #963-5039 Vitae, Ave"
354,354,"Clementine Nielsen",Female,31,1-424-933-4554,"P.O. Box 595, 9185 Dui Rd."
355,355,"Ashton Turner",Male,33,1-983-127-2671,"847-6668 Eu, Ave"
356,356,"Phoebe Miller",Male,21,1-643-669-8311,"7806 Augue Road"
357,357,"Tatyana Faulkner",Female,17,1-814-624-1622,"302-1652 Aliquet St."
358,358,"May Pearson",Female,25,1-357-877-8526,"Ap #107-8314 Ut Ave"
359,359,"Bert Dawson",Female,53,1-474-388-6717,"8720 Lectus Avenue"
360,360,"Petra Hayden",Male,21,1-252-728-1912,"694-7221 Dignissim St."
361,361,"Jessica Barker",Female,50,1-774-782-9584,"302-7702 Aliquet St."
362,362,"Erasmus Ortiz",Male,70,1-658-788-2155,"9849 Mattis. Street"
363,363,"Aretha Osborne",Male,56,1-266-425-1376,"Ap #640-2001 Etiam Av."
364,364,"Uma Mccormick",Female,44,1-298-475-7434,"207-7699 Natoque Street"
365,365,"Tobias Hebert",Female,38,1-633-228-0531,"463-8059 Aenean Street"
366,366,"Quintessa English",Male,20,1-426-505-6825,"Ap #338-4699 Sed Street"
367,367,"Nina Wells",Male,79,1-221-731-4580,"185-1396 Eget, St."
368,368,"Abra Hahn",Male,64,1-866-805-4222,"Ap #791-7737 Ipsum. Road"
369,369,"Inga Morrison",Male,76,1-534-225-8428,"Ap #886-2352 Ultrices Rd."
370,370,"Jack Torres",Female,49,1-635-631-4280,"P.O. Box 926, 491 Sed Rd."
371,371,"Ray Workman",Male,47,1-583-335-1426,"5662 Dictum Rd."
372,372,"Shana Gill",Male,20,1-606-754-8867,"Ap #156-7078 Tempus Ave"
373,373,"Amos Tanner",Female,35,1-473-411-4548,"Ap #484-9974 Donec Rd."
374,374,"Jin Mann",Male,72,1-544-844-1524,"9866 Libero. Avenue"
375,375,"Susan Sargent",Female,43,1-975-439-6713,"351-6417 Lorem, Rd."
376,376,"Dennis Sargent",Female,65,1-853-342-2862,"189-6986 Orci Rd."
377,377,"Hiroko Oliver",Male,32,1-857-523-4953,"P.O. Box 706, 5402 Vel Road"
378,378,"Tad Ryan",Male,51,1-817-574-2073,"764-7297 Eleifend Rd."
379,379,"Kirestin Rush",Female,61,1-292-333-1276,"P.O. Box 433, 9285 Metus. St."
380,380,"Britanni Jimenez",Female,45,1-844-683-2283,"Ap #196-7062 Aenean Street"
381,381,"Julian Mccarthy",Female,26,1-356-133-4113,"6891 Aliquam St."
382,382,"Buffy Huber",Male,68,1-731-517-7731,"Ap #144-1139 Cursus. Av."
383,383,"Abra Sargent",Male,47,1-853-765-2869,"Ap #547-5147 Vel, Avenue"
384,384,"Lenore Hewitt",Male,39,1-373-987-8674,"482-6657 Aliquet Av."
385,385,"Sybill Reeves",Male,75,1-475-933-7573,"263-4591 Nullam Avenue"
386,386,"Emily Frye",Female,25,1-266-228-7113,"334 Semper St."
387,387,"Brennan Maddox",Female,66,1-441-969-8275,"758-7257 Non, St."
388,388,"Chaney Faulkner",Female,47,1-821-743-1773,"Ap #183-288 Urna. Rd."
389,389,"Destiny Fry",Male,44,1-210-687-7680,"Ap #616-6561 Ac Road"
390,390,"Kermit Mccarthy",Female,72,1-514-283-5316,"Ap #917-3755 Ante. Road"
391,391,"Molly Silva",Male,71,1-407-184-0697,"P.O. Box 135, 8230 Litora Ave"
392,392,"Hyatt Mercer",Male,32,1-474-263-0181,"P.O. Box 236, 7135 Penatibus St."
393,393,"Joshua Robles",Male,28,1-540-656-6119,"Ap #198-8485 Feugiat Rd."
394,394,"Madison Huber",Male,25,1-711-776-2226,"Ap #366-692 In Rd."
395,395,"Dorian Farmer",Female,63,1-271-687-9822,"Ap #756-5213 Est. Ave"
396,396,"Rhona Brady",Male,29,1-116-866-5822,"749-223 Mattis Av."
397,397,"Ivana Gonzalez",Male,46,1-562-620-9165,"Ap #636-1090 Vulputate Rd."
398,398,"Katell Brooks",Male,43,1-812-238-7638,"Ap #520-8207 Ornare Rd."
399,399,"Brock Rhodes",Male,22,1-827-295-6984,"482-2867 Facilisis Road"
400,400,"Amelia Buckley",Female,51,1-551-661-8681,"976-6721 Scelerisque St."
401,401,"Driscoll Morales",Female,20,1-378-558-5132,"P.O. Box 114, 2712 Tempus St."
402,402,"Palmer Whitley",Female,65,1-772-740-9526,"646-7920 Lectus St."
403,403,"Mariko Padilla",Female,60,1-782-648-5675,"Ap #253-8398 Dolor. Rd."
404,404,"Kai Norton",Female,78,1-450-570-3565,"415-6326 Viverra. Av."
405,405,"Hu Simon",Male,64,1-245-547-3632,"P.O. Box 674, 7576 Risus. St."
406,406,"Dale Clay",Female,49,1-682-893-0076,"129-7057 Integer Rd."
407,407,"Dylan O'Neill",Male,56,1-671-358-6507,"Ap #611-798 Quam Avenue"
408,408,"Stacey Caldwell",Male,50,1-712-188-4358,"3852 Accumsan Road"
409,409,"Amaya Barnes",Male,60,1-827-839-1345,"Ap #888-8659 Tellus Av."
410,410,"Cedric Curtis",Male,37,1-558-273-2011,"P.O. Box 251, 8050 Vitae St."
411,411,"Lucy Price",Male,49,1-914-467-5755,"4954 Eleifend Street"
412,412,"Clinton Boyd",Female,59,1-311-655-2771,"378-5820 Quam. St."
413,413,"Camille Powers",Female,22,1-483-222-4221,"9547 Libero. Road"
414,414,"Ora O'brien",Male,57,1-377-740-7211,"Ap #652-6948 Pede, Av."
415,415,"Gay Knight",Male,56,1-832-664-5580,"233-4944 Sodales Street"
416,416,"Fay Rasmussen",Female,25,1-732-458-4748,"287-8678 Purus Street"
417,417,"Victor Roberson",Male,49,1-149-245-2840,"Ap #803-2285 Ligula. St."
418,418,"Jacob Mckenzie",Female,45,1-260-314-3402,"5731 Fermentum Av."
419,419,"Wesley Shepherd",Female,74,1-694-358-6123,"861-8915 Et Ave"
420,420,"Tamekah Donaldson",Male,58,1-697-294-3076,"P.O. Box 716, 8890 Iaculis Ave"
421,421,"Suki Burton",Male,79,1-328-762-5256,"Ap #560-2237 Cras St."
422,422,"Justina Harper",Male,21,1-318-742-2266,"1608 Ultricies Rd."
423,423,"Cedric Jennings",Male,16,1-614-388-3651,"Ap #205-3910 In Av."
424,424,"Colorado Cummings",Male,24,1-446-438-8882,"P.O. Box 934, 3893 Praesent Ave"
425,425,"Colorado Vinson",Male,72,1-278-974-6282,"416-6973 Senectus Ave"
426,426,"Ulysses Blevins",Male,32,1-663-420-1122,"839-7926 Dui, Av."
427,427,"Tamara Solis",Female,74,1-885-286-8330,"Ap #842-7414 Magna. Street"
428,428,"Willow Guzman",Male,66,1-303-319-2193,"9198 Amet St."
429,429,"Aquila Hardin",Female,74,1-751-487-7050,"Ap #413-8555 Diam Av."
430,430,"Ezekiel Middleton",Male,16,1-269-431-1680,"970-6780 Ac St."
431,431,"Bell Vazquez",Female,79,1-456-673-8477,"843-6734 Nisi. Ave"
432,432,"Myles Bauer",Female,17,1-337-761-5413,"Ap #395-9322 Sollicitudin Road"
433,433,"Uta Hardy",Male,45,1-676-361-4265,"Ap #976-1673 Neque St."
434,434,"Cassidy Anderson",Male,65,1-606-873-4768,"609-6988 Adipiscing, Rd."
435,435,"Zeus Sears",Male,52,1-640-841-3257,"656-5470 Dolor Street"
436,436,"Avye Mccall",Male,35,1-654-653-1549,"2908 Ut, St."
437,437,"Charissa Bell",Female,49,1-614-623-8858,"9532 Risus St."
438,438,"Hasad Erickson",Female,20,1-884-355-1055,"Ap #376-716 Nunc Road"
439,439,"Isabella Case",Male,66,1-832-963-0958,"P.O. Box 485, 3435 Dapibus Rd."
440,440,"Kaseem Hancock",Female,33,1-124-859-5971,"493-1841 Tellus. Rd."
441,441,"Blaze Conley",Male,75,1-859-473-8827,"330 Gravida. Rd."
442,442,"Stephanie Gilmore",Male,49,1-809-614-3984,"809-2129 Libero Av."
443,443,"Stacy Herrera",Female,29,1-361-856-6432,"Ap #110-2343 Pede. Road"
444,444,"Calvin Henry",Female,27,1-840-555-1561,"Ap #807-575 Risus. Avenue"
445,445,"Amy Deleon",Male,55,1-232-884-8187,"Ap #313-3627 A, Av."
446,446,"Wynne Harris",Male,55,1-865-735-5761,"6140 Cum St."
447,447,"Blake Gill",Male,65,1-277-376-4083,"Ap #967-8686 Amet, Road"
448,448,"Justina Cantu",Female,72,1-912-411-6608,"Ap #124-2505 Dui Ave"
449,449,"Solomon Dyer",Female,61,1-484-476-9812,"P.O. Box 494, 9104 Semper. Rd."
450,450,"Garrett Yates",Female,41,1-499-836-5091,"8087 Dapibus Av."
451,451,"Hamilton Chan",Male,16,1-355-553-5755,"Ap #591-3278 Pellentesque. St."
452,452,"Cruz Mccarty",Male,64,1-151-565-6611,"P.O. Box 465, 5111 Ridiculus Street"
453,453,"Brian Barrera",Female,57,1-237-325-2688,"P.O. Box 871, 9806 Nulla. Av."
454,454,"Germane Patterson",Male,35,1-975-595-1324,"Ap #659-2676 Suspendisse Street"
455,455,"Zelda Hendricks",Male,42,1-397-135-6223,"801-1305 Facilisis. Avenue"
456,456,"Fay Swanson",Male,53,1-441-647-5418,"Ap #425-6902 Justo St."
457,457,"Faith Joyner",Female,65,1-726-171-2072,"P.O. Box 635, 2517 Augue St."
458,458,"Eleanor Spence",Female,51,1-371-711-7434,"9569 Et, Rd."
459,459,"Alfonso Mcintosh",Male,72,1-358-228-7612,"261-1343 Mauris Av."
460,460,"Madeline Clark",Female,64,1-533-345-1301,"P.O. Box 767, 3669 Erat, Road"
461,461,"Hasad Garza",Male,71,1-381-946-4949,"403-7984 Libero. Rd."
462,462,"Halee Alston",Female,20,1-856-980-6774,"3251 Amet Avenue"
463,463,"Summer Dorsey",Female,55,1-343-457-1343,"3847 Fermentum Avenue"
464,464,"Nevada Norris",Male,68,1-357-726-3184,"703-1631 Ultrices. St."
465,465,"Kirby Matthews",Male,73,1-961-495-5970,"677 Risus. St."
466,466,"Adria Chaney",Female,40,1-218-309-8524,"Ap #658-2899 Tristique St."
467,467,"Alexander Merritt",Male,54,1-712-680-2118,"147-2923 Sollicitudin St."
468,468,"Nasim Browning",Male,19,1-233-636-6419,"4877 Mauris Rd."
469,469,"Linda Kaufman",Female,32,1-310-414-1822,"Ap #347-6787 Molestie Road"
470,470,"Sylvester Charles",Female,61,1-438-878-1262,"P.O. Box 308, 6227 Dui. Rd."
471,471,"Alexis Woodward",Male,79,1-628-632-0446,"4744 Eu, Rd."
472,472,"Daquan Rocha",Female,27,1-489-667-5842,"954-6185 Nisi. Road"
473,473,"Violet Nolan",Male,33,1-623-966-7731,"P.O. Box 890, 2634 Ut Road"
474,474,"Gil Kemp",Female,68,1-193-295-5167,"P.O. Box 975, 9538 Elit. Avenue"
475,475,"Odysseus Walker",Female,13,1-585-316-2810,"8864 Pellentesque Rd."
476,476,"Timon Summers",Male,65,1-838-548-3232,"802-6583 A Road"
477,477,"Tatiana Leblanc",Female,43,1-723-197-5224,"Ap #584-3768 Dictum Road"
478,478,"Harding Holman",Female,57,1-221-967-3289,"P.O. Box 308, 3723 Cras Road"
479,479,"Penelope Padilla",Female,58,1-682-250-7778,"672-123 Id, Av."
480,480,"Nayda Noel",Male,15,1-157-873-4933,"Ap #124-7237 Tempus Avenue"
481,481,"Driscoll O'connor",Male,18,1-685-177-3546,"Ap #677-5283 Fusce Ave"
482,482,"Imani Sharp",Male,58,1-827-762-9271,"869-3274 Dictum St."
483,483,"Clark Ellis",Female,54,1-240-225-3248,"Ap #797-5589 Euismod Road"
484,484,"Francis Cross",Female,50,1-442-425-2481,"Ap #995-5205 Gravida. St."
485,485,"Ralph Ellison",Female,29,1-761-487-1998,"Ap #141-4905 Pretium St."
486,486,"Caldwell Reilly",Male,51,1-325-965-4256,"P.O. Box 242, 9575 Sit Ave"
487,487,"Ciaran Daniel",Female,35,1-347-572-6966,"P.O. Box 697, 5759 Sed Av."
488,488,"Barclay King",Female,55,1-637-545-8585,"Ap #991-5186 Suspendisse Ave"
489,489,"Uriel Orr",Male,46,1-715-343-3369,"Ap #472-9189 Natoque Rd."
490,490,"Tyler Puckett",Female,39,1-347-507-3573,"4810 Nunc Street"
491,491,"Walker Sweeney",Female,55,1-683-445-3651,"880-9415 Quam Avenue"
492,492,"Nicole Santiago",Male,33,1-585-973-0253,"Ap #473-8147 Ut, Rd."
493,493,"Lucas Mcdowell",Female,38,1-783-161-9313,"927-4373 Tellus Avenue"
494,494,"Palmer Ramos",Female,70,1-684-456-6095,"Ap #516-6791 Tincidunt St."
495,495,"Allistair Hurley",Female,50,1-645-768-4812,"438-374 Adipiscing Avenue"
496,496,"Nichole Hale",Male,57,1-157-246-5062,"Ap #114-3494 Purus, Av."
497,497,"Aurelia Bush",Male,38,1-483-883-7294,"684-3139 Metus Avenue"
498,498,"Mufutau Caldwell",Male,52,1-775-754-0735,"Ap #180-2932 Vitae St."
499,499,"Amethyst Matthews",Male,45,1-376-198-3497,"798-3140 Condimentum Rd."
500,500,"Ira Morales",Female,67,1-362-431-3166,"744-4348 Nulla. Ave"
