PlaylistID,Name,Duration,CreatorID
1,"My Favorites",02:30:00,205
2,"Road Trip Mix",03:45:00,232
3,"Chill Vibes",01:50:00,242
4,"Workout Beats",01:15:00,212
5,"Study Session",02:00:00,37
6,"Party Anthems",04:30:00,146
7,"Relaxation Station",02:15:00,20
8,"Throwback Jams",03:10:00,262
9,"Morning Motivation",01:45:00,47
10,"Late Night Vibes",03:20:00,49
11,"Driving Tunes",02:45:00,105
12,"Focus Flow",02:25:00,75
13,"Epic Soundtrack",04:00:00,61
14,"Soulful Serenade",03:05:00,79
15,"Dinner Party Mix",02:40:00,213
16,"Groovy Grooves",03:30:00,226
17,"Rainy Day Melodies",02:55:00,190
18,"Gaming Glory",02:10:00,273
19,"Classical Elegance",03:15:00,194
20,"90s Nostalgia",03:50:00,150
21,"Coffee Shop Acoustics",01:35:00,167
22,"Reggaeton Rhythms",04:10:00,84
23,"Indie Discovery",03:40:00,220
24,"Holiday Cheer",02:20:00,247
25,"Karaoke Classics",03:25:00,276
26,"Dubstep Madness",04:15:00,36
27,"Latin Dance Fiesta",02:50:00,253
28,"Motivational Beats",02:05:00,257
29,"Travelers Playlist",03:55:00,224
30,"Romantic Ballads",03:00:00,49
31,"Experimental Electronica",03:35:00,173
32,"Punk Rock Revolution",02:30:00,118
33,"Country Roads",03:45:00,68
34,"Summer Beach Party",01:50:00,288
35,"Hip Hop Hustle",01:15:00,36
36,"Soothing Spa Sounds",02:00:00,214
37,"Dancehall Bashment",04:30:00,61
38,"Smooth Jazz Lounge",02:15:00,264
39,"Pop Divas Anthems",03:10:00,237
40,"Epic Guitar Solos",01:45:00,90
41,"Rock Classics",03:20:00,39
42,"Ambient Dreams",02:25:00,225
43,"Trap Nation",04:00:00,107
44,"Gospel Glory",03:05:00,159
45,"Latin Jazz Fiesta",02:40:00,175
46,"Country Love Songs",03:30:00,96
47,"Uplifting Anthems",02:55:00,254
48,"Motown Classics",02:10:00,83
49,"Indie Folk Journey",03:15:00,253
50,"Dub Reggae Vibes",03:50:00,115
51,"Late Night Vibes",02:10:00,114
52,"Morning Motivation",01:30:00,227
53,"Feel Good Hits",02:45:00,191
54,"Throwback Classics",03:20:00,275
55,"Electronic Dance Party",01:55:00,201
56,"Soothing Soundscape",02:25:00,178
57,"Indie Discovery",02:15:00,288
58,"Power Workout Mix",01:40:00,4
59,"Classic Country Hits",03:10:00,56
60,"R&B Slow Jams",02:30:00,270
61,"Latin Fiesta",02:05:00,278
62,"Rock Ballad Anthems",03:45:00,282
63,"Jazz Fusion Grooves",02:40:00,277
64,"Pop Punk Revolution",01:50:00,235
65,"Ambient Space Journey",02:55:00,44
66,"Ska and Reggae Party",02:15:00,117
67,"Soulful Serenade",03:30:00,150
68,"Metalcore Madness",02:10:00,101
69,"World Beats Adventure",03:00:00,51
70,"Classical Elegance",02:25:00,255
71,"Synthwave Dreamscape",03:20:00,221
72,"Hip Hop Heatwave",02:45:00,38
73,"Folk and Acoustic Tales",02:05:00,126
74,"K-Pop Explosion",03:10:00,218
75,"Bluesy Blues Express",02:30:00,112
76,"Alternative Chillout",01:55:00,204
77,"Reggaeton Party Mix",02:20:00,83
78,"Hard Rock Anthems",03:45:00,102
79,"Electro Swing Swingin",02:40:00,261
80,"Country Road Trippin",01:50:00,99
81,"Indie Pop Wonderland",03:15:00,12
82,"Trap and Bass Boost",02:10:00,63
83,"Classic Piano Masterpieces",02:55:00,279
84,"Motivational Speeches and Beats",02:30:00,7
85,"Dancehall Explosion",03:35:00,94
86,"Smooth Jazz Vibes",02:15:00,149
87,"Grunge and Grind",02:00:00,164
88,"Acoustic Folk Journey",03:20:00,72
89,"Funky Disco Grooves",02:40:00,166
90,"Soothing Rain Sounds",01:50:00,14
91,"Progressive House Beats",03:05:00,174
92,"Guitar Shreddin Classics",02:25:00,226
93,"Rap Rhyme Revolution",02:45:00,6
94,"Classical Guitar Elegance",02:00:00,252
95,"Soulful Country Serenade",03:10:00,41
96,"Psychedelic Space Odyssey",02:30:00,49
97,"Pop Punk Power Hour",01:40:00,122
98,"Ambient Soundscapes",02:55:00,161
99,"Latin Jazz Fusion",03:15:00,141
100,"Indie Rock Anthems",02:10:00,221
101,"Classic Rock Rewind",03:30:00,82
102,"Chill Electronic Vibes",02:00:00,46
103,"Motivational Hip Hop Beats",02:45:00,283
104,"Acoustic Singer-Songwriter",02:15:00,78
105,"90s Nostalgia",03:20:00,138
106,"Synthwave Dreamscape",02:55:00,156
107,"Reggae Party Vibes",02:10:00,65
108,"Pop Punk Power Hour",01:40:00,159
109,"Soulful Jazz Jams",03:15:00,298
110,"Indie Folk Exploration",02:30:00,112
111,"Dubstep Drop Madness",02:05:00,266
112,"Country Road Trip",03:10:00,93
113,"Classical Piano Elegance",02:25:00,266
114,"Hip Hop Rhyme Revolution",02:45:00,150
115,"Soothing Rain Sounds",01:50:00,251
116,"Indie Rock Anthems",03:30:00,207
117,"Pop Dance Party Mix",02:00:00,281
118,"Rock Ballad Classics",02:40:00,185
119,"Motown Magic",02:15:00,81
120,"Ambient Soundscapes",03:20:00,149
121,"Latin Jazz Fusion",02:55:00,202
122,"Indie Pop Wonderland",02:10:00,260
123,"Trap and Bass Boost",01:40:00,96
124,"Classic Piano Masterpieces",02:30:00,299
125,"Soulful Country Serenade",03:10:00,5
126,"Psychedelic Space Odyssey",02:30:00,29
127,"Pop Punk Power Hour",01:40:00,129
128,"Ambient Soundscapes",02:55:00,259
129,"Latin Jazz Fusion",03:15:00,5
130,"Indie Rock Anthems",02:10:00,149
131,"Classic Rock Rewind",03:30:00,130
132,"Chill Electronic Vibes",02:00:00,202
133,"Motivational Hip Hop Beats",02:45:00,21
134,"Acoustic Singer-Songwriter",02:15:00,96
135,"90s Nostalgia",03:20:00,119
136,"Synthwave Dreamscape",02:55:00,6
137,"Reggae Party Vibes",02:10:00,273
138,"Pop Punk Power Hour",01:40:00,146
139,"Soulful Jazz Jams",03:15:00,209
140,"Indie Folk Exploration",02:30:00,7
141,"Dubstep Drop Madness",02:05:00,7
142,"Country Road Trip",03:10:00,15
143,"Classical Piano Elegance",02:25:00,53
144,"Hip Hop Rhyme Revolution",02:45:00,218
145,"Soothing Rain Sounds",01:50:00,32
146,"Indie Rock Anthems",03:30:00,104
147,"Pop Dance Party Mix",02:00:00,126
148,"Rock Ballad Classics",02:40:00,15
149,"Motown Magic",02:15:00,299
150,"Ambient Soundscapes",03:20:00,247
151,"Late Night Vibes",02:10:00,37
152,"Morning Motivation",01:30:00,44
153,"Feel Good Hits",02:45:00,108
154,"Throwback Classics",03:20:00,106
155,"Electronic Dance Party",01:55:00,207
156,"Soothing Soundscape",02:25:00,118
157,"Indie Discovery",02:15:00,266
158,"Power Workout Mix",01:40:00,77
159,"Classic Country Hits",03:10:00,187
160,"R&B Slow Jams",02:30:00,105
161,"Latin Fiesta",02:05:00,262
162,"Rock Ballad Anthems",03:45:00,93
163,"Jazz Fusion Grooves",02:40:00,278
164,"Pop Punk Revolution",01:50:00,212
165,"Ambient Space Journey",02:55:00,227
166,"Ska and Reggae Party",02:15:00,198
167,"Soulful Serenade",03:30:00,7
168,"Metalcore Madness",02:10:00,43
169,"World Beats Adventure",03:00:00,192
170,"Classical Elegance",02:25:00,232
171,"Synthwave Dreamscape",03:20:00,285
172,"Hip Hop Heatwave",02:45:00,125
173,"Folk and Acoustic Tales",02:05:00,69
174,"K-Pop Explosion",03:10:00,273
175,"Bluesy Blues Express",02:30:00,254
176,"Alternative Chillout",01:55:00,154
177,"Reggaeton Party Mix",02:20:00,6
178,"Hard Rock Anthems",03:45:00,166
179,"Electro Swing Swingin",02:40:00,213
180,"Country Road Trippin",01:50:00,268
181,"Indie Pop Wonderland",03:15:00,100
182,"Trap and Bass Boost",02:10:00,295
183,"Classic Piano Masterpieces",02:55:00,274
184,"Motivational Speeches and Beats",02:30:00,185
185,"Dancehall Explosion",03:35:00,102
186,"Smooth Jazz Vibes",02:15:00,254
187,"Grunge and Grind",02:00:00,62
188,"Acoustic Folk Journey",03:20:00,149
189,"Funky Disco Grooves",02:40:00,257
190,"Soothing Rain Sounds",01:50:00,239
191,"Progressive House Beats",03:05:00,125
192,"Guitar Shreddin Classics",02:25:00,207
193,"Rap Rhyme Revolution",02:45:00,59
194,"Classical Guitar Elegance",02:00:00,273
195,"Soulful Country Serenade",03:10:00,287
196,"Psychedelic Space Odyssey",02:30:00,17
197,"Pop Punk Power Hour",01:40:00,122
198,"Ambient Soundscapes",02:55:00,261
199,"Latin Jazz Fusion",03:15:00,36
200,"Indie Rock Anthems",02:10:00,299
201,"Late Night Vibes",02:10:00,185
202,"Morning Motivation",01:30:00,26
203,"Feel Good Hits",02:45:00,176
204,"Throwback Classics",03:20:00,201
205,"Electronic Dance Party",01:55:00,178
206,"Soothing Soundscape",02:25:00,286
207,"Indie Discovery",02:15:00,296
208,"Power Workout Mix",01:40:00,22
209,"Classic Country Hits",03:10:00,122
210,"R&B Slow Jams",02:30:00,241
211,"Latin Fiesta",02:05:00,240
212,"Rock Ballad Anthems",03:45:00,178
213,"Jazz Fusion Grooves",02:40:00,168
214,"Pop Punk Revolution",01:50:00,8
215,"Ambient Space Journey",02:55:00,132
216,"Ska and Reggae Party",02:15:00,37
217,"Soulful Serenade",03:30:00,88
218,"Metalcore Madness",02:10:00,30
219,"World Beats Adventure",03:00:00,184
220,"Classical Elegance",02:25:00,230
221,"Synthwave Dreamscape",03:20:00,296
222,"Hip Hop Heatwave",02:45:00,189
223,"Folk and Acoustic Tales",02:05:00,56
224,"K-Pop Explosion",03:10:00,12
225,"Bluesy Blues Express",02:30:00,193
226,"Alternative Chillout",01:55:00,26
227,"Reggaeton Party Mix",02:20:00,153
228,"Hard Rock Anthems",03:45:00,88
229,"Electro Swing Swingin",02:40:00,277
230,"Country Road Trippin",01:50:00,224
231,"Indie Pop Wonderland",03:15:00,286
232,"Trap and Bass Boost",02:10:00,157
233,"Classic Piano Masterpieces",02:55:00,228
234,"Motivational Speeches and Beats",02:30:00,68
235,"Dancehall Explosion",03:35:00,255
236,"Smooth Jazz Vibes",02:15:00,169
237,"Grunge and Grind",02:00:00,80
238,"Acoustic Folk Journey",03:20:00,193
239,"Funky Disco Grooves",02:40:00,127
240,"Soothing Rain Sounds",01:50:00,52
241,"Progressive House Beats",03:05:00,181
242,"Guitar Shreddin Classics",02:25:00,150
243,"Rap Rhyme Revolution",02:45:00,203
244,"Classical Guitar Elegance",02:00:00,268
245,"Soulful Country Serenade",03:10:00,128
246,"Psychedelic Space Odyssey",02:30:00,138
247,"Pop Punk Power Hour",01:40:00,4
248,"Ambient Soundscapes",02:55:00,207
249,"Latin Jazz Fusion",03:15:00,123
250,"Indie Rock Anthems",02:10:00,292
251,"Late Night Vibes",02:10:00,189
252,"Morning Motivation",01:30:00,72
253,"Feel Good Hits",02:45:00,91
254,"Throwback Classics",03:20:00,237
255,"Electronic Dance Party",01:55:00,13
256,"Soothing Soundscape",02:25:00,253
257,"Indie Discovery",02:15:00,27
258,"Power Workout Mix",01:40:00,275
259,"Classic Country Hits",03:10:00,93
260,"R&B Slow Jams",02:30:00,240
261,"Latin Fiesta",02:05:00,20
262,"Rock Ballad Anthems",03:45:00,281
263,"Jazz Fusion Grooves",02:40:00,142
264,"Pop Punk Revolution",01:50:00,167
265,"Ambient Space Journey",02:55:00,107
266,"Ska and Reggae Party",02:15:00,36
267,"Soulful Serenade",03:30:00,158
268,"Metalcore Madness",02:10:00,82
269,"World Beats Adventure",03:00:00,233
270,"Classical Elegance",02:25:00,21
271,"Synthwave Dreamscape",03:20:00,5
272,"Hip Hop Heatwave",02:45:00,263
273,"Folk and Acoustic Tales",02:05:00,98
274,"K-Pop Explosion",03:10:00,1
275,"Bluesy Blues Express",02:30:00,10
276,"Alternative Chillout",01:55:00,48
277,"Reggaeton Party Mix",02:20:00,211
278,"Hard Rock Anthems",03:45:00,8
279,"Electro Swing Swingin",02:40:00,5
280,"Country Road Trippin",01:50:00,2
281,"Indie Pop Wonderland",03:15:00,293
282,"Trap and Bass Boost",02:10:00,259
283,"Classic Piano Masterpieces",02:55:00,118
284,"Motivational Speeches and Beats",02:30:00,110
285,"Dancehall Explosion",03:35:00,198
286,"Smooth Jazz Vibes",02:15:00,58
287,"Grunge and Grind",02:00:00,294
288,"Acoustic Folk Journey",03:20:00,95
289,"Funky Disco Grooves",02:40:00,192
290,"Soothing Rain Sounds",01:50:00,76
291,"Progressive House Beats",03:05:00,102
292,"Guitar Shreddin Classics",02:25:00,284
293,"Rap Rhyme Revolution",02:45:00,212
294,"Classical Guitar Elegance",02:00:00,208
295,"Soulful Country Serenade",03:10:00,104
296,"Psychedelic Space Odyssey",02:30:00,195
297,"Pop Punk Power Hour",01:40:00,64
298,"Ambient Soundscapes",02:55:00,33
299,"Latin Jazz Fusion",03:15:00,272
300,"Indie Rock Anthems",02:10:00,62
301,"Late Night Vibes",02:10:00,91
302,"Morning Motivation",01:30:00,271
303,"Feel Good Hits",02:45:00,182
304,"Throwback Classics",03:20:00,95
305,"Electronic Dance Party",01:55:00,230
306,"Soothing Soundscape",02:25:00,265
307,"Indie Discovery",02:15:00,35
308,"Power Workout Mix",01:40:00,279
309,"Classic Country Hits",03:10:00,88
310,"R&B Slow Jams",02:30:00,201
311,"Latin Fiesta",02:05:00,143
312,"Rock Ballad Anthems",03:45:00,110
313,"Jazz Fusion Grooves",02:40:00,123
314,"Pop Punk Revolution",01:50:00,284
315,"Ambient Space Journey",02:55:00,148
316,"Ska and Reggae Party",02:15:00,188
317,"Soulful Serenade",03:30:00,196
318,"Metalcore Madness",02:10:00,118
319,"World Beats Adventure",03:00:00,298
320,"Classical Elegance",02:25:00,238
321,"Synthwave Dreamscape",03:20:00,294
322,"Hip Hop Heatwave",02:45:00,155
323,"Folk and Acoustic Tales",02:05:00,194
324,"K-Pop Explosion",03:10:00,206
325,"Bluesy Blues Express",02:30:00,144
326,"Alternative Chillout",01:55:00,104
327,"Reggaeton Party Mix",02:20:00,88
328,"Hard Rock Anthems",03:45:00,126
329,"Electro Swing Swingin",02:40:00,68
330,"Country Road Trippin",01:50:00,259
331,"Indie Pop Wonderland",03:15:00,193
332,"Trap and Bass Boost",02:10:00,187
333,"Classic Piano Masterpieces",02:55:00,54
334,"Motivational Speeches and Beats",02:30:00,11
335,"Dancehall Explosion",03:35:00,192
336,"Smooth Jazz Vibes",02:15:00,26
337,"Grunge and Grind",02:00:00,155
338,"Acoustic Folk Journey",03:20:00,94
339,"Funky Disco Grooves",02:40:00,5
340,"Soothing Rain Sounds",01:50:00,44
341,"Progressive House Beats",03:05:00,202
342,"Guitar Shreddin Classics",02:25:00,280
343,"Rap Rhyme Revolution",02:45:00,192
344,"Classical Guitar Elegance",02:00:00,121
345,"Soulful Country Serenade",03:10:00,30
346,"Psychedelic Space Odyssey",02:30:00,83
347,"Pop Punk Power Hour",01:40:00,28
348,"Ambient Soundscapes",02:55:00,188
349,"Latin Jazz Fusion",03:15:00,257
350,"Indie Rock Anthems",02:10:00,119
351,"Late Night Vibes",02:10:00,123
352,"Morning Motivation",01:30:00,258
353,"Feel Good Hits",02:45:00,23
354,"Throwback Classics",03:20:00,237
355,"Electronic Dance Party",01:55:00,216
356,"Soothing Soundscape",02:25:00,70
357,"Indie Discovery",02:15:00,3
358,"Power Workout Mix",01:40:00,102
359,"Classic Country Hits",03:10:00,203
360,"R&B Slow Jams",02:30:00,109
361,"Latin Fiesta",02:05:00,233
362,"Rock Ballad Anthems",03:45:00,239
363,"Jazz Fusion Grooves",02:40:00,195
364,"Pop Punk Revolution",01:50:00,257
365,"Ambient Space Journey",02:55:00,102
366,"Ska and Reggae Party",02:15:00,36
367,"Soulful Serenade",03:30:00,172
368,"Metalcore Madness",02:10:00,154
369,"World Beats Adventure",03:00:00,255
370,"Classical Elegance",02:25:00,210
371,"Synthwave Dreamscape",03:20:00,286
372,"Hip Hop Heatwave",02:45:00,197
373,"Folk and Acoustic Tales",02:05:00,129
374,"K-Pop Explosion",03:10:00,51
375,"Bluesy Blues Express",02:30:00,170
376,"Alternative Chillout",01:55:00,96
377,"Reggaeton Party Mix",02:20:00,270
378,"Hard Rock Anthems",03:45:00,163
379,"Electro Swing Swingin",02:40:00,2
380,"Country Road Trippin",01:50:00,122
381,"Indie Pop Wonderland",03:15:00,1
382,"Trap and Bass Boost",02:10:00,242
383,"Classic Piano Masterpieces",02:55:00,4
384,"Motivational Speeches and Beats",02:30:00,196
385,"Dancehall Explosion",03:35:00,67
386,"Smooth Jazz Vibes",02:15:00,45
387,"Grunge and Grind",02:00:00,24
388,"Acoustic Folk Journey",03:20:00,284
389,"Funky Disco Grooves",02:40:00,146
390,"Soothing Rain Sounds",01:50:00,179
391,"Progressive House Beats",03:05:00,157
392,"Guitar Shreddin Classics",02:25:00,249
393,"Rap Rhyme Revolution",02:45:00,173
394,"Classical Guitar Elegance",02:00:00,118
395,"Soulful Country Serenade",03:10:00,68
396,"Psychedelic Space Odyssey",02:30:00,286
397,"Pop Punk Power Hour",01:40:00,25
398,"Ambient Soundscapes",02:55:00,166
399,"Latin Jazz Fusion",03:15:00,155
400,"Indie Rock Anthems",02:10:00,276
401,"Late Night Vibes",02:10:00,16
402,"Morning Motivation",01:30:00,152
403,"Feel Good Hits",02:45:00,110
404,"Throwback Classics",03:20:00,95
405,"Electronic Dance Party",01:55:00,145
406,"Soothing Soundscape",02:25:00,140
407,"Indie Discovery",02:15:00,263
408,"Power Workout Mix",01:40:00,295
409,"Classic Country Hits",03:10:00,87
410,"R&B Slow Jams",02:30:00,148
411,"Latin Fiesta",02:05:00,181
412,"Rock Ballad Anthems",03:45:00,159
413,"Jazz Fusion Grooves",02:40:00,250
414,"Pop Punk Revolution",01:50:00,173
415,"Ambient Space Journey",02:55:00,116
416,"Ska and Reggae Party",02:15:00,61
417,"Soulful Serenade",03:30:00,256
418,"Metalcore Madness",02:10:00,195
419,"World Beats Adventure",03:00:00,208
420,"Classical Elegance",02:25:00,152
421,"Synthwave Dreamscape",03:20:00,137
422,"Hip Hop Heatwave",02:45:00,228
423,"Folk and Acoustic Tales",02:05:00,127
424,"K-Pop Explosion",03:10:00,251
425,"Bluesy Blues Express",02:30:00,274
426,"Alternative Chillout",01:55:00,19
427,"Reggaeton Party Mix",02:20:00,169
428,"Hard Rock Anthems",03:45:00,188
429,"Electro Swing Swingin",02:40:00,134
430,"Country Road Trippin",01:50:00,105
431,"Indie Pop Wonderland",03:15:00,122
432,"Trap and Bass Boost",02:10:00,296
433,"Classic Piano Masterpieces",02:55:00,212
434,"Motivational Speeches and Beats",02:30:00,174
435,"Dancehall Explosion",03:35:00,232
436,"Smooth Jazz Vibes",02:15:00,39
437,"Grunge and Grind",02:00:00,99
438,"Acoustic Folk Journey",03:20:00,77
439,"Funky Disco Grooves",02:40:00,89
440,"Soothing Rain Sounds",01:50:00,212
441,"Progressive House Beats",03:05:00,194
442,"Guitar Shreddin Classics",02:25:00,35
443,"Rap Rhyme Revolution",02:45:00,189
444,"Classical Guitar Elegance",02:00:00,239
445,"Soulful Country Serenade",03:10:00,30
446,"Psychedelic Space Odyssey",02:30:00,33
447,"Pop Punk Power Hour",01:40:00,74
448,"Ambient Soundscapes",02:55:00,272
449,"Latin Jazz Fusion",03:15:00,236
450,"Indie Rock Anthems",02:10:00,62
451,"Late Night Vibes",02:10:00,203
452,"Morning Motivation",01:30:00,226
453,"Feel Good Hits",02:45:00,224
454,"Throwback Classics",03:20:00,141
455,"Electronic Dance Party",01:55:00,31
456,"Soothing Soundscape",02:25:00,31
457,"Indie Discovery",02:15:00,62
458,"Power Workout Mix",01:40:00,217
459,"Classic Country Hits",03:10:00,297
460,"R&B Slow Jams",02:30:00,234
461,"Latin Fiesta",02:05:00,280
462,"Rock Ballad Anthems",03:45:00,95
463,"Jazz Fusion Grooves",02:40:00,236
464,"Pop Punk Revolution",01:50:00,293
465,"Ambient Space Journey",02:55:00,159
466,"Ska and Reggae Party",02:15:00,214
467,"Soulful Serenade",03:30:00,292
468,"Metalcore Madness",02:10:00,220
469,"World Beats Adventure",03:00:00,222
470,"Classical Elegance",02:25:00,149
471,"Synthwave Dreamscape",03:20:00,77
472,"Hip Hop Heatwave",02:45:00,240
473,"Folk and Acoustic Tales",02:05:00,68
474,"K-Pop Explosion",03:10:00,220
475,"Bluesy Blues Express",02:30:00,296
476,"Alternative Chillout",01:55:00,218
477,"Reggaeton Party Mix",02:20:00,202
478,"Hard Rock Anthems",03:45:00,54
479,"Electro Swing Swingin",02:40:00,266
480,"Country Road Trippin",01:50:00,267
481,"Indie Pop Wonderland",03:15:00,236
482,"Trap and Bass Boost",02:10:00,77
483,"Classic Piano Masterpieces",02:55:00,278
484,"Motivational Speeches and Beats",02:30:00,257
485,"Dancehall Explosion",03:35:00,150
486,"Smooth Jazz Vibes",02:15:00,278
487,"Grunge and Grind",02:00:00,42
488,"Acoustic Folk Journey",03:20:00,277
489,"Funky Disco Grooves",02:40:00,55
490,"Soothing Rain Sounds",01:50:00,44
491,"Progressive House Beats",03:05:00,57
492,"Guitar Shreddin Classics",02:25:00,151
493,"Rap Rhyme Revolution",02:45:00,282
494,"Classical Guitar Elegance",02:00:00,56
495,"Soulful Country Serenade",03:10:00,33
496,"Psychedelic Space Odyssey",02:30:00,296
497,"Pop Punk Power Hour",01:40:00,183
498,"Ambient Soundscapes",02:55:00,27
499,"Latin Jazz Fusion",03:15:00,184
500,"Indie Rock Anthems",02:10:00,240
