ID,Title,Duration,Artist_ID
1,"Bohemian Rhapsody",05:55:00,50
2,Imagine,03:03:00,48
3,"Like a Rolling Stone",06:13:00,41
4,"Hey Jude",07:11:00,12
5,"What's Going On",03:52:00,38
6,"Billie Jean",04:54:00,50
7,"Rolling in the Deep",03:48:00,36
8,"Purple Haze",02:52:00,32
9,"Stairway to Heaven",08:02:00,49
10,Superstition,04:26:00,49
11,"Dancing Queen",03:51:00,46
12,"I Will Always Love You",04:31:00,35
13,"Hotel California",06:30:00,35
14,"Smells Like Teen Spirit",05:01:00,19
15,"Shape of You",03:53:00,40
16,"Fly Me to the Moon",02:35:00,42
17,Hallelujah,04:38:00,40
18,Wonderwall,04:18:00,23
19,"Uptown Funk",04:30:00,45
20,"Watermelon Sugar",02:54:00,6
21,"Bad Romance",04:54:00,45
22,"Piano Man",05:37:00,7
23,"Brown Eyed Girl",03:03:00,50
24,"Sweet Child o' Mine",05:56:00,27
25,Yesterday,02:05:00,37
26,Wannabe,02:53:00,50
27,"Blinding Lights",03:22:00,40
28,"Every Breath You Take",04:13:00,48
29,Thriller,05:57:00,22
30,"Take Me to Church",04:02:00,15
31,"Dance Monkey",03:29:00,8
32,"Unchained Melody",03:37:00,43
33,Despacito,03:49:00,44
34,"Let It Be",03:50:00,37
35,"Sweet Caroline",03:21:00,5
36,"Somewhere Over the Rainbow",03:27:00,14
37,"Lean On Me",04:18:00,2
38,"Can't Stop the Feeling!",03:56:00,20
39,Crazy,03:58:00,41
40,"Stand by Me",02:55:00,48
41,"Don't Stop Believin'",04:11:00,13
42,Havana,03:37:00,24
43,"Sweet Home Alabama",04:45:00,27
44,"Take On Me",03:48:00,14
45,"My Way",04:34:00,37
46,"Every Rose Has Its Thorn",04:20:00,44
47,Perfect,04:23:00,9
48,"The Box",03:17:00,14
49,"Old Town Road",01:53:00,39
50,"Shape of My Heart",04:39:00,5
51,"Boogie Wonderland",04:47:00,9
52,"A Thousand Years",04:45:00,27
53,"Eye of the Tiger",04:03:00,7
54,"My Heart Will Go On",04:41:00,5
55,"Sound of Silence",03:05:00,5
56,"Wrecking Ball",03:41:00,8
57,"La Bamba",02:45:00,25
58,"Someone Like You",04:45:00,2
59,"Shut Up and Dance",03:19:00,32
60,"Lucy in the Sky with Diamonds",03:28:00,4
61,"Sweet Dreams (Are Made of This)",03:36:00,25
62,"Total Eclipse of the Heart",04:29:00,14
63,Radioactive,03:06:00,41
64,"Sweet Caroline",03:21:00,15
65,"All of Me",04:29:00,2
66,"Man in the Mirror",05:19:00,14
67,"With or Without You",04:56:00,12
68,"Let Her Go",04:12:00,19
69,"Bad Blood",03:32:00,8
70,"Mad World",03:09:00,31
71,"Counting Stars",04:17:00,32
72,Chandelier,03:36:00,17
73,"Born to Run",04:31:00,39
74,"Drops of Jupiter",04:20:00,44
75,Africa,04:55:00,3
76,"The Sound of Music",02:45:00,32
77,"I'll Be There",03:57:00,50
78,"Wind Beneath My Wings",04:54:00,3
79,"Shape of My Heart",04:39:00,15
80,"La La Land",03:08:00,16
81,"Boulevard of Broken Dreams",04:20:00,33
82,Clocks,05:07:00,16
83,"I Want to Hold Your Hand",02:27:00,32
84,Titanium,04:05:00,12
85,"Circle of Life",04:52:00,14
86,"Wish You Were Here",05:40:00,34
87,"Blue Suede Shoes",02:00:00,26
88,"Sweet Caroline",03:21:00,27
89,"I'm Yours",04:02:00,8
90,"I'm a Believer",02:46:00,9
91,Yellow,04:29:00,18
92,"My Way",04:34:00,16
93,"Every Breath You Take",04:13:00,23
94,"Chasing Cars",04:26:00,16
95,"New York, New York",03:20:00,13
96,"What a Wonderful World",02:21:00,15
97,"Let It Go",03:44:00,34
98,"Sweet Child o' Mine",05:56:00,26
99,"Just the Way You Are",03:40:00,27
100,Blackbird,02:18:00,5
101,"I Want to Know What Love Is",05:00:00,45
102,"Radio Ga Ga",05:44:00,8
103,"Sweet Child o' Mine",05:56:00,4
104,Wannabe,02:53:00,48
105,"Black Hole Sun",05:18:00,27
106,Waterloo,02:46:00,40
107,"Super Trouper",04:14:00,21
108,"Bohemian Rhapsody",05:55:00,31
109,Africa,04:55:00,42
110,"The Night We Met",03:29:00,18
111,"Don't Stop Believin'",04:11:00,13
112,"The Scientist",05:09:00,12
113,"Smooth Criminal",04:17:00,19
114,Blackbird,02:18:00,8
115,Royals,03:10:00,35
116,"Every Breath You Take",04:13:00,47
117,"Space Oddity",05:22:00,31
118,"California Dreamin'",02:42:00,15
119,"Like a Rolling Stone",06:13:00,30
120,"I Will Always Love You",04:31:00,3
121,"Purple Haze",02:52:00,25
122,"What's Going On",03:52:00,17
123,"Rolling in the Deep",03:48:00,8
124,"Piano Man",05:37:00,38
125,Wonderwall,04:18:00,15
126,"Let It Be",03:50:00,13
127,"Sweet Caroline",03:21:00,18
128,"Unchained Melody",03:37:00,2
129,Chandelier,03:36:00,5
130,"Eye of the Tiger",04:03:00,16
131,"Total Eclipse of the Heart",04:29:00,17
132,"Fly Me to the Moon",02:35:00,36
133,"Man in the Mirror",05:19:00,28
134,"With or Without You",04:56:00,33
135,"Bad Blood",03:32:00,31
136,"Mad World",03:09:00,5
137,"Counting Stars",04:17:00,30
138,"Born to Run",04:31:00,35
139,"Drops of Jupiter",04:20:00,34
140,"The Sound of Music",02:45:00,15
141,"I'll Be There",03:57:00,24
142,"Wind Beneath My Wings",04:54:00,24
143,"Shape of My Heart",04:39:00,49
144,"La La Land",03:08:00,21
145,"Boulevard of Broken Dreams",04:20:00,9
146,Clocks,05:07:00,31
147,"I Want to Hold Your Hand",02:27:00,26
148,Titanium,04:05:00,39
149,"Circle of Life",04:52:00,16
150,"Wish You Were Here",05:40:00,10
151,"Yellow Submarine",02:40:00,33
152,"My Way",04:34:00,7
153,"Every Breath You Take",04:13:00,34
154,"Chasing Cars",04:26:00,49
155,"New York, New York",03:20:00,42
156,"What a Wonderful World",02:21:00,14
157,"Let It Go",03:44:00,42
158,"Sweet Child o' Mine",05:56:00,18
159,"Just the Way You Are",03:40:00,15
160,Blackbird,02:18:00,19
161,"Boogie Wonderland",04:47:00,49
162,"A Thousand Years",04:45:00,40
163,"Eye of the Tiger",04:03:00,49
164,"My Heart Will Go On",04:41:00,26
165,"Sound of Silence",03:05:00,33
166,"Wrecking Ball",03:41:00,36
167,"La Bamba",02:45:00,29
168,"Someone Like You",04:45:00,39
169,"Shut Up and Dance",03:19:00,6
170,"Lucy in the Sky with Diamonds",03:28:00,12
171,"Sweet Dreams (Are Made of This)",03:36:00,41
172,"Total Eclipse of the Heart",04:29:00,21
173,Radioactive,03:06:00,29
174,"Sweet Caroline",03:21:00,31
175,"All of Me",04:29:00,19
176,"Man in the Mirror",05:19:00,1
177,"With or Without You",04:56:00,48
178,"Let Her Go",04:12:00,36
179,"Bad Blood",03:32:00,37
180,"Mad World",03:09:00,26
181,"Counting Stars",04:17:00,20
182,Chandelier,03:36:00,18
183,"Born to Run",04:31:00,33
184,"Drops of Jupiter",04:20:00,9
185,Africa,04:55:00,46
186,"The Sound of Music",02:45:00,50
187,"I'll Be There",03:57:00,14
188,"Wind Beneath My Wings",04:54:00,17
189,"Shape of My Heart",04:39:00,45
190,"La La Land",03:08:00,23
191,"Boulevard of Broken Dreams",04:20:00,29
192,Clocks,05:07:00,27
193,"I Want to Hold Your Hand",02:27:00,46
194,Titanium,04:05:00,48
195,"Circle of Life",04:52:00,3
196,"Wish You Were Here",05:40:00,20
197,"Blue Suede Shoes",02:00:00,39
198,"Sweet Caroline",03:21:00,37
199,"I'm Yours",04:02:00,18
200,"I'm a Believer",02:46:00,28
201,"Yellow Submarine",02:40:00,1
202,"My Way",04:34:00,2
203,"Every Breath You Take",04:13:00,3
204,"Chasing Cars",04:26:00,4
205,"New York, New York",03:20:00,5
206,"What a Wonderful World",02:21:00,6
207,"Let It Go",03:44:00,7
208,"Sweet Child o' Mine",05:56:00,8
209,"Just the Way You Are",03:40:00,9
210,Blackbird,02:18:00,10
211,"Boogie Wonderland",04:47:00,11
212,"A Thousand Years",04:45:00,12
213,"Eye of the Tiger",04:03:00,13
214,"My Heart Will Go On",04:41:00,14
215,"Sound of Silence",03:05:00,15
216,"Wrecking Ball",03:41:00,16
217,"La Bamba",02:45:00,17
218,"Someone Like You",04:45:00,18
219,"Shut Up and Dance",03:19:00,19
220,"Lucy in the Sky with Diamonds",03:28:00,20
221,"Sweet Dreams (Are Made of This)",03:36:00,21
222,"Total Eclipse of the Heart",04:29:00,22
223,Radioactive,03:06:00,23
224,"Sweet Caroline",03:21:00,24
225,"All of Me",04:29:00,25
226,"Man in the Mirror",05:19:00,26
227,"With or Without You",04:56:00,27
228,"Let Her Go",04:12:00,28
229,"Bad Blood",03:32:00,29
230,"Mad World",03:09:00,30
231,"Counting Stars",04:17:00,31
232,Chandelier,03:36:00,32
233,"Born to Run",04:31:00,33
234,"Drops of Jupiter",04:20:00,34
235,Africa,04:55:00,35
236,"The Sound of Music",02:45:00,36
237,"I'll Be There",03:57:00,37
238,"Wind Beneath My Wings",04:54:00,38
239,"Shape of My Heart",04:39:00,39
240,"La La Land",03:08:00,40
241,"Boulevard of Broken Dreams",04:20:00,41
242,Clocks,05:07:00,42
243,"I Want to Hold Your Hand",02:27:00,43
244,Titanium,04:05:00,44
245,"Circle of Life",04:52:00,45
246,"Wish You Were Here",05:40:00,46
247,"Blue Suede Shoes",02:00:00,47
248,"Sweet Caroline",03:21:00,48
249,"I'm Yours",04:02:00,49
250,"I'm a Believer",02:46:00,50
