id,UID,email_ID,PID
1,1,integer.eu@yahoo.com,88
2,2,pede.nonummy@protonmail.org,89
3,3,nulla@hotmail.edu,90
4,4,enim.mauris@icloud.edu,91
5,5,euismod.enim.etiam@hotmail.org,92
6,6,sagittis.placerat.cras@hotmail.com,93
7,7,et.lacinia.vitae@aol.ca,94
8,8,ac.mattis@aol.ca,95
9,9,purus.accumsan.interdum@protonmail.com,96
10,10,gravida.sit@outlook.org,97
11,11,fermentum.vel@outlook.ca,98
12,12,nostra@icloud.edu,99
13,13,at.velit.pellentesque@yahoo.couk,100
14,14,maecenas.iaculis@protonmail.couk,101
15,15,quisque@icloud.ca,102
16,16,praesent.eu@outlook.com,103
17,17,leo.in.lobortis@hotmail.edu,104
18,18,a.nunc@protonmail.net,105
19,19,ridiculus@protonmail.couk,106
20,20,egestas.a@icloud.ca,107
21,21,curabitur@icloud.net,108
22,22,cras.dolor@yahoo.couk,109
23,23,pellentesque@aol.net,110
24,24,laoreet.ipsum.curabitur@hotmail.com,111
25,25,mauris.ipsum@icloud.org,112
26,26,purus.accumsan.interdum@outlook.ca,113
27,27,mollis.non@protonmail.edu,114
28,28,amet.consectetuer@yahoo.edu,115
29,29,ac.feugiat@icloud.edu,116
30,30,ullamcorper@protonmail.edu,117
31,31,nulla.interdum@yahoo.com,118
32,32,mollis.integer@yahoo.com,119
33,33,eget.mollis.lectus@hotmail.ca,120
34,34,diam.eu@outlook.edu,121
35,35,proin@protonmail.com,122
36,36,nunc.commodo@google.com,123
37,37,mus@aol.couk,124
38,38,et.malesuada.fames@protonmail.ca,125
39,39,tellus@icloud.net,126
40,40,bibendum.fermentum@google.org,127
41,41,ac@outlook.ca,128
42,42,integer.tincidunt@aol.com,129
43,43,cras.pellentesque@icloud.edu,130
44,44,facilisis@outlook.ca,131
45,45,ridiculus.mus@aol.net,132
46,46,id.enim.curabitur@google.net,133
47,47,odio.sagittis.semper@yahoo.net,134
48,48,sed.molestie@icloud.edu,135
49,49,tincidunt@aol.net,136
50,50,neque.pellentesque.massa@aol.couk,137
51,51,netus@protonmail.com,138
52,52,quis@icloud.ca,139
53,53,purus@google.couk,140
54,54,est.arcu@google.ca,141
55,55,rutrum@yahoo.com,142
56,56,aliquam@protonmail.net,143
57,57,dolor.tempus.non@icloud.edu,144
58,58,mollis.non@aol.ca,145
59,59,eget.laoreet.posuere@hotmail.couk,146
60,60,curabitur.ut@yahoo.net,147
61,61,ut.pharetra@icloud.net,148
62,62,massa.vestibulum.accumsan@hotmail.couk,149
63,63,mi.eleifend.egestas@yahoo.com,150
64,64,pharetra.felis@google.org,151
65,65,dignissim@aol.com,152
66,66,sed.nulla.ante@icloud.ca,153
67,67,nulla.vulputate@protonmail.net,154
68,68,nullam.enim@google.org,155
69,69,vel.convallis@outlook.org,156
70,70,dolor@yahoo.com,157
71,71,vel.mauris@yahoo.edu,158
72,72,tellus.sem.mollis@google.couk,159
73,73,sit@icloud.net,160
74,74,purus@outlook.org,161
75,75,sed.dolor.fusce@icloud.org,162
76,76,integer.mollis@outlook.ca,163
77,77,non.dui@hotmail.ca,164
78,78,ante@yahoo.ca,165
79,79,auctor.vitae@hotmail.net,166
80,80,arcu.eu@yahoo.ca,167
81,81,lobortis.quam@icloud.couk,168
82,82,et.malesuada.fames@icloud.com,169
83,83,egestas.hendrerit.neque@protonmail.org,170
84,84,ut.ipsum@yahoo.couk,171
85,85,id.libero@aol.ca,172
86,86,rutrum@icloud.net,173
87,87,quam.pellentesque@hotmail.edu,174
88,88,dapibus.ligula@hotmail.com,175
89,89,erat.volutpat@google.net,176
90,90,luctus@icloud.couk,177
91,91,pede.nonummy@yahoo.com,178
92,92,lacinia.vitae@yahoo.net,179
93,93,ac@protonmail.net,180
94,94,ligula@aol.com,181
95,95,nullam.scelerisque@aol.couk,182
96,96,ad.litora@aol.net,183
97,97,hendrerit.neque@outlook.ca,184
98,98,mollis.lectus.pede@outlook.ca,185
99,99,tincidunt.aliquam@icloud.edu,186
100,100,aenean.egestas@yahoo.couk,187
101,101,non.dapibus.rutrum@aol.ca,188
102,102,libero@outlook.couk,189
103,103,enim.suspendisse.aliquet@outlook.ca,190
104,104,a@outlook.ca,191
105,105,pharetra.nam@google.com,192
106,106,egestas@icloud.org,193
107,107,magnis.dis@yahoo.couk,194
108,108,vehicula.et@google.org,195
109,109,vitae@yahoo.ca,196
110,110,neque.sed@icloud.net,197
111,111,a.mi.fringilla@protonmail.com,198
112,112,integer.in@icloud.couk,199
113,113,tortor.dictum.eu@outlook.edu,200
114,114,ligula.tortor.dictum@protonmail.org,201
115,115,velit@outlook.ca,202
116,116,tempor@icloud.com,203
117,117,purus.accumsan@outlook.org,204
118,118,fusce.fermentum@outlook.edu,205
119,119,amet.consectetuer@google.edu,206
120,120,morbi.non.sapien@icloud.edu,207
121,121,sagittis@protonmail.ca,208
122,122,vel.turpis.aliquam@hotmail.edu,209
123,123,nunc.sed.libero@hotmail.edu,210
124,124,eget.varius.ultrices@aol.couk,211
125,125,amet@hotmail.couk,212
126,126,ipsum@protonmail.org,213
127,127,sapien.gravida.non@icloud.ca,214
128,128,tempus.mauris@protonmail.net,215
129,129,nibh@hotmail.couk,216
130,130,ac.urna@icloud.com,217
131,131,elit.pede@outlook.org,218
132,132,at.nisi@protonmail.ca,219
133,133,donec.nibh.enim@yahoo.org,220
134,134,nascetur.ridiculus.mus@google.net,221
135,135,erat.etiam.vestibulum@google.ca,222
136,136,nisl@yahoo.com,223
137,137,facilisi.sed.neque@aol.net,224
138,138,mus.proin@google.edu,225
139,139,magna.ut.tincidunt@protonmail.com,226
140,140,eu.tellus@icloud.edu,227
141,141,justo.eu@hotmail.couk,228
142,142,ornare@google.com,229
143,143,nec.diam@icloud.ca,230
144,144,augue.sed@outlook.ca,231
145,145,dapibus.ligula.aliquam@aol.com,232
146,146,dictum@icloud.edu,233
147,147,parturient.montes@protonmail.couk,234
148,148,nec@protonmail.net,235
149,149,orci.quis.lectus@google.org,236
150,150,malesuada@icloud.edu,237
151,151,id@outlook.org,238
152,152,dolor@outlook.com,239
153,153,ante@outlook.net,240
154,154,nunc.sed@protonmail.ca,241
155,155,nisi.dictum@icloud.net,242
156,156,erat@icloud.org,243
157,157,nulla.tincidunt.neque@aol.com,244
158,158,ornare.libero.at@google.org,245
159,159,sapien.aenean.massa@hotmail.com,246
160,160,molestie@icloud.edu,247
161,161,et.tristique@yahoo.com,248
162,162,eu@google.couk,249
163,163,litora.torquent.per@outlook.ca,250
164,164,cras.eget@outlook.edu,251
165,165,magna.sed@aol.com,252
166,166,euismod.ac@google.com,253
167,167,donec.at.arcu@google.org,254
168,168,est.vitae@hotmail.org,255
169,169,amet.faucibus.ut@hotmail.edu,256
170,170,nec.mollis@hotmail.couk,257
171,171,lectus.sit@icloud.net,258
172,172,ipsum.suspendisse.non@aol.org,259
173,173,magna.suspendisse.tristique@hotmail.couk,260
174,174,eget.varius@outlook.ca,261
175,175,in.aliquet@google.couk,262
176,176,duis.a@google.ca,263
177,177,non@yahoo.org,264
178,178,proin.non.massa@yahoo.com,265
179,179,tristique.ac.eleifend@hotmail.ca,266
180,180,mauris.eu@aol.org,267
181,181,fermentum.metus.aenean@aol.com,268
182,182,quisque@google.net,269
183,183,duis.at@protonmail.org,270
184,184,nulla@google.edu,271
185,185,felis.purus.ac@protonmail.com,272
186,186,enim.nec@yahoo.org,273
187,187,elementum.dui@icloud.net,274
188,188,felis.ullamcorper.viverra@google.edu,275
189,189,nonummy.ac@yahoo.couk,276
190,190,mi.enim@icloud.edu,277
191,191,proin.sed@google.couk,278
192,192,risus@icloud.edu,279
193,193,lorem@icloud.edu,280
194,194,ipsum.sodales.purus@aol.ca,281
195,195,semper@icloud.ca,282
196,196,nulla@yahoo.ca,283
197,197,gravida.non.sollicitudin@icloud.org,284
198,198,nunc.mauris.elit@hotmail.com,285
199,199,lorem.luctus.ut@aol.org,286
200,200,ante.bibendum.ullamcorper@yahoo.net,287
201,201,dui.quis@protonmail.couk,288
202,202,nulla.cras@yahoo.ca,289
203,203,hendrerit.id.ante@icloud.com,290
204,204,commodo.auctor@outlook.edu,291
205,205,lacinia.at@google.edu,292
206,206,elit.nulla@icloud.edu,293
207,207,sit.amet@outlook.edu,294
208,208,eget.metus.in@outlook.couk,295
209,209,malesuada.fames.ac@icloud.com,296
210,210,gravida.sagittis.duis@yahoo.com,297
211,211,mattis.semper.dui@protonmail.ca,298
212,212,integer.sem@outlook.com,299
213,213,faucibus.lectus@protonmail.com,300
214,214,mauris@yahoo.net,301
215,215,orci.luctus@protonmail.edu,302
216,216,rutrum.eu.ultrices@aol.net,303
217,217,phasellus.dapibus@protonmail.com,304
218,218,a@icloud.edu,305
219,219,mauris.morbi.non@aol.net,306
220,220,fringilla@hotmail.ca,307
221,221,lorem.ipsum@aol.ca,308
222,222,egestas.aliquam@icloud.org,309
223,223,sollicitudin.commodo@outlook.com,310
224,224,aenean.eget@outlook.couk,311
225,225,non.dui.nec@outlook.com,312
226,226,massa.vestibulum.accumsan@aol.com,313
227,227,dictum.eu.eleifend@yahoo.edu,314
228,228,nunc.sit@google.couk,315
229,229,eu.nulla@google.ca,316
230,230,consequat.auctor@outlook.edu,317
231,231,praesent.eu@google.org,318
232,232,ante.iaculis.nec@yahoo.com,319
233,233,nibh.dolor@hotmail.net,320
234,234,enim.condimentum@yahoo.couk,321
235,235,enim.sed@yahoo.com,322
236,236,velit.eu.sem@hotmail.couk,323
237,237,praesent.eu@protonmail.ca,324
238,238,gravida.sagittis@hotmail.ca,325
239,239,ultricies.adipiscing@hotmail.com,326
240,240,pede.nonummy@aol.ca,327
241,241,amet.ornare.lectus@google.org,328
242,242,praesent.luctus@google.edu,329
243,243,pede.ultrices.a@protonmail.couk,330
244,244,phasellus@outlook.org,331
245,245,libero@yahoo.org,332
246,246,felis.purus@outlook.com,333
247,247,consequat.enim@aol.net,334
248,248,commodo.auctor@yahoo.com,335
249,249,at.libero.morbi@yahoo.ca,336
250,250,suspendisse.sagittis.nullam@google.couk,337
251,251,eget.volutpat@outlook.ca,338
252,252,in.faucibus.morbi@aol.org,339
253,253,blandit@protonmail.edu,340
254,254,nunc.ut@outlook.couk,341
255,255,pede.ultrices.a@hotmail.edu,342
256,256,vestibulum@outlook.com,343
257,257,rhoncus.nullam@outlook.org,344
258,258,venenatis.vel@aol.net,345
259,259,nec.tempus@icloud.org,346
260,260,orci.donec@icloud.net,347
261,261,facilisis.vitae.orci@outlook.couk,348
262,262,urna.nunc.quis@hotmail.org,349
263,263,cursus.vestibulum@icloud.ca,350
264,264,tincidunt.orci.quis@icloud.couk,351
265,265,faucibus@aol.edu,352
266,266,facilisis.lorem.tristique@google.couk,353
267,267,elementum.purus@google.com,354
268,268,augue.sed@icloud.ca,355
269,269,tempus.scelerisque@hotmail.org,356
270,270,suspendisse@protonmail.com,357
271,271,aliquet@hotmail.couk,358
272,272,sit.amet@google.net,359
273,273,in@outlook.couk,360
274,274,est.mollis@protonmail.ca,361
275,275,at@protonmail.edu,362
276,276,morbi@hotmail.edu,363
277,277,nisl@icloud.org,364
278,278,penatibus.et.magnis@icloud.org,365
279,279,phasellus.fermentum@protonmail.edu,366
280,280,facilisis@yahoo.couk,367
281,281,nulla.integer@protonmail.net,368
282,282,nibh.donec@yahoo.couk,369
283,283,pede@outlook.ca,370
284,284,elit@hotmail.ca,371
285,285,auctor.quis.tristique@yahoo.couk,372
286,286,neque.pellentesque@protonmail.couk,373
287,287,fusce.aliquam@protonmail.org,374
288,288,accumsan.convallis@google.net,375
289,289,iaculis.quis@icloud.ca,376
290,290,cursus@outlook.couk,377
291,291,nec@outlook.com,378
292,292,ipsum.cursus@outlook.net,379
293,293,quisque@aol.net,380
294,294,id.enim.curabitur@outlook.couk,381
295,295,sed@outlook.org,382
296,296,sed.eu@aol.couk,383
297,297,morbi.neque@protonmail.org,384
298,298,donec.non@aol.net,385
299,299,posuere.at@aol.net,386
300,300,neque.non@aol.ca,387
301,301,fermentum.fermentum@google.org,388
302,302,posuere.at@aol.ca,389
303,303,risus@icloud.com,390
304,304,ipsum@yahoo.ca,391
305,305,vel@icloud.com,392
306,306,cubilia.curae@yahoo.edu,393
307,307,et.netus@hotmail.org,394
308,308,diam@hotmail.org,395
309,309,fermentum.risus@yahoo.edu,396
310,310,porta.elit@aol.couk,397
311,311,neque.nullam@aol.couk,398
312,312,penatibus.et@outlook.net,399
313,313,nunc.commodo.auctor@hotmail.com,400
314,314,torquent.per.conubia@aol.ca,401
315,315,integer@google.edu,402
316,316,lectus.justo@yahoo.org,403
317,317,molestie.pharetra@yahoo.com,404
318,318,ligula@yahoo.ca,405
319,319,ultrices.duis.volutpat@hotmail.net,406
320,320,vitae.diam@outlook.edu,407
321,321,lorem.ipsum@protonmail.net,408
322,322,nunc.est@outlook.edu,409
323,323,sit.amet@hotmail.couk,410
324,324,et.magnis@protonmail.org,411
325,325,fermentum.arcu.vestibulum@aol.org,412
326,326,aliquet.odio@yahoo.ca,413
327,327,nunc@google.org,414
328,328,arcu.et.pede@outlook.ca,415
329,329,diam.sed.diam@icloud.net,416
330,330,pharetra.quisque@yahoo.ca,417
331,331,est.tempor@aol.org,418
332,332,nunc.mauris@google.couk,419
333,333,purus.in@protonmail.edu,420
334,334,fringilla.purus@outlook.couk,421
335,335,mus.aenean@aol.edu,422
336,336,ac.libero@yahoo.couk,423
337,337,et.magnis.dis@aol.net,424
338,338,interdum@icloud.com,425
339,339,arcu.sed.et@yahoo.couk,426
340,340,lectus.pede@hotmail.ca,427
341,341,erat.in@hotmail.org,428
342,342,sed.diam@google.couk,429
343,343,duis.gravida.praesent@outlook.ca,430
344,344,erat.semper@outlook.ca,431
345,345,sed@hotmail.ca,432
346,346,scelerisque.scelerisque@outlook.org,433
347,347,nisl@google.com,434
348,348,orci.ut@yahoo.net,435
349,349,fermentum.convallis@outlook.com,436
350,350,interdum.curabitur.dictum@icloud.org,437
351,351,augue.porttitor@aol.com,438
352,352,tellus.sem@aol.edu,439
353,353,metus.vitae.velit@yahoo.ca,440
354,354,eu.lacus.quisque@hotmail.ca,441
355,355,tincidunt.dui.augue@icloud.com,442
356,356,mauris.aliquam@icloud.org,443
357,357,a.felis@icloud.edu,444
358,358,nec.urna@icloud.com,445
359,359,lectus.quis@yahoo.edu,446
360,360,vel@google.edu,447
361,361,nec.tempus@outlook.edu,448
362,362,a.aliquet@yahoo.net,449
363,363,inceptos@aol.com,450
